qid,ndcg10,recall10,mrr,word_count,bucket
0,0.1736666713479918,0.16666666666666666,0.3333333333333333,9,2 Medium (5-9 words)
10000,0.33013764944712026,0.2,1.0,8,2 Medium (5-9 words)
10003,0.3436966913921454,0.3,0.5,3,1 Short (<5 words)
10011,0.4779671403625728,0.4,1.0,8,2 Medium (5-9 words)
10027,0.5391870169376466,0.5,1.0,4,1 Short (<5 words)
10031,0.4690000933206748,0.3,1.0,5,2 Medium (5-9 words)
10034,0.5541432109622958,0.4,1.0,5,2 Medium (5-9 words)
10038,0.07336392209936005,0.1,0.14285714285714285,8,2 Medium (5-9 words)
10039,0.6804503724350792,0.6,1.0,6,2 Medium (5-9 words)
10040,0.28952298823485745,0.2,1.0,4,1 Short (<5 words)
10042,0.13886244387355454,0.1,0.5,9,2 Medium (5-9 words)
10057,0.4537425745411855,0.3,1.0,5,2 Medium (5-9 words)
10061,0.48471198902551854,0.4,1.0,4,1 Short (<5 words)
1007,0.4690000933206748,0.3,1.0,4,1 Short (<5 words)
10070,0.2489083270225946,0.2,0.5,6,2 Medium (5-9 words)
10074,0.6399441431116327,0.6,1.0,8,2 Medium (5-9 words)
10075,0.6898286563534621,0.6,1.0,4,1 Short (<5 words)
10079,0.5983950669742499,0.5,1.0,9,2 Medium (5-9 words)
10081,0.31488013066763093,0.2,1.0,4,1 Short (<5 words)
10087,0.3282410109263901,0.4,0.3333333333333333,5,2 Medium (5-9 words)
10088,0.576669299949219,0.6,0.5,8,2 Medium (5-9 words)
10090,0.6168295842361274,0.5,1.0,4,1 Short (<5 words)
10103,0.43231813227099475,0.3,1.0,4,1 Short (<5 words)
10104,0.6082965289412681,0.6,1.0,6,2 Medium (5-9 words)
10114,0.22009176629808017,0.1,1.0,3,1 Short (<5 words)
10116,0.684383072597662,0.6,1.0,7,2 Medium (5-9 words)
10121,0.6867151830982591,0.6,1.0,9,2 Medium (5-9 words)
10142,0.5473983622993502,0.4,1.0,5,2 Medium (5-9 words)
10145,0.42520843362602373,0.3,1.0,4,1 Short (<5 words)
10148,0.0,0.0,0.0,4,1 Short (<5 words)
10150,0.5797827732044221,0.5,1.0,5,2 Medium (5-9 words)
10155,0.6547216238913564,0.6,1.0,8,2 Medium (5-9 words)
10162,0.7183627972686238,0.6,1.0,7,2 Medium (5-9 words)
10165,0.08514311764162098,0.1,0.2,8,2 Medium (5-9 words)
10169,0.3340514446642156,0.3,0.5,7,2 Medium (5-9 words)
10171,0.11004588314904008,0.1,0.3333333333333333,7,2 Medium (5-9 words)
10172,0.3259735800334642,0.2222222222222222,1.0,8,2 Medium (5-9 words)
10174,0.7510916729774053,0.8,1.0,7,2 Medium (5-9 words)
10175,0.3557772116892465,0.3,1.0,4,1 Short (<5 words)
10185,0.30523488393970116,0.2,1.0,6,2 Medium (5-9 words)
10194,0.22466337602289155,0.3,0.25,4,1 Short (<5 words)
10198,0.1681522864689108,0.2,0.25,8,2 Medium (5-9 words)
10203,0.0,0.0,0.0,4,1 Short (<5 words)
10205,0.24618570546556082,0.3,0.25,5,2 Medium (5-9 words)
10209,0.0,0.0,0.0,3,1 Short (<5 words)
10212,0.40807318127129166,0.5,0.3333333333333333,4,1 Short (<5 words)
10217,0.4124497136428909,0.4,0.5,5,2 Medium (5-9 words)
1023,0.3031595321740454,0.4,0.2,11,3 Long (>=10 words)
10230,0.07839826897867533,0.1,0.16666666666666666,7,2 Medium (5-9 words)
10237,0.2984900352767555,0.2,1.0,6,2 Medium (5-9 words)
10242,0.3589542101716347,0.2,1.0,7,2 Medium (5-9 words)
10247,0.3340514446642156,0.3,0.5,6,2 Medium (5-9 words)
10250,0.6136525857537393,0.5,1.0,4,1 Short (<5 words)
10251,0.424926013816671,0.3,1.0,3,1 Short (<5 words)
10253,0.2863459897524692,0.2,1.0,9,2 Medium (5-9 words)
10254,0.6082965289412681,0.5454545454545454,1.0,7,2 Medium (5-9 words)
10257,0.0,0.0,0.0,4,1 Short (<5 words)
10259,0.47674870152787435,0.5,0.5,6,2 Medium (5-9 words)
10271,0.8389574121760602,0.8,1.0,7,2 Medium (5-9 words)
10272,0.70844095012329,0.6,1.0,6,2 Medium (5-9 words)
10276,0.642186726668901,0.5,1.0,4,1 Short (<5 words)
10286,0.06625422345438903,0.1,0.1111111111111111,10,3 Long (>=10 words)
10287,0.33798414482679834,0.4,0.3333333333333333,5,2 Medium (5-9 words)
10291,0.11004588314904008,0.1,0.3333333333333333,4,1 Short (<5 words)
10294,0.21726071285222986,0.2,0.5,4,1 Short (<5 words)
10297,0.6871952210980248,0.6,1.0,12,3 Long (>=10 words)
1030,0.41528076708874123,0.2727272727272727,1.0,11,3 Long (>=10 words)
10301,0.693761356516045,0.6,1.0,14,3 Long (>=10 words)
10306,0.4690000933206748,0.3,1.0,5,2 Medium (5-9 words)
1031,0.06943122193677727,0.09090909090909091,0.125,6,2 Medium (5-9 words)
10314,0.7967610662472993,0.7,1.0,6,2 Medium (5-9 words)
10320,0.37185395737611554,0.3,1.0,5,2 Medium (5-9 words)
10330,0.3589542101716347,0.2,1.0,5,2 Medium (5-9 words)
10331,0.49435723575344825,0.4,1.0,8,2 Medium (5-9 words)
10332,0.33627415762678553,0.2222222222222222,1.0,5,2 Medium (5-9 words)
10333,0.33013764944712026,0.2,1.0,5,2 Medium (5-9 words)
10334,0.477504403208069,0.6,0.3333333333333333,7,2 Medium (5-9 words)
10335,0.5252098581198152,0.6,0.5,5,2 Medium (5-9 words)
10340,0.45449827622138,0.4,1.0,4,1 Short (<5 words)
10342,0.5072380780124418,0.5,0.5,6,2 Medium (5-9 words)
1035,0.22009176629808017,0.1,1.0,8,2 Medium (5-9 words)
10361,0.3714891073940902,0.3,1.0,5,2 Medium (5-9 words)
10366,0.25300146108966737,0.3333333333333333,0.2,4,1 Short (<5 words)
10368,0.6870165078530993,0.6,1.0,6,2 Medium (5-9 words)
10378,0.28371255449703187,0.2,1.0,5,2 Medium (5-9 words)
10380,0.23365080824310533,0.2,0.5,5,2 Medium (5-9 words)
10382,0.3187939258847263,0.3,0.5,5,2 Medium (5-9 words)
10385,0.27848058942730364,0.3,0.5,6,2 Medium (5-9 words)
10398,0.2934556883974402,0.2,1.0,5,2 Medium (5-9 words)
104,0.38363315291837646,0.3,1.0,6,2 Medium (5-9 words)
10401,0.43735247915031,0.3,1.0,5,2 Medium (5-9 words)
10403,0.14465249243306436,0.2,0.16666666666666666,5,2 Medium (5-9 words)
10415,0.2520649403266671,0.3,0.3333333333333333,6,2 Medium (5-9 words)
10416,0.5428183923453893,0.5,1.0,6,2 Medium (5-9 words)
10418,0.684383072597662,0.6,1.0,12,3 Long (>=10 words)
10427,0.5009732673492616,0.4,1.0,6,2 Medium (5-9 words)
10438,0.0,0.0,0.0,5,2 Medium (5-9 words)
1044,0.28952298823485745,0.2,1.0,5,2 Medium (5-9 words)
10444,0.5415879285615245,0.5,1.0,4,1 Short (<5 words)
10449,0.21726071285222986,0.2,0.5,4,1 Short (<5 words)
10451,0.44793214080335986,0.4,1.0,5,2 Medium (5-9 words)
10456,0.5033242827953464,0.4,1.0,4,1 Short (<5 words)
10459,0.4354747455750672,0.4,1.0,7,2 Medium (5-9 words)
10476,0.6780494608112012,0.6,1.0,4,1 Short (<5 words)
1048,0.08514311764162098,0.1,0.2,5,2 Medium (5-9 words)
10486,0.4440973278132557,0.3,1.0,6,2 Medium (5-9 words)
1049,0.39375843764607193,0.2727272727272727,1.0,6,2 Medium (5-9 words)
10490,0.5388856921828065,0.4,1.0,9,2 Medium (5-9 words)
10506,0.23680742154717782,0.3,0.25,5,2 Medium (5-9 words)
1051,0.33013764944712026,0.2,1.0,4,1 Short (<5 words)
10514,0.4537425745411855,0.3,1.0,8,2 Medium (5-9 words)
10515,0.5388856921828065,0.4,1.0,6,2 Medium (5-9 words)
10516,0.3589542101716347,0.2,1.0,8,2 Medium (5-9 words)
10526,0.13886244387355454,0.1,0.5,5,2 Medium (5-9 words)
10527,0.08514311764162098,0.1,0.2,12,3 Long (>=10 words)
10529,0.4537425745411855,0.3,1.0,4,1 Short (<5 words)
10543,0.4472539411173282,0.4,1.0,7,2 Medium (5-9 words)
10552,0.642186726668901,0.5,1.0,8,2 Medium (5-9 words)
10553,0.28371255449703187,0.2,1.0,4,1 Short (<5 words)
10563,0.5423640154200349,0.4,1.0,5,2 Medium (5-9 words)
10573,0.3589542101716347,0.2,1.0,3,1 Short (<5 words)
10574,0.22009176629808017,0.1,1.0,5,2 Medium (5-9 words)
10576,0.5224955967919311,0.4,1.0,7,2 Medium (5-9 words)
10582,0.42367664508731884,0.45454545454545453,0.5,8,2 Medium (5-9 words)
10590,0.6906478832608419,0.6,1.0,5,2 Medium (5-9 words)
10595,0.22009176629808017,0.1,1.0,8,2 Medium (5-9 words)
10596,0.5384313152574521,0.4,1.0,7,2 Medium (5-9 words)
1060,0.41528076708874123,0.3,1.0,7,2 Medium (5-9 words)
10601,0.0,0.0,0.0,3,1 Short (<5 words)
10606,0.6025064803817581,0.5,1.0,4,1 Short (<5 words)
10609,0.22009176629808017,0.1,1.0,5,2 Medium (5-9 words)
10616,0.4697557950008693,0.4,1.0,5,2 Medium (5-9 words)
10618,0.15176219107803537,0.2,0.16666666666666666,7,2 Medium (5-9 words)
1062,0.0,0.0,0.0,7,2 Medium (5-9 words)
10624,0.07839826897867533,0.1,0.16666666666666666,8,2 Medium (5-9 words)
1064,0.42520843362602373,0.3,1.0,6,2 Medium (5-9 words)
10641,0.6122496142821665,0.5,1.0,5,2 Medium (5-9 words)
10651,0.43735247915031,0.3,1.0,4,1 Short (<5 words)
10653,0.3589542101716347,0.2,1.0,6,2 Medium (5-9 words)
10664,0.4690000933206748,0.3,1.0,4,1 Short (<5 words)
10665,0.28371255449703187,0.16666666666666666,1.0,9,2 Medium (5-9 words)
10681,0.2863459897524692,0.2,1.0,4,1 Short (<5 words)
10683,0.6122496142821665,0.5,1.0,5,2 Medium (5-9 words)
10685,0.42838543210841196,0.3,1.0,9,2 Medium (5-9 words)
10692,0.25469837558210445,0.3,0.3333333333333333,8,2 Medium (5-9 words)
10698,0.1681522864689108,0.16666666666666666,0.25,5,2 Medium (5-9 words)
107,0.6300426811446146,0.45454545454545453,1.0,6,2 Medium (5-9 words)
1070,0.3714891073940902,0.3,1.0,6,2 Medium (5-9 words)
10710,0.31691619230948354,0.36363636363636365,0.25,6,2 Medium (5-9 words)
10717,0.33013764944712026,0.2,1.0,5,2 Medium (5-9 words)
10722,0.3340514446642156,0.3,0.5,7,2 Medium (5-9 words)
10728,0.3436966913921454,0.3,0.5,5,2 Medium (5-9 words)
10732,0.33013764944712026,0.2,1.0,5,2 Medium (5-9 words)
10738,0.5769706247040591,0.5,1.0,5,2 Medium (5-9 words)
10739,0.11004588314904008,0.1,0.3333333333333333,5,2 Medium (5-9 words)
10743,0.22009176629808017,0.1,1.0,7,2 Medium (5-9 words)
10746,0.3589542101716347,0.2,1.0,4,1 Short (<5 words)
1075,0.20904936749052638,0.2727272727272727,0.14285714285714285,7,2 Medium (5-9 words)
10754,0.642186726668901,0.5,1.0,6,2 Medium (5-9 words)
10760,0.7125523635307982,0.6,1.0,6,2 Medium (5-9 words)
10761,0.5067837010870873,0.4,1.0,5,2 Medium (5-9 words)
10764,0.09478836436955078,0.1,0.25,6,2 Medium (5-9 words)
10766,0.6207622843987103,0.5,1.0,11,3 Long (>=10 words)
10768,0.4690000933206748,0.3,1.0,5,2 Medium (5-9 words)
10772,0.5384313152574521,0.4,1.0,5,2 Medium (5-9 words)
10774,0.0,0.0,0.0,4,1 Short (<5 words)
1078,0.1681522864689108,0.2,0.25,4,1 Short (<5 words)
10785,0.3589542101716347,0.2,1.0,4,1 Short (<5 words)
10786,0.5637884576902256,0.4,1.0,4,1 Short (<5 words)
10791,0.4818809355796682,0.5,0.5,4,1 Short (<5 words)
108,0.41528076708874123,0.2727272727272727,1.0,5,2 Medium (5-9 words)
10806,0.43735247915031,0.3,1.0,4,1 Short (<5 words)
10811,0.7909506325094737,0.7,1.0,7,2 Medium (5-9 words)
10823,0.6207622843987103,0.5,1.0,4,1 Short (<5 words)
10825,0.3589542101716347,0.2,1.0,4,1 Short (<5 words)
10846,0.09478836436955078,0.1,0.25,3,1 Short (<5 words)
10849,0.47338717040861195,0.4,1.0,6,2 Medium (5-9 words)
10862,0.22009176629808017,0.1,1.0,3,1 Short (<5 words)
10868,0.1731866333482261,0.2,0.25,5,2 Medium (5-9 words)
10870,0.48649183542828267,0.5,0.5,7,2 Medium (5-9 words)
10878,0.06362078819895171,0.1,0.1,6,2 Medium (5-9 words)
10892,0.5224955967919311,0.36363636363636365,1.0,3,1 Short (<5 words)
10897,0.7116179486056782,0.6,1.0,6,2 Medium (5-9 words)
10899,0.13886244387355454,0.1,0.5,4,1 Short (<5 words)
1090,0.0,0.0,0.0,3,1 Short (<5 words)
10912,0.2489083270225946,0.2,0.5,6,2 Medium (5-9 words)
10913,0.40350157154648025,0.17647058823529413,1.0,5,2 Medium (5-9 words)
10922,0.34181895781690264,0.4,0.3333333333333333,5,2 Medium (5-9 words)
10927,0.3312392961638527,0.4,0.3333333333333333,9,2 Medium (5-9 words)
10930,0.8701249883466593,0.8,1.0,4,1 Short (<5 words)
10936,0.5321408435198608,0.4,1.0,7,2 Medium (5-9 words)
10945,0.2984900352767555,0.16666666666666666,1.0,6,2 Medium (5-9 words)
10947,0.22009176629808017,0.1,1.0,5,2 Medium (5-9 words)
1096,0.0,0.0,0.0,5,2 Medium (5-9 words)
10966,0.3647442587311445,0.3,1.0,8,2 Medium (5-9 words)
10977,0.4537425745411855,0.3,1.0,4,1 Short (<5 words)
10979,0.6025064803817581,0.5,1.0,6,2 Medium (5-9 words)
110,0.40002324830925196,0.3,1.0,6,2 Medium (5-9 words)
11004,0.07336392209936005,0.1,0.14285714285714285,7,2 Medium (5-9 words)
11008,0.46664232174566633,0.4,1.0,7,2 Medium (5-9 words)
11013,0.9216017310213247,0.9,1.0,6,2 Medium (5-9 words)
1102,0.3845937724137609,0.4,0.5,6,2 Medium (5-9 words)
11025,0.2984900352767555,0.2,1.0,7,2 Medium (5-9 words)
11028,0.6371523797895856,0.5,1.0,4,1 Short (<5 words)
11032,0.13886244387355454,0.1,0.5,5,2 Medium (5-9 words)
11033,0.0,0.0,0.0,7,2 Medium (5-9 words)
11036,0.0,0.0,0.0,7,2 Medium (5-9 words)
11041,0.07839826897867533,0.1,0.16666666666666666,4,1 Short (<5 words)
11044,0.5224955967919311,0.4,1.0,5,2 Medium (5-9 words)
11055,0.5473983622993502,0.4,1.0,5,2 Medium (5-9 words)
1106,0.8603818544462509,0.8,1.0,13,3 Long (>=10 words)
11069,0.09478836436955078,0.1,0.25,5,2 Medium (5-9 words)
11075,0.22009176629808017,0.1,1.0,9,2 Medium (5-9 words)
11081,0.3589542101716347,0.2,1.0,6,2 Medium (5-9 words)
11082,0.22009176629808017,0.1,1.0,7,2 Medium (5-9 words)
11084,0.31488013066763093,0.2,1.0,5,2 Medium (5-9 words)
11093,0.6141069626790936,0.6,1.0,10,3 Long (>=10 words)
11095,0.33013764944712026,0.2,1.0,10,3 Long (>=10 words)
11108,0.7133080652109929,0.5833333333333334,1.0,4,1 Short (<5 words)
11115,0.2934556883974402,0.2,1.0,5,2 Medium (5-9 words)
11116,0.14279514403613733,0.2,0.14285714285714285,4,1 Short (<5 words)
11117,0.0,0.0,0.0,4,1 Short (<5 words)
11119,0.5637884576902256,0.4,1.0,6,2 Medium (5-9 words)
11121,0.5067837010870873,0.4,1.0,5,2 Medium (5-9 words)
11129,0.2934556883974402,0.2,1.0,6,2 Medium (5-9 words)
1113,0.45447937127589266,0.5,0.5,7,2 Medium (5-9 words)
11140,0.5100691314582919,0.4,1.0,9,2 Medium (5-9 words)
11146,0.5473983622993502,0.4,1.0,4,1 Short (<5 words)
11151,0.08514311764162098,0.1,0.2,5,2 Medium (5-9 words)
11154,0.4440973278132557,0.3,1.0,3,1 Short (<5 words)
11161,0.3589542101716347,0.2,1.0,6,2 Medium (5-9 words)
11164,0.3436966913921454,0.3,0.5,4,1 Short (<5 words)
11166,0.31488013066763093,0.2,1.0,5,2 Medium (5-9 words)
11171,0.4818809355796682,0.5,0.5,6,2 Medium (5-9 words)
11179,0.6547216238913564,0.6,1.0,7,2 Medium (5-9 words)
11183,0.5541432109622958,0.4,1.0,4,1 Short (<5 words)
11188,0.6300426811446146,0.5,1.0,5,2 Medium (5-9 words)
11193,0.13698471029831175,0.2,0.14285714285714285,3,1 Short (<5 words)
11198,0.42520843362602373,0.3,1.0,7,2 Medium (5-9 words)
112,0.5829393865084944,0.5454545454545454,1.0,9,2 Medium (5-9 words)
11200,0.0,0.0,0.0,3,1 Short (<5 words)
11204,0.6785038377365556,0.6,1.0,8,2 Medium (5-9 words)
11208,0.46035860613699886,0.5,0.5,4,1 Short (<5 words)
11210,0.47338717040861195,0.4,1.0,4,1 Short (<5 words)
11213,0.467122359745432,0.4,1.0,4,1 Short (<5 words)
11220,0.30701473034246535,0.3,0.5,6,2 Medium (5-9 words)
11226,0.3932783996463063,0.3,1.0,4,1 Short (<5 words)
11229,0.43231813227099475,0.3,1.0,5,2 Medium (5-9 words)
11230,0.0,0.0,0.0,3,1 Short (<5 words)
11235,0.7183627972686238,0.6,1.0,6,2 Medium (5-9 words)
11237,0.13886244387355454,0.1,0.5,4,1 Short (<5 words)
11239,0.4537425745411855,0.3,1.0,5,2 Medium (5-9 words)
1124,0.11004588314904008,0.1,0.3333333333333333,5,2 Medium (5-9 words)
11246,0.21222636597291458,0.2,0.5,6,2 Medium (5-9 words)
11247,0.41320541532308547,0.5,0.3333333333333333,7,2 Medium (5-9 words)
11251,0.6461194268314837,0.6,1.0,9,2 Medium (5-9 words)
11257,0.06943122193677727,0.1,0.125,5,2 Medium (5-9 words)
11266,0.3589542101716347,0.18181818181818182,1.0,5,2 Medium (5-9 words)
11273,0.5473983622993502,0.4,1.0,5,2 Medium (5-9 words)
11277,0.5522654773870531,0.5,1.0,8,2 Medium (5-9 words)
1128,0.4440973278132557,0.3,1.0,6,2 Medium (5-9 words)
11282,0.43735247915031,0.3,1.0,8,2 Medium (5-9 words)
11289,0.11004588314904008,0.1,0.3333333333333333,5,2 Medium (5-9 words)
11290,0.06362078819895171,0.1,0.1,4,1 Short (<5 words)
1130,0.22009176629808017,0.09090909090909091,1.0,6,2 Medium (5-9 words)
11305,0.07839826897867533,0.1,0.16666666666666666,4,1 Short (<5 words)
11306,0.48864468918810133,0.4,1.0,5,2 Medium (5-9 words)
11318,0.388244052766991,0.3,1.0,4,1 Short (<5 words)
11319,0.6911279212606076,0.6,1.0,6,2 Medium (5-9 words)
1133,0.22009176629808017,0.1,1.0,8,2 Medium (5-9 words)
11335,0.22009176629808017,0.1,1.0,6,2 Medium (5-9 words)
11353,0.20483424751859086,0.2,0.3333333333333333,5,2 Medium (5-9 words)
11358,0.6207622843987103,0.5,1.0,5,2 Medium (5-9 words)
1136,0.424926013816671,0.2727272727272727,1.0,6,2 Medium (5-9 words)
11360,0.0,0.0,0.0,4,1 Short (<5 words)
11363,0.40995091484653445,0.4,0.5,5,2 Medium (5-9 words)
11368,0.5887498202463202,0.45454545454545453,1.0,6,2 Medium (5-9 words)
11369,0.5541432109622958,0.4,1.0,7,2 Medium (5-9 words)
11371,0.07839826897867533,0.1,0.16666666666666666,4,1 Short (<5 words)
1138,0.1635413866202963,0.18181818181818182,0.2,3,1 Short (<5 words)
1140,0.3995688713838975,0.2727272727272727,1.0,10,3 Long (>=10 words)
11401,0.28952298823485745,0.2,1.0,7,2 Medium (5-9 words)
11410,0.2082936658103318,0.2,0.5,5,2 Medium (5-9 words)
11411,0.43735247915031,0.3,1.0,5,2 Medium (5-9 words)
11414,0.06362078819895171,0.1,0.1,6,2 Medium (5-9 words)
11415,0.800693766409882,0.7,1.0,6,2 Medium (5-9 words)
11417,0.13568544539116628,0.2,0.125,5,2 Medium (5-9 words)
11418,0.09478836436955078,0.1,0.25,3,1 Short (<5 words)
1143,0.33013764944712026,0.2,1.0,4,1 Short (<5 words)
1144,0.17993148201117176,0.18181818181818182,0.25,10,3 Long (>=10 words)
11443,0.22009176629808017,0.1,1.0,4,1 Short (<5 words)
11456,0.22009176629808017,0.1,1.0,5,2 Medium (5-9 words)
11457,0.424926013816671,0.3,1.0,4,1 Short (<5 words)
11469,0.22466337602289155,0.3,0.25,7,2 Medium (5-9 words)
11473,0.5894280199323518,0.5,1.0,4,1 Short (<5 words)
11476,0.2934556883974402,0.2,1.0,6,2 Medium (5-9 words)
11479,0.6429424283490954,0.6,1.0,4,1 Short (<5 words)
1148,0.6015720654566381,0.5,1.0,4,1 Short (<5 words)
11488,0.5965377185773229,0.5,1.0,6,2 Medium (5-9 words)
11489,0.5388856921828065,0.4,1.0,6,2 Medium (5-9 words)
11503,0.36885567213865283,0.3,1.0,9,2 Medium (5-9 words)
11507,0.43231813227099475,0.3,1.0,5,2 Medium (5-9 words)
1151,0.750637296052051,0.7,1.0,6,2 Medium (5-9 words)
11514,0.15176219107803537,0.2,0.16666666666666666,4,1 Short (<5 words)
11515,0.07336392209936005,0.1,0.14285714285714285,4,1 Short (<5 words)
11521,0.8701249883466593,0.8,1.0,8,2 Medium (5-9 words)
11522,0.4690000933206748,0.3,1.0,5,2 Medium (5-9 words)
11524,0.31488013066763093,0.2,1.0,9,2 Medium (5-9 words)
1153,0.23177307466786254,0.3,0.25,5,2 Medium (5-9 words)
11542,0.0,0.0,0.0,11,3 Long (>=10 words)
11546,0.13886244387355454,0.1,0.5,4,1 Short (<5 words)
11547,0.4440973278132557,0.3,1.0,4,1 Short (<5 words)
11549,0.5868924718493931,0.5,1.0,4,1 Short (<5 words)
11557,0.3995688713838975,0.3,1.0,5,2 Medium (5-9 words)
11559,0.2984900352767555,0.2,1.0,6,2 Medium (5-9 words)
11561,0.44793214080335986,0.4,1.0,8,2 Medium (5-9 words)
11563,0.4636440365082036,0.4,1.0,3,1 Short (<5 words)
11566,0.07336392209936005,0.1,0.14285714285714285,11,3 Long (>=10 words)
11570,0.6830838076905166,0.6,1.0,5,2 Medium (5-9 words)
11579,0.6898286563534621,0.6,1.0,5,2 Medium (5-9 words)
11580,0.17630010660342912,0.2,0.3333333333333333,6,2 Medium (5-9 words)
11583,0.09092803061897883,0.1111111111111111,0.2,6,2 Medium (5-9 words)
11597,0.4690000933206748,0.3,1.0,5,2 Medium (5-9 words)
11598,0.0,0.0,0.0,3,1 Short (<5 words)
11609,0.6177639991612475,0.5,1.0,12,3 Long (>=10 words)
11610,0.6046855387118412,0.5,1.0,4,1 Short (<5 words)
11611,0.31488013066763093,0.2,1.0,4,1 Short (<5 words)
11613,0.7289115290270202,0.7,1.0,10,3 Long (>=10 words)
11624,0.6332196796270029,0.5,1.0,6,2 Medium (5-9 words)
11625,0.49435723575344825,0.4,1.0,4,1 Short (<5 words)
1163,0.43231813227099475,0.3,1.0,7,2 Medium (5-9 words)
11642,0.28838205139432177,0.4,0.2,5,2 Medium (5-9 words)
11643,0.14465249243306436,0.2,0.16666666666666666,8,2 Medium (5-9 words)
11655,0.6207622843987103,0.5,1.0,7,2 Medium (5-9 words)
11660,0.6936634693435663,0.6,1.0,3,1 Short (<5 words)
11663,0.5868924718493931,0.5,1.0,5,2 Medium (5-9 words)
11664,0.28952298823485745,0.2,1.0,6,2 Medium (5-9 words)
11666,0.48649183542828267,0.5,0.5,4,1 Short (<5 words)
11668,0.4690000933206748,0.3,1.0,7,2 Medium (5-9 words)
11669,0.42520843362602373,0.3,1.0,4,1 Short (<5 words)
11670,0.33013764944712026,0.2,1.0,5,2 Medium (5-9 words)
11672,0.4341754806679218,0.4,1.0,8,2 Medium (5-9 words)
11680,0.5352543167750639,0.4,1.0,8,2 Medium (5-9 words)
11683,0.4440973278132557,0.3,1.0,5,2 Medium (5-9 words)
11698,0.2934556883974402,0.2,1.0,4,1 Short (<5 words)
11703,0.6025064803817581,0.5,1.0,4,1 Short (<5 words)
11709,0.5580759111248786,0.5,1.0,4,1 Short (<5 words)
1172,0.06362078819895171,0.1,0.1,4,1 Short (<5 words)
11736,0.3570764765963919,0.3,1.0,6,2 Medium (5-9 words)
11739,0.3589542101716347,0.2,1.0,6,2 Medium (5-9 words)
11745,0.2863459897524692,0.2,1.0,8,2 Medium (5-9 words)
11748,0.715550648768261,0.6,1.0,6,2 Medium (5-9 words)
11753,0.4537425745411855,0.3,1.0,4,1 Short (<5 words)
11755,0.09478836436955078,0.1,0.25,4,1 Short (<5 words)
11766,0.5033242827953464,0.4,1.0,6,2 Medium (5-9 words)
11769,0.19518900079066107,0.2,0.3333333333333333,5,2 Medium (5-9 words)
11770,0.5455206287241073,0.5,1.0,4,1 Short (<5 words)
11787,0.0,0.0,0.0,3,1 Short (<5 words)
11789,0.7183627972686238,0.6,1.0,8,2 Medium (5-9 words)
11791,0.2735872697693364,0.3,0.3333333333333333,5,2 Medium (5-9 words)
118,0.0,0.0,0.0,4,1 Short (<5 words)
11807,0.6051399156371955,0.5,1.0,5,2 Medium (5-9 words)
11810,0.37185395737611554,0.3,1.0,5,2 Medium (5-9 words)
11821,0.6898286563534621,0.6,1.0,7,2 Medium (5-9 words)
11828,0.13698471029831175,0.2,0.14285714285714285,8,2 Medium (5-9 words)
11831,0.42520843362602373,0.3,1.0,4,1 Short (<5 words)
11836,0.2735872697693364,0.3,0.3333333333333333,7,2 Medium (5-9 words)
1185,0.13886244387355454,0.1,0.5,4,1 Short (<5 words)
11851,0.13568544539116628,0.14285714285714285,0.125,4,1 Short (<5 words)
11852,0.4697557950008693,0.4,1.0,4,1 Short (<5 words)
11857,0.2578753740644926,0.3,0.3333333333333333,7,2 Medium (5-9 words)
11860,0.32730659600126993,0.3,0.5,7,2 Medium (5-9 words)
11871,0.4288398090337664,0.4,0.5,9,2 Medium (5-9 words)
11873,0.0,0.0,0.0,6,2 Medium (5-9 words)
11874,0.0,0.0,0.0,5,2 Medium (5-9 words)
11876,0.14279514403613733,0.2,0.14285714285714285,5,2 Medium (5-9 words)
11882,0.11004588314904008,0.1,0.3333333333333333,4,1 Short (<5 words)
11902,0.0,0.0,0.0,5,2 Medium (5-9 words)
11905,0.23944085680261515,0.3,0.25,5,2 Medium (5-9 words)
11909,0.48864468918810133,0.4,1.0,5,2 Medium (5-9 words)
11911,0.5263304097820353,0.5,1.0,5,2 Medium (5-9 words)
11916,0.7116179486056782,0.6,1.0,6,2 Medium (5-9 words)
11918,0.5326208815196265,0.4,1.0,11,3 Long (>=10 words)
11920,0.5231737964779628,0.4,1.0,5,2 Medium (5-9 words)
11922,0.494639655562801,0.4,1.0,6,2 Medium (5-9 words)
11931,0.7411902110103873,0.7,1.0,6,2 Medium (5-9 words)
11935,0.33013764944712026,0.2,1.0,3,1 Short (<5 words)
1194,0.42838543210841196,0.3,1.0,4,1 Short (<5 words)
11942,0.2934556883974402,0.2,1.0,5,2 Medium (5-9 words)
11957,0.6621137423456802,0.6,1.0,4,1 Short (<5 words)
11964,0.33013764944712026,0.2,1.0,6,2 Medium (5-9 words)
1197,0.0,0.0,0.0,5,2 Medium (5-9 words)
11975,0.77523873680463,0.7,1.0,7,2 Medium (5-9 words)
1198,0.5388856921828065,0.4,1.0,5,2 Medium (5-9 words)
11984,0.21222636597291458,0.2,0.5,4,1 Short (<5 words)
11992,0.2051166673279436,0.2,0.5,6,2 Medium (5-9 words)
11993,0.4537425745411855,0.3,1.0,5,2 Medium (5-9 words)
11997,0.3787833386759354,0.4,0.5,4,1 Short (<5 words)
12009,0.6020521034564038,0.5,1.0,10,3 Long (>=10 words)
12011,0.0,0.0,0.0,7,2 Medium (5-9 words)
12012,0.0,0.0,0.0,7,2 Medium (5-9 words)
12014,0.5637884576902256,0.4,1.0,6,2 Medium (5-9 words)
12017,0.448668937538067,0.45454545454545453,0.5,4,1 Short (<5 words)
12022,0.4779671403625728,0.4,1.0,7,2 Medium (5-9 words)
12034,0.0,0.0,0.0,5,2 Medium (5-9 words)
12037,0.491526182307598,0.45454545454545453,0.5,7,2 Medium (5-9 words)
12041,0.5231737964779628,0.4,1.0,4,1 Short (<5 words)
12051,0.3679212572135327,0.3,1.0,6,2 Medium (5-9 words)
12057,0.22009176629808017,0.1,1.0,5,2 Medium (5-9 words)
12063,0.0,0.0,0.0,3,1 Short (<5 words)
12066,0.13886244387355454,0.1,0.5,5,2 Medium (5-9 words)
1207,0.08514311764162098,0.1,0.2,5,2 Medium (5-9 words)
12082,0.2781981696179509,0.3,0.3333333333333333,4,1 Short (<5 words)
12094,0.06362078819895171,0.1,0.1,4,1 Short (<5 words)
12104,0.5541432109622958,0.4,1.0,4,1 Short (<5 words)
12116,0.22009176629808017,0.1,1.0,5,2 Medium (5-9 words)
12129,0.07839826897867533,0.1,0.16666666666666666,4,1 Short (<5 words)
12138,0.6172839611614819,0.5,1.0,4,1 Short (<5 words)
12139,0.3589542101716347,0.2,1.0,9,2 Medium (5-9 words)
12151,0.5067837010870873,0.4,1.0,5,2 Medium (5-9 words)
12157,0.22009176629808017,0.1,1.0,6,2 Medium (5-9 words)
12160,0.6968404678259545,0.6,1.0,6,2 Medium (5-9 words)
12162,0.13886244387355454,0.1,0.5,7,2 Medium (5-9 words)
12165,0.20827328063201608,0.3,0.16666666666666666,8,2 Medium (5-9 words)
12166,0.37185395737611554,0.3,1.0,8,2 Medium (5-9 words)
12169,0.627507133061656,0.5,1.0,6,2 Medium (5-9 words)
12172,0.4690000933206748,0.3,1.0,7,2 Medium (5-9 words)
12174,0.36211082347570717,0.3,1.0,10,3 Long (>=10 words)
12184,0.388244052766991,0.3,1.0,4,1 Short (<5 words)
12196,0.2863459897524692,0.2,1.0,6,2 Medium (5-9 words)
12203,0.7720617383222417,0.7,1.0,5,2 Medium (5-9 words)
12204,0.866947989864271,0.8,1.0,6,2 Medium (5-9 words)
12205,0.11004588314904008,0.1,0.3333333333333333,14,3 Long (>=10 words)
12209,0.0,0.0,0.0,3,1 Short (<5 words)
12213,0.5033242827953464,0.4,1.0,4,1 Short (<5 words)
12220,0.3499667779514209,0.3,1.0,7,2 Medium (5-9 words)
12221,0.2583297509898471,0.3,0.25,12,3 Long (>=10 words)
12224,0.23297260855707355,0.3,0.2,5,2 Medium (5-9 words)
12225,0.5033242827953464,0.4,1.0,7,2 Medium (5-9 words)
12226,0.17947710508581735,0.2,0.3333333333333333,6,2 Medium (5-9 words)
12234,0.727329844310522,0.6,1.0,9,2 Medium (5-9 words)
12246,0.2051166673279436,0.2,0.5,7,2 Medium (5-9 words)
12249,0.3589542101716347,0.2,1.0,5,2 Medium (5-9 words)
1225,0.1610425878239398,0.2,0.25,4,1 Short (<5 words)
12259,0.31204907722178066,0.3,0.5,4,1 Short (<5 words)
12260,0.627507133061656,0.5,1.0,4,1 Short (<5 words)
12266,0.5077181160122074,0.4,1.0,4,1 Short (<5 words)
1227,0.6274092458891772,0.5,1.0,4,1 Short (<5 words)
12279,0.22009176629808017,0.1,1.0,3,1 Short (<5 words)
12282,0.38363315291837646,0.3,1.0,4,1 Short (<5 words)
12285,0.43629323812092147,0.3333333333333333,1.0,6,2 Medium (5-9 words)
12293,0.5541432109622958,0.4,1.0,5,2 Medium (5-9 words)
12295,0.6437684113853992,0.6,1.0,4,1 Short (<5 words)
12296,0.22009176629808017,0.1,1.0,8,2 Medium (5-9 words)
12298,0.0,0.0,0.0,5,2 Medium (5-9 words)
12314,0.3187939258847263,0.3,0.5,5,2 Medium (5-9 words)
12320,0.42257499837058643,0.3,1.0,10,3 Long (>=10 words)
12329,0.4690000933206748,0.3,1.0,4,1 Short (<5 words)
12333,0.39375843764607193,0.3,1.0,6,2 Medium (5-9 words)
12335,0.5174612499126158,0.4,1.0,6,2 Medium (5-9 words)
12340,0.21222636597291458,0.2,0.5,6,2 Medium (5-9 words)
12347,0.4440973278132557,0.3,1.0,5,2 Medium (5-9 words)
12349,0.06625422345438903,0.1,0.1111111111111111,5,2 Medium (5-9 words)
1235,0.0,0.0,0.0,3,1 Short (<5 words)
12351,0.5919268187287083,0.5,1.0,5,2 Medium (5-9 words)
12356,0.2934556883974402,0.2,1.0,6,2 Medium (5-9 words)
12359,0.0,0.0,0.0,12,3 Long (>=10 words)
12366,0.35970991185182927,0.3,1.0,9,2 Medium (5-9 words)
12369,0.5473983622993502,0.4,1.0,6,2 Medium (5-9 words)
1237,0.6489315753318465,0.45454545454545453,1.0,7,2 Medium (5-9 words)
12373,0.30523488393970116,0.2,1.0,5,2 Medium (5-9 words)
12379,0.1884441521277154,0.2,0.3333333333333333,6,2 Medium (5-9 words)
1238,0.2999050316974944,0.2727272727272727,0.5,4,1 Short (<5 words)
12384,0.5884674004369673,0.5,1.0,6,2 Medium (5-9 words)
1239,0.33013764944712026,0.2,1.0,4,1 Short (<5 words)
12392,0.06625422345438903,0.1,0.1111111111111111,9,2 Medium (5-9 words)
12394,0.6122496142821665,0.5,1.0,5,2 Medium (5-9 words)
12399,0.3222722491219547,0.25,0.5,3,1 Short (<5 words)
1240,0.46001266110046096,0.36363636363636365,1.0,3,1 Short (<5 words)
12415,0.5801476231864474,0.5,1.0,8,2 Medium (5-9 words)
1244,0.0,0.0,0.0,6,2 Medium (5-9 words)
12440,0.22009176629808017,0.1,1.0,4,1 Short (<5 words)
1245,0.2984900352767555,0.2,1.0,4,1 Short (<5 words)
12454,0.22009176629808017,0.1,1.0,4,1 Short (<5 words)
12455,0.3843113526044082,0.3,1.0,3,1 Short (<5 words)
12459,0.557780405761987,0.6,0.5,5,2 Medium (5-9 words)
1247,0.06362078819895171,0.1,0.1,5,2 Medium (5-9 words)
12472,0.3594085870969891,0.4,0.3333333333333333,4,1 Short (<5 words)
12480,0.4553242592576836,0.5,0.5,4,1 Short (<5 words)
12481,0.456899187845258,0.4,1.0,6,2 Medium (5-9 words)
12482,0.42520843362602373,0.3,1.0,7,2 Medium (5-9 words)
12488,0.31204907722178066,0.3,0.5,9,2 Medium (5-9 words)
125,0.6816808362189438,0.6,1.0,9,2 Medium (5-9 words)
12500,0.3589542101716347,0.2,1.0,9,2 Medium (5-9 words)
12509,0.49435723575344825,0.4,1.0,5,2 Medium (5-9 words)
1251,0.6207622843987103,0.45454545454545453,1.0,6,2 Medium (5-9 words)
12510,0.2710884709729799,0.3,0.3333333333333333,4,1 Short (<5 words)
12519,0.08514311764162098,0.1,0.2,7,2 Medium (5-9 words)
1252,0.6311443278613471,0.7,0.5,5,2 Medium (5-9 words)
12524,0.2051166673279436,0.2,0.5,4,1 Short (<5 words)
12526,0.33013764944712026,0.2,1.0,5,2 Medium (5-9 words)
1253,0.5884674004369673,0.5,1.0,7,2 Medium (5-9 words)
12530,0.20248323207250624,0.2,0.5,7,2 Medium (5-9 words)
12535,0.2934556883974402,0.2,1.0,5,2 Medium (5-9 words)
12536,0.5861163849908828,0.5,1.0,4,1 Short (<5 words)
12540,0.42520843362602373,0.3,1.0,5,2 Medium (5-9 words)
12545,0.20483424751859086,0.2,0.3333333333333333,4,1 Short (<5 words)
12553,0.48153499054313026,0.4,1.0,8,2 Medium (5-9 words)
12556,0.07839826897867533,0.1,0.16666666666666666,3,1 Short (<5 words)
12560,0.22009176629808017,0.1,1.0,7,2 Medium (5-9 words)
12563,0.4690000933206748,0.3,1.0,8,2 Medium (5-9 words)
12571,0.3843113526044082,0.3,1.0,5,2 Medium (5-9 words)
12572,0.3436966913921454,0.3,0.5,5,2 Medium (5-9 words)
12574,0.7529694065526482,0.7,1.0,5,2 Medium (5-9 words)
1258,0.424926013816671,0.3,1.0,4,1 Short (<5 words)
12597,0.5766882048947064,0.45454545454545453,1.0,5,2 Medium (5-9 words)
126,0.4537425745411855,0.3,1.0,10,3 Long (>=10 words)
12605,0.38589303732090635,0.4,0.5,5,2 Medium (5-9 words)
12607,0.38541299932114065,0.2857142857142857,0.5,8,2 Medium (5-9 words)
12615,0.5357086937004182,0.45454545454545453,1.0,9,2 Medium (5-9 words)
12625,0.46392645631755636,0.5,0.5,6,2 Medium (5-9 words)
12643,0.13886244387355454,0.1,0.5,4,1 Short (<5 words)
12646,0.3995688713838975,0.3,1.0,4,1 Short (<5 words)
12649,0.06943122193677727,0.1,0.125,8,2 Medium (5-9 words)
12651,0.37185395737611554,0.3,1.0,5,2 Medium (5-9 words)
12655,0.42333070005078094,0.4,1.0,11,3 Long (>=10 words)
12657,0.5792140711633723,0.4444444444444444,1.0,4,1 Short (<5 words)
12660,0.6687607038361472,0.6,1.0,5,2 Medium (5-9 words)
12665,0.6274092458891772,0.5,1.0,8,2 Medium (5-9 words)
12669,0.424926013816671,0.3,1.0,6,2 Medium (5-9 words)
12670,0.16421958630632802,0.2,0.25,8,2 Medium (5-9 words)
12671,0.41528076708874123,0.3,1.0,6,2 Medium (5-9 words)
12672,0.0,0.0,0.0,6,2 Medium (5-9 words)
12680,0.20483424751859086,0.2,0.3333333333333333,5,2 Medium (5-9 words)
12692,0.22009176629808017,0.1,1.0,4,1 Short (<5 words)
1270,0.49828993591603105,0.4,1.0,4,1 Short (<5 words)
12705,0.06362078819895171,0.07692307692307693,0.1,8,2 Medium (5-9 words)
12709,0.6207622843987103,0.5,1.0,8,2 Medium (5-9 words)
12712,0.7183627972686238,0.6,1.0,5,2 Medium (5-9 words)
12714,0.2082936658103318,0.2,0.5,4,1 Short (<5 words)
12720,0.31833954895937183,0.3,0.5,6,2 Medium (5-9 words)
12721,0.13886244387355454,0.1,0.5,7,2 Medium (5-9 words)
12723,0.29727159644205703,0.3,0.5,6,2 Medium (5-9 words)
12727,0.5684579545875155,0.6,0.5,10,3 Long (>=10 words)
12729,0.21726071285222986,0.2,0.5,6,2 Medium (5-9 words)
12730,0.2082936658103318,0.2,0.5,6,2 Medium (5-9 words)
12739,0.08514311764162098,0.1,0.2,7,2 Medium (5-9 words)
12754,0.22400556151517553,0.2,0.5,4,1 Short (<5 words)
12755,0.20248323207250624,0.2,0.5,6,2 Medium (5-9 words)
12758,0.27454788926472085,0.3,0.5,6,2 Medium (5-9 words)
12764,0.6325414799409712,0.5,1.0,5,2 Medium (5-9 words)
12782,0.5541432109622958,0.4,1.0,4,1 Short (<5 words)
12784,0.13568544539116628,0.2,0.125,5,2 Medium (5-9 words)
12787,0.28371255449703187,0.2,1.0,4,1 Short (<5 words)
12790,0.4690000933206748,0.3,1.0,5,2 Medium (5-9 words)
12793,0.2489083270225946,0.2,0.5,5,2 Medium (5-9 words)
12804,0.4697368900553819,0.5,0.5,4,1 Short (<5 words)
1281,0.17947710508581735,0.2,0.3333333333333333,8,2 Medium (5-9 words)
1282,0.3679212572135327,0.2727272727272727,1.0,3,1 Short (<5 words)
12821,0.48649183542828267,0.4166666666666667,0.5,6,2 Medium (5-9 words)
12829,0.11004588314904008,0.1,0.3333333333333333,4,1 Short (<5 words)
12836,0.6652907408280685,0.6,1.0,4,1 Short (<5 words)
1284,0.07336392209936005,0.09090909090909091,0.14285714285714285,5,2 Medium (5-9 words)
12841,0.0,0.0,0.0,5,2 Medium (5-9 words)
12842,0.48649183542828267,0.5,0.5,8,2 Medium (5-9 words)
12849,0.5925846332364244,0.6,1.0,8,2 Medium (5-9 words)
12866,0.33013764944712026,0.2,1.0,7,2 Medium (5-9 words)
12875,0.6117952373568122,0.5,1.0,6,2 Medium (5-9 words)
1288,0.42520843362602373,0.2727272727272727,1.0,4,1 Short (<5 words)
12880,0.6332196796270029,0.5,1.0,4,1 Short (<5 words)
12889,0.45186484096594276,0.4,1.0,4,1 Short (<5 words)
12898,0.0,0.0,0.0,5,2 Medium (5-9 words)
12902,0.4662774717636409,0.4,1.0,11,3 Long (>=10 words)
12910,0.7600791051976192,0.7,1.0,5,2 Medium (5-9 words)
12918,0.33013764944712026,0.2,1.0,7,2 Medium (5-9 words)
12920,0.3479118113640809,0.4,0.5,3,1 Short (<5 words)
12921,0.52129606290272,0.5,1.0,4,1 Short (<5 words)
1293,0.37566986542073233,0.4,0.5,6,2 Medium (5-9 words)
12939,0.0,0.0,0.0,8,2 Medium (5-9 words)
12944,0.11004588314904008,0.1,0.3333333333333333,6,2 Medium (5-9 words)
12947,0.28952298823485745,0.2,1.0,4,1 Short (<5 words)
12949,0.3589542101716347,0.2,1.0,6,2 Medium (5-9 words)
1296,0.6489315753318465,0.5,1.0,5,2 Medium (5-9 words)
12963,0.48471198902551854,0.4,1.0,3,1 Short (<5 words)
12967,0.5100691314582919,0.4,1.0,8,2 Medium (5-9 words)
12971,0.4950940324881554,0.38461538461538464,0.5,11,3 Long (>=10 words)
1298,0.4569970750177365,0.4,1.0,11,3 Long (>=10 words)
12982,0.5033242827953464,0.4,1.0,4,1 Short (<5 words)
12983,0.43735247915031,0.3,1.0,5,2 Medium (5-9 words)
12987,0.5181190644203317,0.5,1.0,5,2 Medium (5-9 words)
13005,0.28371255449703187,0.2,1.0,4,1 Short (<5 words)
13011,0.42838543210841196,0.3,1.0,8,2 Medium (5-9 words)
13013,0.7917267193679839,0.7,1.0,4,1 Short (<5 words)
13018,0.5637884576902256,0.4,1.0,5,2 Medium (5-9 words)
13031,0.6390097281865127,0.6,1.0,5,2 Medium (5-9 words)
13034,0.21501812929496175,0.3,0.2,4,1 Short (<5 words)
13039,0.0,0.0,0.0,4,1 Short (<5 words)
13043,0.13886244387355454,0.1,0.5,4,1 Short (<5 words)
13046,0.2863459897524692,0.2,1.0,5,2 Medium (5-9 words)
13047,0.0,0.0,0.0,8,2 Medium (5-9 words)
13049,0.28371255449703187,0.2,1.0,6,2 Medium (5-9 words)
13052,0.31488013066763093,0.2,1.0,6,2 Medium (5-9 words)
13056,0.22082856303278728,0.3,0.2,5,2 Medium (5-9 words)
13059,0.4690000933206748,0.3,1.0,4,1 Short (<5 words)
13062,0.22009176629808017,0.1,1.0,4,1 Short (<5 words)
13066,0.6470538417566039,0.6,1.0,4,1 Short (<5 words)
13067,0.3963918729015093,0.3,1.0,4,1 Short (<5 words)
13069,0.1681522864689108,0.2,0.25,4,1 Short (<5 words)
1308,0.7034066032439746,0.5454545454545454,1.0,7,2 Medium (5-9 words)
13092,0.513528549750033,0.4,1.0,5,2 Medium (5-9 words)
13097,0.36288691033421744,0.3,1.0,9,2 Medium (5-9 words)
13099,0.3589542101716347,0.2,1.0,3,1 Short (<5 words)
1310,0.0,0.0,0.0,5,2 Medium (5-9 words)
13102,0.36211082347570717,0.3,1.0,4,1 Short (<5 words)
13108,0.28838205139432177,0.4,0.2,9,2 Medium (5-9 words)
13112,0.5727555047321237,0.5,1.0,6,2 Medium (5-9 words)
13113,0.4440973278132557,0.3,1.0,5,2 Medium (5-9 words)
13115,0.3679212572135327,0.3,1.0,4,1 Short (<5 words)
13118,0.4690000933206748,0.3,1.0,7,2 Medium (5-9 words)
13131,0.40350157154648025,0.3,1.0,5,2 Medium (5-9 words)
13134,0.0,0.0,0.0,3,1 Short (<5 words)
13142,0.15850703974098102,0.2,0.2,4,1 Short (<5 words)
13168,0.20248323207250624,0.2,0.5,5,2 Medium (5-9 words)
13175,0.1635413866202963,0.2,0.2,8,2 Medium (5-9 words)
13178,0.6987957033953602,0.6,1.0,6,2 Medium (5-9 words)
13179,0.36933625363427164,0.4,0.5,5,2 Medium (5-9 words)
13183,0.0,0.0,0.0,6,2 Medium (5-9 words)
13185,0.2906246349515899,0.3,0.5,5,2 Medium (5-9 words)
13186,0.3714891073940902,0.3,1.0,11,3 Long (>=10 words)
1320,0.5100691314582919,0.4,1.0,4,1 Short (<5 words)
13200,0.642186726668901,0.5,1.0,7,2 Medium (5-9 words)
13201,0.6177639991612475,0.5,1.0,9,2 Medium (5-9 words)
13213,0.11004588314904008,0.1,0.3333333333333333,5,2 Medium (5-9 words)
13215,0.19518900079066107,0.2,0.3333333333333333,4,1 Short (<5 words)
13219,0.0,0.0,0.0,3,1 Short (<5 words)
13223,0.31516255047698366,0.3,0.5,5,2 Medium (5-9 words)
13224,0.7967610662472993,0.7,1.0,5,2 Medium (5-9 words)
13232,0.5199967979955745,0.4,1.0,5,2 Medium (5-9 words)
13235,0.4440973278132557,0.3,1.0,6,2 Medium (5-9 words)
13237,0.31488013066763093,0.2,1.0,4,1 Short (<5 words)
13255,0.7218018303820491,0.7,1.0,7,2 Medium (5-9 words)
13259,0.5734923014668308,0.6,0.5,5,2 Medium (5-9 words)
1327,0.5727555047321237,0.5,1.0,5,2 Medium (5-9 words)
13276,0.5423640154200349,0.4,1.0,5,2 Medium (5-9 words)
13280,0.6332196796270029,0.5,1.0,11,3 Long (>=10 words)
13283,0.0,0.0,0.0,5,2 Medium (5-9 words)
13285,0.3963918729015093,0.3,1.0,4,1 Short (<5 words)
13286,0.7353797772725617,0.7,1.0,4,1 Short (<5 words)
13293,0.43735247915031,0.3,1.0,4,1 Short (<5 words)
13306,0.22009176629808017,0.1,1.0,6,2 Medium (5-9 words)
13311,0.49118023727106,0.4,1.0,7,2 Medium (5-9 words)
13327,0.38363315291837646,0.3,1.0,5,2 Medium (5-9 words)
13329,0.3589542101716347,0.2,1.0,4,1 Short (<5 words)
1333,0.0,0.0,0.0,5,2 Medium (5-9 words)
13331,0.1478294909154526,0.2,0.16666666666666666,5,2 Medium (5-9 words)
13335,0.30240383049385083,0.3,0.5,5,2 Medium (5-9 words)
1334,0.11004588314904008,0.1,0.3333333333333333,4,1 Short (<5 words)
13340,0.2710884709729799,0.3,0.3333333333333333,4,1 Short (<5 words)
13342,0.5330752584449808,0.5,1.0,4,1 Short (<5 words)
13354,0.06362078819895171,0.1,0.1,4,1 Short (<5 words)
13360,0.0,0.0,0.0,5,2 Medium (5-9 words)
13380,0.42838543210841196,0.3,1.0,5,2 Medium (5-9 words)
13383,0.5730379245414764,0.5,1.0,6,2 Medium (5-9 words)
13396,0.7819835854675755,0.7,1.0,5,2 Medium (5-9 words)
134,0.605504765619221,0.45454545454545453,1.0,4,1 Short (<5 words)
13404,0.5797827732044221,0.5,1.0,5,2 Medium (5-9 words)
13413,0.3589542101716347,0.2,1.0,5,2 Medium (5-9 words)
1342,0.3589542101716347,0.2,1.0,7,2 Medium (5-9 words)
13423,0.07839826897867533,0.1,0.16666666666666666,4,1 Short (<5 words)
13427,0.36885567213865283,0.3,1.0,4,1 Short (<5 words)
13428,0.15139734109601002,0.2,0.2,8,2 Medium (5-9 words)
13433,0.5384313152574521,0.4,1.0,5,2 Medium (5-9 words)
13436,0.0,0.0,0.0,8,2 Medium (5-9 words)
13438,0.14279514403613733,0.2,0.14285714285714285,4,1 Short (<5 words)
13441,0.424926013816671,0.3,1.0,6,2 Medium (5-9 words)
13444,0.4789015552876929,0.4,1.0,4,1 Short (<5 words)
13449,0.4124497136428909,0.4,0.5,8,2 Medium (5-9 words)
13463,0.0,0.0,0.0,4,1 Short (<5 words)
13465,0.40002324830925196,0.3,1.0,4,1 Short (<5 words)
13480,0.07839826897867533,0.1,0.16666666666666666,6,2 Medium (5-9 words)
13482,0.3125291152215463,0.3,0.5,6,2 Medium (5-9 words)
13496,0.28950714364062347,0.3333333333333333,0.3333333333333333,3,1 Short (<5 words)
13498,0.13961814555374907,0.2,0.14285714285714285,5,2 Medium (5-9 words)
13500,0.6180396628416763,0.6,1.0,7,2 Medium (5-9 words)
13504,0.22009176629808017,0.1,1.0,8,2 Medium (5-9 words)
13505,0.5580759111248786,0.5,1.0,10,3 Long (>=10 words)
13512,0.22400556151517553,0.2,0.5,6,2 Medium (5-9 words)
13514,0.43231813227099475,0.3,1.0,7,2 Medium (5-9 words)
13526,0.42520843362602373,0.3,1.0,8,2 Medium (5-9 words)
13527,0.2863459897524692,0.2,1.0,8,2 Medium (5-9 words)
13534,0.2532954041105318,0.3,0.25,9,2 Medium (5-9 words)
1354,0.6083169141195838,0.5,1.0,8,2 Medium (5-9 words)
13557,0.22009176629808017,0.1,1.0,5,2 Medium (5-9 words)
13567,0.38363315291837646,0.3,1.0,7,2 Medium (5-9 words)
13569,0.2934556883974402,0.2,1.0,4,1 Short (<5 words)
1357,0.2863459897524692,0.2,1.0,5,2 Medium (5-9 words)
13573,0.31488013066763093,0.2,1.0,4,1 Short (<5 words)
13579,0.7753366239771086,0.7,1.0,4,1 Short (<5 words)
13583,0.08514311764162098,0.1,0.2,5,2 Medium (5-9 words)
13596,0.5388856921828065,0.4,1.0,5,2 Medium (5-9 words)
1360,0.7479350596733328,0.7,1.0,5,2 Medium (5-9 words)
13600,0.28762634971412726,0.3,0.5,8,2 Medium (5-9 words)
13606,0.33013764944712026,0.2,1.0,7,2 Medium (5-9 words)
13614,0.17993148201117176,0.2,0.25,10,3 Long (>=10 words)
13617,0.13886244387355454,0.1,0.5,5,2 Medium (5-9 words)
13630,0.3259735800334642,0.2222222222222222,1.0,7,2 Medium (5-9 words)
13631,0.0,0.0,0.0,4,1 Short (<5 words)
13638,0.07839826897867533,0.1,0.16666666666666666,7,2 Medium (5-9 words)
13639,0.7885497208855957,0.7,1.0,5,2 Medium (5-9 words)
13660,0.3030820301798826,0.3,0.5,5,2 Medium (5-9 words)
13666,0.31204907722178066,0.3,0.5,4,1 Short (<5 words)
13670,0.691016880342793,0.6666666666666666,1.0,6,2 Medium (5-9 words)
13686,0.3932783996463063,0.3,1.0,7,2 Medium (5-9 words)
1369,0.5894280199323518,0.5,1.0,10,3 Long (>=10 words)
13691,0.42838543210841196,0.3,1.0,9,2 Medium (5-9 words)
13694,0.3589542101716347,0.2,1.0,5,2 Medium (5-9 words)
13695,0.2984900352767555,0.2,1.0,5,2 Medium (5-9 words)
13698,0.09478836436955078,0.1,0.25,4,1 Short (<5 words)
13707,0.47338717040861195,0.4,1.0,5,2 Medium (5-9 words)
13710,0.22009176629808017,0.1,1.0,4,1 Short (<5 words)
13711,0.07336392209936005,0.1,0.14285714285714285,5,2 Medium (5-9 words)
13717,0.13886244387355454,0.1,0.5,5,2 Medium (5-9 words)
13721,0.5022037311331264,0.5,0.5,6,2 Medium (5-9 words)
13731,0.6489315753318465,0.5,1.0,8,2 Medium (5-9 words)
13733,0.3589542101716347,0.2,1.0,9,2 Medium (5-9 words)
13734,0.4690000933206748,0.3,1.0,4,1 Short (<5 words)
13745,0.43735247915031,0.3,1.0,5,2 Medium (5-9 words)
13759,0.5637884576902256,0.4,1.0,3,1 Short (<5 words)
13760,0.42257499837058643,0.3,1.0,10,3 Long (>=10 words)
1377,0.6994739030813919,0.6,1.0,5,2 Medium (5-9 words)
13778,0.3589542101716347,0.2,1.0,7,2 Medium (5-9 words)
13779,0.20483424751859086,0.2,0.3333333333333333,5,2 Medium (5-9 words)
13782,0.3093521167391581,0.4,0.3333333333333333,5,2 Medium (5-9 words)
13789,0.23992089480238082,0.3,0.3333333333333333,6,2 Medium (5-9 words)
13796,0.13961814555374907,0.2,0.14285714285714285,8,2 Medium (5-9 words)
13797,0.3594085870969891,0.4,0.3333333333333333,6,2 Medium (5-9 words)
1380,0.0,0.0,0.0,4,1 Short (<5 words)
13803,0.6569815082938864,0.6,1.0,5,2 Medium (5-9 words)
13811,0.42520843362602373,0.3,1.0,3,1 Short (<5 words)
13813,0.3589542101716347,0.2,1.0,4,1 Short (<5 words)
1382,0.07839826897867533,0.1,0.16666666666666666,5,2 Medium (5-9 words)
13820,0.5958595188912912,0.5,1.0,7,2 Medium (5-9 words)
13830,0.06943122193677727,0.1,0.125,4,1 Short (<5 words)
13834,0.4131279133289227,0.4,0.5,5,2 Medium (5-9 words)
13838,0.33013764944712026,0.2,1.0,4,1 Short (<5 words)
13840,0.5670429581667766,0.5,1.0,5,2 Medium (5-9 words)
13845,0.22400556151517553,0.2,0.5,8,2 Medium (5-9 words)
13852,0.2984900352767555,0.2,1.0,4,1 Short (<5 words)
13864,0.22009176629808017,0.1,1.0,4,1 Short (<5 words)
13866,0.5423640154200349,0.4,1.0,6,2 Medium (5-9 words)
1387,0.2051166673279436,0.2,0.5,4,1 Short (<5 words)
13873,0.715550648768261,0.6,1.0,9,2 Medium (5-9 words)
13881,0.2984900352767555,0.2,1.0,4,1 Short (<5 words)
13883,0.42959551071396096,0.5,0.3333333333333333,6,2 Medium (5-9 words)
13885,0.6867151830982591,0.6,1.0,5,2 Medium (5-9 words)
13887,0.23365080824310533,0.2,0.5,5,2 Medium (5-9 words)
1389,0.38196033715832356,0.4,0.5,3,1 Short (<5 words)
13910,0.501749354207772,0.4,1.0,7,2 Medium (5-9 words)
13913,0.5231737964779628,0.4,1.0,4,1 Short (<5 words)
13918,0.1731866333482261,0.2,0.25,5,2 Medium (5-9 words)
13920,0.3187939258847263,0.3,0.5,4,1 Short (<5 words)
13925,0.22009176629808017,0.1,1.0,8,2 Medium (5-9 words)
13930,0.22009176629808017,0.1,1.0,6,2 Medium (5-9 words)
13937,0.3531437764338092,0.3,1.0,6,2 Medium (5-9 words)
1394,0.6461194268314837,0.6,1.0,5,2 Medium (5-9 words)
13947,0.0,0.0,0.0,5,2 Medium (5-9 words)
1395,0.5423640154200349,0.4,1.0,4,1 Short (<5 words)
13964,0.7116179486056782,0.6,1.0,9,2 Medium (5-9 words)
13966,0.22009176629808017,0.1,1.0,4,1 Short (<5 words)
1397,0.33013764944712026,0.2,1.0,6,2 Medium (5-9 words)
13973,0.3995688713838975,0.3,1.0,6,2 Medium (5-9 words)
14007,0.09478836436955078,0.1,0.25,5,2 Medium (5-9 words)
14015,0.4419240888751214,0.5,0.5,9,2 Medium (5-9 words)
14019,0.3436966913921454,0.3,0.5,8,2 Medium (5-9 words)
1402,0.0,0.0,0.0,6,2 Medium (5-9 words)
14020,0.5231737964779628,0.4,1.0,6,2 Medium (5-9 words)
14021,0.22009176629808017,0.1,1.0,4,1 Short (<5 words)
14028,0.3589542101716347,0.2,1.0,6,2 Medium (5-9 words)
14030,0.5771493379489847,0.5,1.0,6,2 Medium (5-9 words)
14038,0.33013764944712026,0.2,1.0,5,2 Medium (5-9 words)
14039,0.23504554941448536,0.1111111111111111,1.0,5,2 Medium (5-9 words)
1404,0.23365080824310533,0.2,0.5,4,1 Short (<5 words)
14041,0.0,0.0,0.0,3,1 Short (<5 words)
14042,0.36885567213865283,0.3,1.0,4,1 Short (<5 words)
14050,0.35970991185182927,0.3,1.0,6,2 Medium (5-9 words)
14052,0.0,0.0,0.0,3,1 Short (<5 words)
14054,0.5321408435198608,0.4,1.0,5,2 Medium (5-9 words)
14056,0.11004588314904008,0.1,0.3333333333333333,9,2 Medium (5-9 words)
1406,0.3963918729015093,0.3,1.0,4,1 Short (<5 words)
14061,0.3932783996463063,0.3,1.0,3,1 Short (<5 words)
14062,0.539641393863001,0.5,1.0,5,2 Medium (5-9 words)
14078,0.46945447024602915,0.4,1.0,4,1 Short (<5 words)
14086,0.5590796706691326,0.6,0.5,10,3 Long (>=10 words)
1409,0.6687607038361472,0.6,1.0,9,2 Medium (5-9 words)
14094,0.22009176629808017,0.1,1.0,5,2 Medium (5-9 words)
14095,0.5887498202463202,0.5,1.0,4,1 Short (<5 words)
14102,0.4537425745411855,0.3,1.0,5,2 Medium (5-9 words)
14105,0.5431008121547419,0.6,0.5,4,1 Short (<5 words)
1411,0.5077181160122074,0.4,1.0,7,2 Medium (5-9 words)
14116,0.4690000933206748,0.3,1.0,4,1 Short (<5 words)
1412,0.4690000933206748,0.3,1.0,8,2 Medium (5-9 words)
14120,0.4228506620510153,0.5,0.3333333333333333,5,2 Medium (5-9 words)
14121,0.0,0.0,0.0,4,1 Short (<5 words)
14128,0.49276192198755814,0.4166666666666667,1.0,8,2 Medium (5-9 words)
14141,0.5631102580041939,0.5,1.0,4,1 Short (<5 words)
14145,0.6994739030813919,0.6,1.0,6,2 Medium (5-9 words)
1415,0.11004588314904008,0.1,0.3333333333333333,6,2 Medium (5-9 words)
14154,0.30523488393970116,0.2,1.0,4,1 Short (<5 words)
14155,0.4412851793128928,0.4,1.0,4,1 Short (<5 words)
14158,0.5580759111248786,0.3333333333333333,1.0,4,1 Short (<5 words)
1416,0.07839826897867533,0.1,0.16666666666666666,3,1 Short (<5 words)
14162,0.22009176629808017,0.1,1.0,8,2 Medium (5-9 words)
14170,0.3725907541108227,0.5,0.2,9,2 Medium (5-9 words)
14171,0.32149616226344435,0.4,0.3333333333333333,8,2 Medium (5-9 words)
14176,0.5541432109622958,0.4,1.0,6,2 Medium (5-9 words)
14178,0.28371255449703187,0.2,1.0,11,3 Long (>=10 words)
14185,0.800693766409882,0.7,1.0,10,3 Long (>=10 words)
14188,0.0,0.0,0.0,8,2 Medium (5-9 words)
14207,0.39673781793804724,0.4,0.5,6,2 Medium (5-9 words)
1421,0.11004588314904008,0.1,0.3333333333333333,3,1 Short (<5 words)
1422,0.3714891073940902,0.3,1.0,4,1 Short (<5 words)
14222,0.2863459897524692,0.2,1.0,4,1 Short (<5 words)
14225,0.06625422345438903,0.1,0.1111111111111111,5,2 Medium (5-9 words)
14228,0.7909506325094737,0.7,1.0,7,2 Medium (5-9 words)
14238,0.27191445400928355,0.3,0.5,5,2 Medium (5-9 words)
14240,0.4419240888751214,0.5,0.5,9,2 Medium (5-9 words)
14250,0.43735247915031,0.3,1.0,5,2 Medium (5-9 words)
14256,0.642186726668901,0.5,1.0,4,1 Short (<5 words)
14263,0.1584091525685025,0.2,0.25,4,1 Short (<5 words)
1427,0.2489083270225946,0.2,0.5,7,2 Medium (5-9 words)
14273,0.5473983622993502,0.4,1.0,13,3 Long (>=10 words)
14275,0.4662774717636409,0.4,1.0,5,2 Medium (5-9 words)
14279,0.7222954974312066,0.6,1.0,7,2 Medium (5-9 words)
14281,0.13886244387355454,0.1,0.5,3,1 Short (<5 words)
14283,0.13886244387355454,0.08333333333333333,0.5,5,2 Medium (5-9 words)
14297,0.30240383049385083,0.3,0.5,4,1 Short (<5 words)
143,0.800693766409882,0.7,1.0,6,2 Medium (5-9 words)
14310,0.5388856921828065,0.4,1.0,5,2 Medium (5-9 words)
14322,0.6936634693435663,0.6,1.0,4,1 Short (<5 words)
1433,0.28952298823485745,0.2,1.0,6,2 Medium (5-9 words)
14334,0.5919268187287083,0.5,1.0,4,1 Short (<5 words)
14338,0.30523488393970116,0.2,1.0,5,2 Medium (5-9 words)
14344,0.23365080824310533,0.2,0.5,4,1 Short (<5 words)
14363,0.3971921948634016,0.4,0.5,6,2 Medium (5-9 words)
14380,0.800693766409882,0.7,1.0,6,2 Medium (5-9 words)
14381,0.39767223286316733,0.4,0.5,4,1 Short (<5 words)
14383,0.0,0.0,0.0,3,1 Short (<5 words)
14387,0.0,0.0,0.0,7,2 Medium (5-9 words)
1439,0.6117952373568122,0.5,1.0,6,2 Medium (5-9 words)
14394,0.28371255449703187,0.2,1.0,4,1 Short (<5 words)
14395,0.2934556883974402,0.2,1.0,5,2 Medium (5-9 words)
14396,0.0,0.0,0.0,5,2 Medium (5-9 words)
14401,0.7019727018777485,0.6,1.0,4,1 Short (<5 words)
14404,0.40853591842579556,0.3,1.0,6,2 Medium (5-9 words)
14408,0.5669450709942981,0.5,1.0,4,1 Short (<5 words)
14423,0.3589542101716347,0.2,1.0,7,2 Medium (5-9 words)
14428,0.33013764944712026,0.2,1.0,4,1 Short (<5 words)
14429,0.2984900352767555,0.2,1.0,5,2 Medium (5-9 words)
14444,0.1731866333482261,0.2,0.25,6,2 Medium (5-9 words)
14446,0.3932783996463063,0.3,1.0,4,1 Short (<5 words)
1445,0.1635413866202963,0.2,0.2,4,1 Short (<5 words)
14463,0.09478836436955078,0.1,0.25,4,1 Short (<5 words)
14464,0.1731866333482261,0.2,0.25,8,2 Medium (5-9 words)
14468,0.4920062203073637,0.4,1.0,6,2 Medium (5-9 words)
14469,0.3562315886146009,0.4,0.3333333333333333,6,2 Medium (5-9 words)
14471,0.42520843362602373,0.3,1.0,4,1 Short (<5 words)
14472,0.06625422345438903,0.1,0.1111111111111111,5,2 Medium (5-9 words)
14482,0.6620158551732016,0.6,1.0,7,2 Medium (5-9 words)
14483,0.5271064966405455,0.4,1.0,6,2 Medium (5-9 words)
14495,0.2781981696179509,0.3,0.3333333333333333,5,2 Medium (5-9 words)
14497,0.5077181160122074,0.4,1.0,5,2 Medium (5-9 words)
1450,0.4537425745411855,0.3,1.0,4,1 Short (<5 words)
14504,0.456899187845258,0.4,1.0,5,2 Medium (5-9 words)
14505,0.4920062203073637,0.4,1.0,5,2 Medium (5-9 words)
14514,0.485813635742251,0.5,0.5,7,2 Medium (5-9 words)
14515,0.6110191504983019,0.3333333333333333,1.0,10,3 Long (>=10 words)
14517,0.3596910069063418,0.4,0.5,6,2 Medium (5-9 words)
14518,0.4642913062995817,0.5,0.5,9,2 Medium (5-9 words)
1452,0.30523488393970116,0.2,1.0,7,2 Medium (5-9 words)
14527,0.456899187845258,0.4,1.0,7,2 Medium (5-9 words)
14536,0.2934556883974402,0.2,1.0,4,1 Short (<5 words)
14538,0.3995688713838975,0.3,1.0,3,1 Short (<5 words)
14539,0.5637884576902256,0.4,1.0,4,1 Short (<5 words)
14548,0.857980942822373,0.8,1.0,8,2 Medium (5-9 words)
14553,0.07839826897867533,0.1,0.16666666666666666,3,1 Short (<5 words)
14564,0.2742654694553681,0.3,0.3333333333333333,5,2 Medium (5-9 words)
14568,0.22009176629808017,0.1,1.0,7,2 Medium (5-9 words)
14581,0.5103515512676448,0.4,1.0,4,1 Short (<5 words)
14585,0.6316243658611127,0.6,1.0,6,2 Medium (5-9 words)
1459,0.448668937538067,0.5,0.5,5,2 Medium (5-9 words)
14592,0.31488013066763093,0.2,1.0,5,2 Medium (5-9 words)
14599,0.0,0.0,0.0,5,2 Medium (5-9 words)
14604,0.5326208815196265,0.4,1.0,6,2 Medium (5-9 words)
1461,0.31488013066763093,0.2,1.0,6,2 Medium (5-9 words)
14611,0.6936634693435663,0.6,1.0,4,1 Short (<5 words)
14619,0.49828993591603105,0.4,1.0,6,2 Medium (5-9 words)
1463,0.08514311764162098,0.1,0.2,4,1 Short (<5 words)
14631,0.5907272848394973,0.5,1.0,4,1 Short (<5 words)
14642,0.06943122193677727,0.1,0.125,7,2 Medium (5-9 words)
14650,0.494639655562801,0.4,1.0,10,3 Long (>=10 words)
14651,0.826813366651774,0.8,1.0,9,2 Medium (5-9 words)
14659,0.06362078819895171,0.1,0.1,7,2 Medium (5-9 words)
1466,0.6364741801035539,0.6,1.0,7,2 Medium (5-9 words)
14662,0.3589542101716347,0.2,1.0,10,3 Long (>=10 words)
14686,0.3843113526044082,0.3,1.0,6,2 Medium (5-9 words)
14687,0.2984900352767555,0.2,1.0,13,3 Long (>=10 words)
14691,0.33013764944712026,0.2,1.0,3,1 Short (<5 words)
14697,0.42520843362602373,0.3,1.0,5,2 Medium (5-9 words)
147,0.3785988060390612,0.3,1.0,7,2 Medium (5-9 words)
14704,0.31516255047698366,0.3,0.5,4,1 Short (<5 words)
14716,0.3589542101716347,0.2,1.0,5,2 Medium (5-9 words)
14719,0.11004588314904008,0.09090909090909091,0.3333333333333333,5,2 Medium (5-9 words)
14721,0.22009176629808017,0.1,1.0,3,1 Short (<5 words)
14722,0.67175898907361,0.6,1.0,8,2 Medium (5-9 words)
14723,0.6489315753318465,0.5,1.0,6,2 Medium (5-9 words)
14730,0.5771493379489847,0.5,1.0,6,2 Medium (5-9 words)
14731,0.1731866333482261,0.2,0.25,4,1 Short (<5 words)
14736,0.2710884709729799,0.3,0.3333333333333333,4,1 Short (<5 words)
14747,0.0,0.0,0.0,5,2 Medium (5-9 words)
14756,0.28952298823485745,0.2,1.0,4,1 Short (<5 words)
14767,0.35359815335916356,0.4,0.3333333333333333,7,2 Medium (5-9 words)
14781,0.23365080824310533,0.2,0.5,5,2 Medium (5-9 words)
14787,0.6871952210980248,0.6,1.0,7,2 Medium (5-9 words)
14789,0.06362078819895171,0.1,0.1,7,2 Medium (5-9 words)
14802,0.21408371436984167,0.3,0.16666666666666666,6,2 Medium (5-9 words)
14804,0.5067837010870873,0.4,1.0,6,2 Medium (5-9 words)
14816,0.1884441521277154,0.2,0.3333333333333333,5,2 Medium (5-9 words)
14817,0.2984900352767555,0.2,1.0,4,1 Short (<5 words)
14822,0.6816808362189438,0.6,1.0,3,1 Short (<5 words)
14832,0.48153499054313026,0.4,1.0,6,2 Medium (5-9 words)
14845,0.33013764944712026,0.2,1.0,8,2 Medium (5-9 words)
1485,0.49828993591603105,0.4,1.0,6,2 Medium (5-9 words)
14850,0.0,0.0,0.0,3,1 Short (<5 words)
14851,0.22009176629808017,0.1,1.0,4,1 Short (<5 words)
14856,0.642186726668901,0.5,1.0,5,2 Medium (5-9 words)
14859,0.0,0.0,0.0,4,1 Short (<5 words)
14861,0.866947989864271,0.8,1.0,4,1 Short (<5 words)
14869,0.22009176629808017,0.1,1.0,5,2 Medium (5-9 words)
1487,0.3589542101716347,0.2,1.0,11,3 Long (>=10 words)
1488,0.06943122193677727,0.1,0.125,6,2 Medium (5-9 words)
14885,0.5473983622993502,0.4,1.0,7,2 Medium (5-9 words)
1490,0.38113435412202,0.3,1.0,8,2 Medium (5-9 words)
14900,0.09478836436955078,0.1,0.25,4,1 Short (<5 words)
14905,0.424926013816671,0.3,1.0,6,2 Medium (5-9 words)
14926,0.4124497136428909,0.4,0.5,4,1 Short (<5 words)
14938,0.09478836436955078,0.1,0.25,8,2 Medium (5-9 words)
14939,0.6083169141195838,0.5,1.0,3,1 Short (<5 words)
14943,0.22009176629808017,0.1,1.0,5,2 Medium (5-9 words)
14949,0.15176219107803537,0.2,0.16666666666666666,5,2 Medium (5-9 words)
14951,0.17947710508581735,0.2,0.3333333333333333,4,1 Short (<5 words)
14963,0.5174612499126158,0.36363636363636365,1.0,6,2 Medium (5-9 words)
14965,0.6547216238913564,0.6,1.0,6,2 Medium (5-9 words)
14966,0.0,0.0,0.0,3,1 Short (<5 words)
14967,0.30523488393970116,0.2,1.0,4,1 Short (<5 words)
14968,0.43231813227099475,0.3,1.0,8,2 Medium (5-9 words)
14989,0.36352581989644606,0.4,0.5,8,2 Medium (5-9 words)
14991,0.22009176629808017,0.1,1.0,5,2 Medium (5-9 words)
14993,0.22400556151517553,0.2,0.5,3,1 Short (<5 words)
14999,0.424926013816671,0.3,1.0,7,2 Medium (5-9 words)
150,0.3529461582433962,0.4,0.5,3,1 Short (<5 words)
15004,0.11004588314904008,0.1,0.3333333333333333,5,2 Medium (5-9 words)
15011,0.28323251649726616,0.3,0.3333333333333333,12,3 Long (>=10 words)
15012,0.20248323207250624,0.2,0.5,4,1 Short (<5 words)
15015,0.06943122193677727,0.1,0.125,4,1 Short (<5 words)
1502,0.6489315753318465,0.5,1.0,7,2 Medium (5-9 words)
15022,0.424926013816671,0.3,1.0,5,2 Medium (5-9 words)
15023,0.2835149363066189,0.3,0.5,5,2 Medium (5-9 words)
15024,0.40030566811860463,0.4,0.5,4,1 Short (<5 words)
15027,0.4505655760587972,0.4,1.0,9,2 Medium (5-9 words)
15041,0.06362078819895171,0.1,0.1,8,2 Medium (5-9 words)
15044,0.5116508161747901,0.5,1.0,6,2 Medium (5-9 words)
15048,0.19518900079066107,0.2,0.3333333333333333,4,1 Short (<5 words)
15050,0.5184650094568697,0.6,0.5,9,2 Medium (5-9 words)
15054,0.5266128295913879,0.6,0.5,5,2 Medium (5-9 words)
1506,0.0,0.0,0.0,6,2 Medium (5-9 words)
15061,0.7479350596733328,0.7,1.0,5,2 Medium (5-9 words)
15073,0.7967610662472993,0.7,1.0,7,2 Medium (5-9 words)
15074,0.06625422345438903,0.1,0.1111111111111111,4,1 Short (<5 words)
15077,0.3125291152215463,0.3,0.5,4,1 Short (<5 words)
15099,0.36885567213865283,0.3,1.0,5,2 Medium (5-9 words)
151,0.2863459897524692,0.2,1.0,3,1 Short (<5 words)
1510,0.3589542101716347,0.2,1.0,5,2 Medium (5-9 words)
15104,0.11004588314904008,0.1,0.3333333333333333,5,2 Medium (5-9 words)
15107,0.32730659600126993,0.3,0.5,6,2 Medium (5-9 words)
15109,0.5599332595218056,0.5,1.0,3,1 Short (<5 words)
15110,0.6339753813071974,0.6,1.0,5,2 Medium (5-9 words)
15111,0.3746661058764784,0.3,1.0,6,2 Medium (5-9 words)
15113,0.3714891073940902,0.3,1.0,5,2 Medium (5-9 words)
15114,0.5551469705065496,0.6,0.5,6,2 Medium (5-9 words)
15115,0.5423640154200349,0.4,1.0,6,2 Medium (5-9 words)
15121,0.30523488393970116,0.2,1.0,4,1 Short (<5 words)
15145,0.20248323207250624,0.2,0.5,7,2 Medium (5-9 words)
15147,0.0,0.0,0.0,7,2 Medium (5-9 words)
1515,0.24966402870278917,0.3,0.3333333333333333,6,2 Medium (5-9 words)
15153,0.424926013816671,0.3,1.0,10,3 Long (>=10 words)
15165,0.5075394027672818,0.5,1.0,5,2 Medium (5-9 words)
15172,0.3589542101716347,0.2,1.0,6,2 Medium (5-9 words)
1520,0.22009176629808017,0.1,1.0,4,1 Short (<5 words)
15203,0.3995688713838975,0.3,1.0,5,2 Medium (5-9 words)
15210,0.491526182307598,0.5,0.5,5,2 Medium (5-9 words)
15215,0.5867945846769145,0.5,1.0,5,2 Medium (5-9 words)
15217,0.1635413866202963,0.2,0.2,4,1 Short (<5 words)
15221,0.2934556883974402,0.2,1.0,5,2 Medium (5-9 words)
15222,0.22009176629808017,0.1,1.0,4,1 Short (<5 words)
15232,0.3557772116892465,0.3,1.0,3,1 Short (<5 words)
15238,0.6489315753318465,0.5,1.0,8,2 Medium (5-9 words)
15242,0.06625422345438903,0.1,0.1111111111111111,4,1 Short (<5 words)
15245,0.55206785919664,0.6,0.5,9,2 Medium (5-9 words)
1526,0.22212782793993274,0.3,0.2,4,1 Short (<5 words)
15261,0.1884441521277154,0.2,0.3333333333333333,4,1 Short (<5 words)
15266,0.6830838076905166,0.6,1.0,8,2 Medium (5-9 words)
15274,0.5224955967919311,0.4,1.0,5,2 Medium (5-9 words)
15275,0.6987957033953602,0.6,1.0,6,2 Medium (5-9 words)
15283,0.11004588314904008,0.1,0.3333333333333333,6,2 Medium (5-9 words)
15288,0.5231737964779628,0.4,1.0,6,2 Medium (5-9 words)
15295,0.0,0.0,0.0,4,1 Short (<5 words)
15300,0.5455017237786198,0.6,0.5,5,2 Medium (5-9 words)
15304,0.501749354207772,0.4,1.0,9,2 Medium (5-9 words)
15314,0.22009176629808017,0.1,1.0,6,2 Medium (5-9 words)
15318,0.6168295842361274,0.5,1.0,6,2 Medium (5-9 words)
15323,0.5637884576902256,0.4,1.0,8,2 Medium (5-9 words)
15325,0.08514311764162098,0.1,0.2,5,2 Medium (5-9 words)
15330,0.5695785062497354,0.5,1.0,7,2 Medium (5-9 words)
1534,0.3995688713838975,0.3,1.0,5,2 Medium (5-9 words)
15340,0.06943122193677727,0.1,0.125,5,2 Medium (5-9 words)
15345,0.642186726668901,0.5,1.0,5,2 Medium (5-9 words)
15346,0.2426178552850034,0.3,0.25,6,2 Medium (5-9 words)
1535,0.28371255449703187,0.2,1.0,13,3 Long (>=10 words)
15351,0.33013764944712026,0.2,1.0,4,1 Short (<5 words)
15352,0.4690000933206748,0.3,1.0,8,2 Medium (5-9 words)
15365,0.0,0.0,0.0,6,2 Medium (5-9 words)
15369,0.5599332595218056,0.5,1.0,7,2 Medium (5-9 words)
15371,0.4631896595828492,0.4,1.0,4,1 Short (<5 words)
15379,0.5036067026046991,0.4,1.0,4,1 Short (<5 words)
15386,0.693761356516045,0.6,1.0,6,2 Medium (5-9 words)
15387,0.4690000933206748,0.3,1.0,9,2 Medium (5-9 words)
15391,0.5357086937004182,0.5,1.0,7,2 Medium (5-9 words)
15400,0.31488013066763093,0.2,1.0,4,1 Short (<5 words)
15402,0.2984900352767555,0.2,1.0,5,2 Medium (5-9 words)
15411,0.31488013066763093,0.2,1.0,5,2 Medium (5-9 words)
15415,0.24618570546556082,0.3,0.25,5,2 Medium (5-9 words)
15418,0.22009176629808017,0.1,1.0,4,1 Short (<5 words)
15428,0.727329844310522,0.6,1.0,5,2 Medium (5-9 words)
1543,0.2984900352767555,0.2,1.0,4,1 Short (<5 words)
15430,0.06625422345438903,0.1,0.1111111111111111,7,2 Medium (5-9 words)
15436,0.2489083270225946,0.2,0.5,8,2 Medium (5-9 words)
1544,0.6078421520159135,0.6,1.0,6,2 Medium (5-9 words)
15446,0.42257499837058643,0.3,1.0,7,2 Medium (5-9 words)
15448,0.0,0.0,0.0,4,1 Short (<5 words)
15455,0.3589542101716347,0.2,1.0,6,2 Medium (5-9 words)
1546,0.44773452261294694,0.5,0.5,3,1 Short (<5 words)
15465,0.1635413866202963,0.2,0.2,6,2 Medium (5-9 words)
15466,0.13568544539116628,0.16666666666666666,0.125,5,2 Medium (5-9 words)
15469,0.14465249243306436,0.2,0.16666666666666666,8,2 Medium (5-9 words)
15471,0.28952298823485745,0.2,1.0,4,1 Short (<5 words)
15472,0.48471198902551854,0.4,1.0,6,2 Medium (5-9 words)
15473,0.18340980524840012,0.2,0.3333333333333333,3,1 Short (<5 words)
15482,0.22009176629808017,0.1,1.0,12,3 Long (>=10 words)
15488,0.28997736516021183,0.3,0.3333333333333333,6,2 Medium (5-9 words)
1549,0.2051166673279436,0.2,0.5,3,1 Short (<5 words)
15493,0.4690000933206748,0.3,1.0,6,2 Medium (5-9 words)
15509,0.0,0.0,0.0,5,2 Medium (5-9 words)
15510,0.2984900352767555,0.2,1.0,5,2 Medium (5-9 words)
15511,0.22009176629808017,0.1,1.0,3,1 Short (<5 words)
1567,0.1478294909154526,0.2,0.16666666666666666,4,1 Short (<5 words)
1569,0.2984900352767555,0.2,1.0,10,3 Long (>=10 words)
1579,0.08514311764162098,0.1,0.2,6,2 Medium (5-9 words)
1584,0.6235744328990731,0.5,1.0,6,2 Medium (5-9 words)
1586,0.800693766409882,0.7,1.0,7,2 Medium (5-9 words)
1590,0.06625422345438903,0.07692307692307693,0.1111111111111111,3,1 Short (<5 words)
1591,0.5388856921828065,0.4,1.0,6,2 Medium (5-9 words)
1594,0.22009176629808017,0.1,1.0,5,2 Medium (5-9 words)
1595,0.46270962158308354,0.4,1.0,4,1 Short (<5 words)
160,0.3785988060390612,0.2727272727272727,1.0,6,2 Medium (5-9 words)
1600,0.3499667779514209,0.3,1.0,5,2 Medium (5-9 words)
1603,0.7859162856301584,0.7,1.0,4,1 Short (<5 words)
1604,0.8512360941594274,0.8,1.0,5,2 Medium (5-9 words)
1616,0.6207622843987103,0.5,1.0,7,2 Medium (5-9 words)
1618,0.43735247915031,0.3,1.0,4,1 Short (<5 words)
162,0.0,0.0,0.0,4,1 Short (<5 words)
1623,0.48864468918810133,0.4,1.0,4,1 Short (<5 words)
1626,0.22009176629808017,0.1,1.0,5,2 Medium (5-9 words)
1627,0.14279514403613733,0.2,0.14285714285714285,8,2 Medium (5-9 words)
163,0.6168295842361274,0.5,1.0,6,2 Medium (5-9 words)
1635,0.43735247915031,0.3,1.0,8,2 Medium (5-9 words)
164,0.3589542101716347,0.2,1.0,8,2 Medium (5-9 words)
1645,0.4537425745411855,0.3,1.0,5,2 Medium (5-9 words)
1647,0.6867151830982591,0.6,1.0,7,2 Medium (5-9 words)
1648,0.22009176629808017,0.1,1.0,5,2 Medium (5-9 words)
1658,0.5541432109622958,0.4,1.0,5,2 Medium (5-9 words)
1661,0.17993148201117176,0.2,0.25,5,2 Medium (5-9 words)
1666,0.6300426811446146,0.5,1.0,5,2 Medium (5-9 words)
1676,0.29727159644205703,0.3,0.5,5,2 Medium (5-9 words)
1678,0.3995688713838975,0.3,1.0,6,2 Medium (5-9 words)
1681,0.7695261902392829,0.7,1.0,6,2 Medium (5-9 words)
1686,0.4671034547999446,0.5,0.5,5,2 Medium (5-9 words)
1702,0.14279514403613733,0.2,0.14285714285714285,10,3 Long (>=10 words)
1703,0.1731866333482261,0.16666666666666666,0.25,5,2 Medium (5-9 words)
1710,0.3589542101716347,0.2,1.0,5,2 Medium (5-9 words)
1721,0.3971921948634016,0.4,0.5,7,2 Medium (5-9 words)
1725,0.48864468918810133,0.4,1.0,8,2 Medium (5-9 words)
1736,0.2984900352767555,0.2,1.0,10,3 Long (>=10 words)
1741,0.22009176629808017,0.1,1.0,7,2 Medium (5-9 words)
1745,0.3499667779514209,0.3,1.0,5,2 Medium (5-9 words)
1750,0.6687607038361472,0.6,1.0,5,2 Medium (5-9 words)
1761,0.4440973278132557,0.3,1.0,4,1 Short (<5 words)
1763,0.5734923014668308,0.6,0.5,6,2 Medium (5-9 words)
1769,0.5599332595218056,0.5,1.0,6,2 Medium (5-9 words)
1775,0.6489315753318465,0.5,1.0,7,2 Medium (5-9 words)
1778,0.0,0.0,0.0,4,1 Short (<5 words)
1793,0.40853591842579556,0.3,1.0,4,1 Short (<5 words)
1796,0.37850091886658266,0.3,1.0,7,2 Medium (5-9 words)
1797,0.2532954041105318,0.3,0.25,6,2 Medium (5-9 words)
1798,0.30523488393970116,0.2,1.0,5,2 Medium (5-9 words)
1800,0.0,0.0,0.0,3,1 Short (<5 words)
1808,0.3565964385966262,0.4,0.3333333333333333,6,2 Medium (5-9 words)
1810,0.4440973278132557,0.3,1.0,5,2 Medium (5-9 words)
1811,0.684383072597662,0.6,1.0,6,2 Medium (5-9 words)
1812,0.4124497136428909,0.4,0.5,4,1 Short (<5 words)
1815,0.5326208815196265,0.4,1.0,7,2 Medium (5-9 words)
1816,0.2082936658103318,0.2,0.5,5,2 Medium (5-9 words)
1827,0.3589542101716347,0.2,1.0,5,2 Medium (5-9 words)
183,0.6325414799409712,0.5,1.0,9,2 Medium (5-9 words)
1835,0.6547216238913564,0.6,1.0,7,2 Medium (5-9 words)
1839,0.31488013066763093,0.2,1.0,7,2 Medium (5-9 words)
184,0.388244052766991,0.3,1.0,5,2 Medium (5-9 words)
1844,0.35031272298795885,0.4,0.5,5,2 Medium (5-9 words)
1847,0.5672274908036508,0.5,1.0,6,2 Medium (5-9 words)
1861,0.4920062203073637,0.4,1.0,7,2 Medium (5-9 words)
1866,0.5017100640839688,0.5,0.5,8,2 Medium (5-9 words)
1869,0.6300426811446146,0.5,1.0,5,2 Medium (5-9 words)
187,0.31488013066763093,0.2,1.0,4,1 Short (<5 words)
1870,0.06943122193677727,0.1,0.125,4,1 Short (<5 words)
1872,0.07336392209936005,0.1,0.14285714285714285,5,2 Medium (5-9 words)
1874,0.07336392209936005,0.1,0.14285714285714285,8,2 Medium (5-9 words)
1875,0.31488013066763093,0.2,1.0,5,2 Medium (5-9 words)
1876,0.5933607200949346,0.5,1.0,6,2 Medium (5-9 words)
188,0.4537425745411855,0.3,1.0,5,2 Medium (5-9 words)
1888,0.4440973278132557,0.3,1.0,5,2 Medium (5-9 words)
1890,0.46270962158308354,0.4,1.0,5,2 Medium (5-9 words)
1891,0.3589542101716347,0.2,1.0,4,1 Short (<5 words)
1895,0.1884441521277154,0.2,0.3333333333333333,5,2 Medium (5-9 words)
1899,0.7967610662472993,0.7,1.0,7,2 Medium (5-9 words)
1900,0.22009176629808017,0.1,1.0,4,1 Short (<5 words)
1905,0.38113435412202,0.3,1.0,4,1 Short (<5 words)
1912,0.4636440365082036,0.4,1.0,4,1 Short (<5 words)
1913,0.47338717040861195,0.4,1.0,8,2 Medium (5-9 words)
193,0.4735717030454861,0.5,0.5,7,2 Medium (5-9 words)
1931,0.6994739030813919,0.6,1.0,13,3 Long (>=10 words)
1933,0.4690000933206748,0.3,1.0,7,2 Medium (5-9 words)
1939,0.5388856921828065,0.4,1.0,10,3 Long (>=10 words)
1940,0.7065836017263629,0.6,1.0,8,2 Medium (5-9 words)
1946,0.24655055544758614,0.2727272727272727,0.25,8,2 Medium (5-9 words)
1949,0.5637884576902256,0.4,1.0,4,1 Short (<5 words)
1955,0.0,0.0,0.0,6,2 Medium (5-9 words)
1959,0.5088197627289398,0.6,0.5,6,2 Medium (5-9 words)
196,0.5619107241149828,0.5,1.0,7,2 Medium (5-9 words)
1963,0.5423640154200349,0.4,1.0,8,2 Medium (5-9 words)
1966,0.4954588824701808,0.5,0.5,4,1 Short (<5 words)
1967,0.4658230948382866,0.4,1.0,9,2 Medium (5-9 words)
197,0.33013764944712026,0.2,1.0,4,1 Short (<5 words)
1971,0.09478836436955078,0.1,0.25,5,2 Medium (5-9 words)
1984,0.39356081945565896,0.4,0.5,9,2 Medium (5-9 words)
1990,0.11004588314904008,0.1,0.3333333333333333,4,1 Short (<5 words)
1995,0.4537425745411855,0.25,1.0,8,2 Medium (5-9 words)
1998,0.0,0.0,0.0,8,2 Medium (5-9 words)
1999,0.40350157154648025,0.3,1.0,6,2 Medium (5-9 words)
2004,0.3589542101716347,0.2,1.0,4,1 Short (<5 words)
2007,0.6025064803817581,0.5,1.0,11,3 Long (>=10 words)
2017,0.0,0.0,0.0,5,2 Medium (5-9 words)
2024,0.8165901947515999,0.8,1.0,4,1 Short (<5 words)
204,0.5541432109622958,0.36363636363636365,1.0,5,2 Medium (5-9 words)
2045,0.07839826897867533,0.1,0.16666666666666666,9,2 Medium (5-9 words)
2048,0.13886244387355454,0.08333333333333333,0.5,4,1 Short (<5 words)
2049,0.6745711375739728,0.6,1.0,5,2 Medium (5-9 words)
2053,0.3932783996463063,0.3,1.0,7,2 Medium (5-9 words)
2062,0.5174612499126158,0.4,1.0,5,2 Medium (5-9 words)
2066,0.684383072597662,0.6,1.0,10,3 Long (>=10 words)
207,0.31488013066763093,0.18181818181818182,1.0,5,2 Medium (5-9 words)
2076,0.7019727018777485,0.6,1.0,5,2 Medium (5-9 words)
2078,0.4959389204699464,0.4,1.0,4,1 Short (<5 words)
2086,0.31488013066763093,0.2,1.0,8,2 Medium (5-9 words)
2087,0.2618080742270754,0.3,0.3333333333333333,4,1 Short (<5 words)
2090,0.6442227883107535,0.7,0.5,5,2 Medium (5-9 words)
2096,0.4448530294934502,0.4,1.0,5,2 Medium (5-9 words)
2097,0.0,0.0,0.0,5,2 Medium (5-9 words)
210,0.2710884709729799,0.2727272727272727,0.3333333333333333,8,2 Medium (5-9 words)
2102,0.18340980524840012,0.2,0.3333333333333333,6,2 Medium (5-9 words)
2103,0.33480714634441017,0.4,0.3333333333333333,5,2 Medium (5-9 words)
211,0.388244052766991,0.3,1.0,9,2 Medium (5-9 words)
2112,0.8521705090845474,0.8,1.0,4,1 Short (<5 words)
2113,0.0,0.0,0.0,5,2 Medium (5-9 words)
2114,0.0,0.0,0.0,5,2 Medium (5-9 words)
2115,0.14279514403613733,0.2,0.14285714285714285,5,2 Medium (5-9 words)
2117,0.4729327934832575,0.4,1.0,6,2 Medium (5-9 words)
2120,0.7222954974312066,0.6,1.0,8,2 Medium (5-9 words)
2123,0.4537425745411855,0.3,1.0,7,2 Medium (5-9 words)
2129,0.42520843362602373,0.3,1.0,4,1 Short (<5 words)
2132,0.31488013066763093,0.2,1.0,3,1 Short (<5 words)
2133,0.6332196796270029,0.5,1.0,5,2 Medium (5-9 words)
2140,0.33013764944712026,0.2,1.0,5,2 Medium (5-9 words)
2141,0.2934556883974402,0.2,1.0,5,2 Medium (5-9 words)
2143,0.0,0.0,0.0,7,2 Medium (5-9 words)
2147,0.17630010660342912,0.2,0.3333333333333333,5,2 Medium (5-9 words)
2156,0.40350157154648025,0.3,1.0,6,2 Medium (5-9 words)
2164,0.4393885407921626,0.5,0.5,4,1 Short (<5 words)
2166,0.6015720654566381,0.5,1.0,7,2 Medium (5-9 words)
2186,0.3340514446642156,0.3,0.5,7,2 Medium (5-9 words)
2192,0.0,0.0,0.0,7,2 Medium (5-9 words)
2197,0.4721567066247473,0.4,1.0,6,2 Medium (5-9 words)
2200,0.0,0.0,0.0,9,2 Medium (5-9 words)
2203,0.40002324830925196,0.3,1.0,5,2 Medium (5-9 words)
222,0.2426178552850034,0.3,0.25,5,2 Medium (5-9 words)
2224,0.21501812929496175,0.3,0.2,6,2 Medium (5-9 words)
2225,0.31833954895937183,0.3,0.5,5,2 Medium (5-9 words)
2234,0.23944085680261515,0.3,0.25,5,2 Medium (5-9 words)
2239,0.6531466953037821,0.6,1.0,7,2 Medium (5-9 words)
2241,0.06625422345438903,0.1,0.1111111111111111,7,2 Medium (5-9 words)
2252,0.5522654773870531,0.5,1.0,6,2 Medium (5-9 words)
2255,0.5541432109622958,0.4,1.0,6,2 Medium (5-9 words)
2261,0.7529694065526482,0.7,1.0,7,2 Medium (5-9 words)
2266,0.24703059344735182,0.3,0.3333333333333333,4,1 Short (<5 words)
2270,0.388244052766991,0.3,1.0,4,1 Short (<5 words)
2271,0.13305201013572898,0.2,0.125,5,2 Medium (5-9 words)
2272,0.6969383549984332,0.6,1.0,6,2 Medium (5-9 words)
228,0.4447551423209717,0.4,1.0,4,1 Short (<5 words)
2283,0.0,0.0,0.0,3,1 Short (<5 words)
2287,0.08514311764162098,0.1,0.2,5,2 Medium (5-9 words)
2290,0.22009176629808017,0.1,1.0,8,2 Medium (5-9 words)
2291,0.15850703974098102,0.2,0.2,3,1 Short (<5 words)
2292,0.485813635742251,0.5,0.5,5,2 Medium (5-9 words)
2294,0.2984900352767555,0.2,1.0,4,1 Short (<5 words)
2299,0.5372903784169164,0.6,0.5,4,1 Short (<5 words)
2301,0.34301849170611365,0.4,0.3333333333333333,4,1 Short (<5 words)
2312,0.3557772116892465,0.3,1.0,4,1 Short (<5 words)
2314,0.4690000933206748,0.3,1.0,8,2 Medium (5-9 words)
2330,0.09478836436955078,0.1,0.25,4,1 Short (<5 words)
2340,0.6719377023185354,0.6,1.0,6,2 Medium (5-9 words)
2343,0.21726071285222986,0.2,0.5,6,2 Medium (5-9 words)
2345,0.09478836436955078,0.1,0.25,6,2 Medium (5-9 words)
2353,0.14465249243306436,0.2,0.16666666666666666,3,1 Short (<5 words)
2355,0.07839826897867533,0.1,0.16666666666666666,3,1 Short (<5 words)
2356,0.6168295842361274,0.5,1.0,8,2 Medium (5-9 words)
2367,0.0,0.0,0.0,5,2 Medium (5-9 words)
2370,0.14201905717762703,0.18181818181818182,0.16666666666666666,4,1 Short (<5 words)
2375,0.2051166673279436,0.2,0.5,4,1 Short (<5 words)
2377,0.3589542101716347,0.2,1.0,6,2 Medium (5-9 words)
238,0.2710884709729799,0.3,0.3333333333333333,3,1 Short (<5 words)
2384,0.3476293915547282,0.3333333333333333,0.3333333333333333,6,2 Medium (5-9 words)
2393,0.7289115290270202,0.7,1.0,9,2 Medium (5-9 words)
2394,0.15457433957839825,0.2,0.2,6,2 Medium (5-9 words)
2396,0.5388856921828065,0.4,1.0,4,1 Short (<5 words)
2397,0.0,0.0,0.0,4,1 Short (<5 words)
2398,0.6203974344166848,0.5,1.0,5,2 Medium (5-9 words)
2400,0.28088150105118154,0.3,0.5,4,1 Short (<5 words)
2406,0.388244052766991,0.3,1.0,6,2 Medium (5-9 words)
2416,0.5704044892860389,0.5,1.0,4,1 Short (<5 words)
2420,0.7695261902392829,0.7,1.0,4,1 Short (<5 words)
2423,0.6122496142821665,0.5,1.0,5,2 Medium (5-9 words)
2429,0.3633412872595719,0.4,0.3333333333333333,5,2 Medium (5-9 words)
243,0.32730659600126993,0.3,0.5,5,2 Medium (5-9 words)
2430,0.09478836436955078,0.1,0.25,8,2 Medium (5-9 words)
2432,0.2934556883974402,0.2,1.0,8,2 Medium (5-9 words)
2438,0.24309789328476902,0.3,0.3333333333333333,6,2 Medium (5-9 words)
244,0.4690000933206748,0.3,1.0,8,2 Medium (5-9 words)
2445,0.4448530294934502,0.4,1.0,7,2 Medium (5-9 words)
2449,0.42838543210841196,0.3,1.0,3,1 Short (<5 words)
2450,0.0,0.0,0.0,4,1 Short (<5 words)
2454,0.22009176629808017,0.1,1.0,7,2 Medium (5-9 words)
2461,0.07839826897867533,0.1,0.16666666666666666,6,2 Medium (5-9 words)
2464,0.15457433957839825,0.2,0.2,5,2 Medium (5-9 words)
2474,0.45447937127589266,0.5,0.5,5,2 Medium (5-9 words)
2481,0.4690000933206748,0.3,1.0,4,1 Short (<5 words)
2488,0.42257499837058643,0.3,1.0,5,2 Medium (5-9 words)
2499,0.5684579545875155,0.6,0.5,6,2 Medium (5-9 words)
2502,0.3594085870969891,0.4,0.3333333333333333,5,2 Medium (5-9 words)
2505,0.42257499837058643,0.3,1.0,5,2 Medium (5-9 words)
2516,0.09478836436955078,0.1,0.25,4,1 Short (<5 words)
2533,0.6489315753318465,0.5,1.0,7,2 Medium (5-9 words)
2539,0.4440973278132557,0.3,1.0,5,2 Medium (5-9 words)
256,0.4368897419958061,0.45454545454545453,0.5,6,2 Medium (5-9 words)
2570,0.3589542101716347,0.2,1.0,6,2 Medium (5-9 words)
2579,0.19518900079066107,0.2,0.3333333333333333,7,2 Medium (5-9 words)
2580,0.5836175861945262,0.5,1.0,5,2 Medium (5-9 words)
2584,0.42257499837058643,0.3,1.0,5,2 Medium (5-9 words)
2595,0.6867151830982591,0.6,1.0,12,3 Long (>=10 words)
2596,0.47010174003740723,0.5,0.5,6,2 Medium (5-9 words)
2598,0.20483424751859086,0.2,0.3333333333333333,9,2 Medium (5-9 words)
2602,0.43231813227099475,0.3,1.0,6,2 Medium (5-9 words)
2611,0.7241528458281337,0.7,1.0,4,1 Short (<5 words)
2619,0.715550648768261,0.6,1.0,9,2 Medium (5-9 words)
262,0.28952298823485745,0.2,1.0,6,2 Medium (5-9 words)
2625,0.0,0.0,0.0,3,1 Short (<5 words)
2627,0.22009176629808017,0.1,1.0,7,2 Medium (5-9 words)
2628,0.22009176629808017,0.1,1.0,5,2 Medium (5-9 words)
2631,0.5384313152574521,0.4,1.0,4,1 Short (<5 words)
2632,0.6293644814585829,0.6,1.0,4,1 Short (<5 words)
2635,0.1736666713479918,0.2,0.3333333333333333,5,2 Medium (5-9 words)
2636,0.5837154733670049,0.5,1.0,11,3 Long (>=10 words)
2641,0.43735247915031,0.3,1.0,9,2 Medium (5-9 words)
2653,0.424926013816671,0.3,1.0,4,1 Short (<5 words)
2657,0.6651928536555899,0.6,1.0,7,2 Medium (5-9 words)
2685,0.22009176629808017,0.1,1.0,3,1 Short (<5 words)
2694,0.24655055544758614,0.3,0.25,6,2 Medium (5-9 words)
2696,0.6489315753318465,0.5,1.0,8,2 Medium (5-9 words)
2701,0.2934556883974402,0.2,1.0,5,2 Medium (5-9 words)
2702,0.0,0.0,0.0,6,2 Medium (5-9 words)
2704,0.45577863618303804,0.5,0.5,10,3 Long (>=10 words)
2712,0.7778721720600673,0.7,1.0,9,2 Medium (5-9 words)
2721,0.6332196796270029,0.5,1.0,7,2 Medium (5-9 words)
2722,0.4220949603708207,0.4,0.5,6,2 Medium (5-9 words)
2723,0.31488013066763093,0.2,1.0,7,2 Medium (5-9 words)
2724,0.30523488393970116,0.2,1.0,4,1 Short (<5 words)
2728,0.5036067026046991,0.4,1.0,3,1 Short (<5 words)
2734,0.0,0.0,0.0,5,2 Medium (5-9 words)
2739,0.6968404678259545,0.6,1.0,7,2 Medium (5-9 words)
2745,0.22009176629808017,0.1,1.0,7,2 Medium (5-9 words)
2750,0.5637884576902256,0.4,1.0,12,3 Long (>=10 words)
2753,0.14201905717762703,0.2,0.16666666666666666,4,1 Short (<5 words)
2758,0.3222722491219547,0.3,0.5,5,2 Medium (5-9 words)
2759,0.5919268187287083,0.5,1.0,6,2 Medium (5-9 words)
276,0.4537425745411855,0.3,1.0,5,2 Medium (5-9 words)
2768,0.40853591842579556,0.3,1.0,6,2 Medium (5-9 words)
2777,0.3589542101716347,0.2,1.0,4,1 Short (<5 words)
2780,0.6207622843987103,0.5,1.0,8,2 Medium (5-9 words)
2788,0.5637884576902256,0.4,1.0,9,2 Medium (5-9 words)
2789,0.37185395737611554,0.3,1.0,4,1 Short (<5 words)
2798,0.06625422345438903,0.1,0.1111111111111111,5,2 Medium (5-9 words)
2803,0.6086182388744239,0.5,1.0,4,1 Short (<5 words)
2811,0.4354747455750672,0.4,1.0,4,1 Short (<5 words)
2816,0.2906246349515899,0.3,0.5,8,2 Medium (5-9 words)
2824,0.06943122193677727,0.1,0.125,8,2 Medium (5-9 words)
2826,0.23177307466786254,0.3,0.25,6,2 Medium (5-9 words)
2832,0.20483424751859086,0.2,0.3333333333333333,4,1 Short (<5 words)
284,0.3633412872595719,0.4,0.3333333333333333,8,2 Medium (5-9 words)
2848,0.2863459897524692,0.2,1.0,4,1 Short (<5 words)
2857,0.5957616317188126,0.5,1.0,6,2 Medium (5-9 words)
2858,0.13698471029831175,0.2,0.14285714285714285,7,2 Medium (5-9 words)
2860,0.0,0.0,0.0,5,2 Medium (5-9 words)
2867,0.6332196796270029,0.5,1.0,6,2 Medium (5-9 words)
2869,0.29155904987671,0.4,0.2,5,2 Medium (5-9 words)
2875,0.13305201013572898,0.2,0.125,5,2 Medium (5-9 words)
2879,0.5067837010870873,0.4,1.0,6,2 Medium (5-9 words)
2893,0.22009176629808017,0.1,1.0,8,2 Medium (5-9 words)
2896,0.5036067026046991,0.4,1.0,7,2 Medium (5-9 words)
29,0.4690000933206748,0.3,1.0,5,2 Medium (5-9 words)
290,0.13886244387355454,0.09090909090909091,0.5,7,2 Medium (5-9 words)
2900,0.5894280199323518,0.5,1.0,5,2 Medium (5-9 words)
2901,0.4288398090337664,0.4,0.5,4,1 Short (<5 words)
2903,0.42838543210841196,0.3,1.0,4,1 Short (<5 words)
2904,0.0,0.0,0.0,5,2 Medium (5-9 words)
2911,0.33013764944712026,0.2,1.0,7,2 Medium (5-9 words)
2915,0.06362078819895171,0.1,0.1,5,2 Medium (5-9 words)
2931,0.5423640154200349,0.4,1.0,9,2 Medium (5-9 words)
2936,0.7019727018777485,0.6,1.0,6,2 Medium (5-9 words)
2942,0.3227266260473091,0.4,0.25,4,1 Short (<5 words)
2948,0.5442213638169618,0.5,1.0,6,2 Medium (5-9 words)
2955,0.4341754806679218,0.4,1.0,6,2 Medium (5-9 words)
2960,0.4690000933206748,0.3,1.0,5,2 Medium (5-9 words)
2961,0.3647442587311445,0.3,1.0,6,2 Medium (5-9 words)
2964,0.07336392209936005,0.1,0.14285714285714285,7,2 Medium (5-9 words)
2968,0.6046855387118412,0.5,1.0,9,2 Medium (5-9 words)
2977,0.5017289690294563,0.5,1.0,6,2 Medium (5-9 words)
2988,0.3499667779514209,0.3,1.0,5,2 Medium (5-9 words)
299,0.6117952373568122,0.5,1.0,4,1 Short (<5 words)
2991,0.32730659600126993,0.3,0.5,8,2 Medium (5-9 words)
2999,0.4690000933206748,0.3,1.0,5,2 Medium (5-9 words)
3003,0.3995688713838975,0.3,1.0,5,2 Medium (5-9 words)
3013,0.19518900079066107,0.2,0.3333333333333333,4,1 Short (<5 words)
3014,0.3436966913921454,0.2727272727272727,0.5,6,2 Medium (5-9 words)
3015,0.21222636597291458,0.2,0.5,9,2 Medium (5-9 words)
3019,0.2687374555268953,0.3,0.5,7,2 Medium (5-9 words)
302,0.22400556151517553,0.2,0.5,4,1 Short (<5 words)
3020,0.2984900352767555,0.2,1.0,3,1 Short (<5 words)
3021,0.31488013066763093,0.2,1.0,8,2 Medium (5-9 words)
3022,0.0,0.0,0.0,6,2 Medium (5-9 words)
3026,0.1731866333482261,0.2,0.25,6,2 Medium (5-9 words)
3033,0.11004588314904008,0.1,0.3333333333333333,6,2 Medium (5-9 words)
3034,0.22009176629808017,0.1,1.0,7,2 Medium (5-9 words)
3039,0.14465249243306436,0.2,0.16666666666666666,3,1 Short (<5 words)
3040,0.31204907722178066,0.3,0.5,4,1 Short (<5 words)
3044,0.33013764944712026,0.2,1.0,10,3 Long (>=10 words)
3047,0.09478836436955078,0.1,0.25,6,2 Medium (5-9 words)
3051,0.06362078819895171,0.1,0.1,4,1 Short (<5 words)
3053,0.2863459897524692,0.2,1.0,7,2 Medium (5-9 words)
3057,0.2051166673279436,0.2,0.5,4,1 Short (<5 words)
306,0.5009732673492616,0.4,1.0,4,1 Short (<5 words)
3060,0.06625422345438903,0.1,0.1111111111111111,6,2 Medium (5-9 words)
3061,0.4505655760587972,0.4,1.0,5,2 Medium (5-9 words)
3073,0.09478836436955078,0.1,0.25,9,2 Medium (5-9 words)
308,0.3785988060390612,0.3,1.0,4,1 Short (<5 words)
3081,0.13698471029831175,0.2,0.14285714285714285,5,2 Medium (5-9 words)
3090,0.13886244387355454,0.1,0.5,4,1 Short (<5 words)
3092,0.3589542101716347,0.2,1.0,11,3 Long (>=10 words)
3093,0.424926013816671,0.3,1.0,6,2 Medium (5-9 words)
3097,0.2874476364692017,0.4,0.16666666666666666,13,3 Long (>=10 words)
3098,0.3679212572135327,0.3,1.0,8,2 Medium (5-9 words)
31,0.38541299932114065,0.4,0.5,4,1 Short (<5 words)
3111,0.22793826167775827,0.3,0.2,6,2 Medium (5-9 words)
3114,0.424926013816671,0.2727272727272727,1.0,8,2 Medium (5-9 words)
3115,0.3340514446642156,0.3,0.5,4,1 Short (<5 words)
3125,0.09478836436955078,0.1,0.25,4,1 Short (<5 words)
3126,0.7151857987862356,0.6,1.0,6,2 Medium (5-9 words)
3128,0.22009176629808017,0.1,1.0,5,2 Medium (5-9 words)
3131,0.13886244387355454,0.1,0.5,5,2 Medium (5-9 words)
3133,0.0,0.0,0.0,6,2 Medium (5-9 words)
3140,0.09478836436955078,0.1,0.25,8,2 Medium (5-9 words)
3149,0.30623864348395513,0.4,0.25,4,1 Short (<5 words)
315,0.33013764944712026,0.2,1.0,15,3 Long (>=10 words)
3151,0.47479014188018454,0.4,1.0,6,2 Medium (5-9 words)
3153,0.21726071285222986,0.2,0.5,7,2 Medium (5-9 words)
3158,0.2934556883974402,0.2,1.0,6,2 Medium (5-9 words)
3164,0.5271064966405455,0.4,1.0,5,2 Medium (5-9 words)
3165,0.6059848036189867,0.5,1.0,4,1 Short (<5 words)
3172,0.36885567213865283,0.3,1.0,4,1 Short (<5 words)
3173,0.23047380976071707,0.3,0.25,7,2 Medium (5-9 words)
3188,0.42367664508731884,0.5,0.5,6,2 Medium (5-9 words)
3194,0.15457433957839825,0.2,0.2,4,1 Short (<5 words)
32,0.0,0.0,0.0,5,2 Medium (5-9 words)
3203,0.22009176629808017,0.1,1.0,5,2 Medium (5-9 words)
3207,0.5173633627401372,0.4,1.0,4,1 Short (<5 words)
3210,0.4690000933206748,0.3,1.0,4,1 Short (<5 words)
3211,0.5736899196572436,0.5,1.0,4,1 Short (<5 words)
3212,0.6870165078530993,0.6,1.0,6,2 Medium (5-9 words)
3218,0.3995688713838975,0.3,1.0,6,2 Medium (5-9 words)
3231,0.22400556151517553,0.2,0.5,5,2 Medium (5-9 words)
3234,0.424926013816671,0.3,1.0,6,2 Medium (5-9 words)
324,0.5836175861945262,0.5,1.0,4,1 Short (<5 words)
3265,0.2687374555268953,0.3,0.5,5,2 Medium (5-9 words)
327,0.2906246349515899,0.2727272727272727,0.5,7,2 Medium (5-9 words)
3273,0.5224955967919311,0.4,1.0,6,2 Medium (5-9 words)
3274,0.3340514446642156,0.3,0.5,6,2 Medium (5-9 words)
3284,0.13886244387355454,0.1,0.5,6,2 Medium (5-9 words)
3285,0.4690000933206748,0.3,1.0,7,2 Medium (5-9 words)
3302,0.4662774717636409,0.4,1.0,6,2 Medium (5-9 words)
3306,0.42838543210841196,0.3,1.0,4,1 Short (<5 words)
3308,0.6489315753318465,0.5,1.0,7,2 Medium (5-9 words)
3311,0.7948833326720564,0.8,1.0,5,2 Medium (5-9 words)
3319,0.0,0.0,0.0,5,2 Medium (5-9 words)
3337,0.3468533046962179,0.4,0.3333333333333333,7,2 Medium (5-9 words)
3338,0.22979561007468535,0.3,0.2,4,1 Short (<5 words)
3341,0.4472539411173282,0.4,1.0,6,2 Medium (5-9 words)
3342,0.11004588314904008,0.1,0.3333333333333333,6,2 Medium (5-9 words)
3352,0.06943122193677727,0.1,0.125,3,1 Short (<5 words)
3355,0.43231813227099475,0.3,1.0,4,1 Short (<5 words)
3357,0.8572048559638628,0.7272727272727273,1.0,4,1 Short (<5 words)
3358,0.933745776545611,0.9,1.0,5,2 Medium (5-9 words)
3362,0.0,0.0,0.0,4,1 Short (<5 words)
3364,0.4779671403625728,0.4,1.0,4,1 Short (<5 words)
3371,0.5033242827953464,0.4,1.0,5,2 Medium (5-9 words)
3379,0.5388856921828065,0.4,1.0,6,2 Medium (5-9 words)
3391,0.11004588314904008,0.1,0.3333333333333333,6,2 Medium (5-9 words)
3393,0.5072380780124418,0.5,0.5,4,1 Short (<5 words)
3399,0.22400556151517553,0.2,0.5,3,1 Short (<5 words)
34,0.424926013816671,0.3,1.0,4,1 Short (<5 words)
3401,0.7241528458281337,0.7,1.0,4,1 Short (<5 words)
3427,0.09478836436955078,0.1,0.25,5,2 Medium (5-9 words)
3443,0.0,0.0,0.0,7,2 Medium (5-9 words)
3444,0.55206785919664,0.6,0.5,6,2 Medium (5-9 words)
3453,0.06625422345438903,0.1,0.1111111111111111,6,2 Medium (5-9 words)
3456,0.5958595188912912,0.5,1.0,8,2 Medium (5-9 words)
3459,0.28088150105118154,0.3,0.5,5,2 Medium (5-9 words)
3461,0.30523488393970116,0.2,1.0,4,1 Short (<5 words)
3472,0.715550648768261,0.6,1.0,8,2 Medium (5-9 words)
3474,0.1884441521277154,0.2,0.3333333333333333,4,1 Short (<5 words)
3479,0.2435522702101235,0.3,0.25,10,3 Long (>=10 words)
3481,0.5384313152574521,0.4,1.0,7,2 Medium (5-9 words)
3483,0.2781981696179509,0.3,0.3333333333333333,4,1 Short (<5 words)
3489,0.06943122193677727,0.1,0.125,7,2 Medium (5-9 words)
3492,0.5541432109622958,0.4,1.0,6,2 Medium (5-9 words)
35,0.424926013816671,0.3,1.0,8,2 Medium (5-9 words)
3501,0.23365080824310533,0.2,0.5,6,2 Medium (5-9 words)
3506,0.22009176629808017,0.1,1.0,8,2 Medium (5-9 words)
3509,0.4480300279758384,0.4,1.0,4,1 Short (<5 words)
3515,0.3785988060390612,0.3,1.0,3,1 Short (<5 words)
3522,0.22009176629808017,0.1,1.0,6,2 Medium (5-9 words)
3526,0.42257499837058643,0.3,1.0,13,3 Long (>=10 words)
3530,0.3995688713838975,0.3,1.0,11,3 Long (>=10 words)
3532,0.07839826897867533,0.07692307692307693,0.16666666666666666,4,1 Short (<5 words)
3537,0.6620158551732016,0.6,1.0,4,1 Short (<5 words)
354,0.2618080742270754,0.3,0.3333333333333333,5,2 Medium (5-9 words)
3543,0.13886244387355454,0.07692307692307693,0.5,5,2 Medium (5-9 words)
3546,0.0,0.0,0.0,4,1 Short (<5 words)
355,0.2973694836145356,0.3,0.5,5,2 Medium (5-9 words)
3551,0.2973694836145356,0.3,0.5,6,2 Medium (5-9 words)
3557,0.5958595188912912,0.5,1.0,4,1 Short (<5 words)
356,0.33013764944712026,0.2,1.0,4,1 Short (<5 words)
3568,0.22009176629808017,0.1,1.0,4,1 Short (<5 words)
3570,0.3589542101716347,0.2,1.0,4,1 Short (<5 words)
3571,0.5271064966405455,0.4,1.0,7,2 Medium (5-9 words)
3574,0.38363315291837646,0.3,1.0,4,1 Short (<5 words)
3578,0.2426178552850034,0.3,0.25,4,1 Short (<5 words)
3582,0.41528076708874123,0.3,1.0,4,1 Short (<5 words)
3591,0.0,0.0,0.0,4,1 Short (<5 words)
3593,0.5173633627401372,0.4,1.0,6,2 Medium (5-9 words)
3594,0.42602766053340346,0.5,0.3333333333333333,6,2 Medium (5-9 words)
3595,0.6207622843987103,0.5,1.0,8,2 Medium (5-9 words)
3596,0.5231737964779628,0.4,1.0,6,2 Medium (5-9 words)
3599,0.7007731679885374,0.6,1.0,7,2 Medium (5-9 words)
3600,0.4789015552876929,0.4,1.0,7,2 Medium (5-9 words)
3605,0.3647442587311445,0.3,1.0,4,1 Short (<5 words)
3609,0.09478836436955078,0.1,0.25,5,2 Medium (5-9 words)
3618,0.3963918729015093,0.3,1.0,5,2 Medium (5-9 words)
3628,0.3589542101716347,0.2,1.0,6,2 Medium (5-9 words)
363,0.0,0.0,0.0,8,2 Medium (5-9 words)
3637,0.4569970750177365,0.4,1.0,8,2 Medium (5-9 words)
3638,0.5224955967919311,0.4,1.0,7,2 Medium (5-9 words)
3639,0.6207622843987103,0.5,1.0,9,2 Medium (5-9 words)
364,0.43735247915031,0.3,1.0,6,2 Medium (5-9 words)
3640,0.22400556151517553,0.2,0.5,6,2 Medium (5-9 words)
3645,0.3932783996463063,0.3,1.0,4,1 Short (<5 words)
3646,0.0,0.0,0.0,7,2 Medium (5-9 words)
3655,0.2934556883974402,0.2,1.0,7,2 Medium (5-9 words)
3656,0.42838543210841196,0.3,1.0,5,2 Medium (5-9 words)
3657,0.21222636597291458,0.2,0.5,4,1 Short (<5 words)
3663,0.36288691033421744,0.3,1.0,4,1 Short (<5 words)
3675,0.41528076708874123,0.3,1.0,4,1 Short (<5 words)
3677,0.5370079586075637,0.5,1.0,5,2 Medium (5-9 words)
368,0.424926013816671,0.3,1.0,9,2 Medium (5-9 words)
3689,0.33013764944712026,0.2,1.0,7,2 Medium (5-9 words)
3691,0.0,0.0,0.0,4,1 Short (<5 words)
370,0.18340980524840012,0.2,0.3333333333333333,5,2 Medium (5-9 words)
3700,0.4936790360674166,0.4,1.0,5,2 Medium (5-9 words)
3702,0.17630010660342912,0.2,0.3333333333333333,6,2 Medium (5-9 words)
371,0.35970991185182927,0.3,1.0,8,2 Medium (5-9 words)
3710,0.0,0.0,0.0,7,2 Medium (5-9 words)
3712,0.4985723557253838,0.4,1.0,4,1 Short (<5 words)
3715,0.715550648768261,0.6,1.0,10,3 Long (>=10 words)
3717,0.41528076708874123,0.3,1.0,7,2 Medium (5-9 words)
3721,0.06625422345438903,0.1,0.1111111111111111,8,2 Medium (5-9 words)
3725,0.5077181160122074,0.4,1.0,5,2 Medium (5-9 words)
3730,0.3340514446642156,0.3,0.5,6,2 Medium (5-9 words)
3738,0.30523488393970116,0.2,1.0,4,1 Short (<5 words)
3743,0.5326208815196265,0.4,1.0,5,2 Medium (5-9 words)
3744,0.3222722491219547,0.3,0.5,10,3 Long (>=10 words)
3750,0.17993148201117176,0.2,0.25,5,2 Medium (5-9 words)
3751,0.4537425745411855,0.3,1.0,6,2 Medium (5-9 words)
3755,0.39767223286316733,0.4,0.5,4,1 Short (<5 words)
3758,0.2618080742270754,0.21428571428571427,0.3333333333333333,4,1 Short (<5 words)
3765,0.2435522702101235,0.25,0.25,6,2 Medium (5-9 words)
3769,0.513528549750033,0.4,1.0,3,1 Short (<5 words)
377,0.37850091886658266,0.3,1.0,5,2 Medium (5-9 words)
3770,0.5455017237786198,0.6,0.5,4,1 Short (<5 words)
3772,0.08514311764162098,0.1,0.2,7,2 Medium (5-9 words)
3774,0.2934556883974402,0.2,1.0,4,1 Short (<5 words)
3777,0.18340980524840012,0.2,0.3333333333333333,3,1 Short (<5 words)
378,0.38363315291837646,0.3,1.0,7,2 Medium (5-9 words)
3793,0.2984900352767555,0.2,1.0,5,2 Medium (5-9 words)
3795,0.42257499837058643,0.3,1.0,10,3 Long (>=10 words)
3796,0.424926013816671,0.3,1.0,5,2 Medium (5-9 words)
3800,0.06943122193677727,0.1,0.125,4,1 Short (<5 words)
3807,0.08514311764162098,0.1,0.2,5,2 Medium (5-9 words)
3824,0.06943122193677727,0.1,0.125,6,2 Medium (5-9 words)
3833,0.8263333286520083,0.8,1.0,6,2 Medium (5-9 words)
3834,0.5473983622993502,0.4,1.0,5,2 Medium (5-9 words)
3839,0.7655934900767002,0.7,1.0,6,2 Medium (5-9 words)
3843,0.5442213638169618,0.5,1.0,3,1 Short (<5 words)
3848,0.28952298823485745,0.2,1.0,4,1 Short (<5 words)
3849,0.0,0.0,0.0,5,2 Medium (5-9 words)
385,0.4779671403625728,0.4,1.0,4,1 Short (<5 words)
3851,0.5658245193320782,0.5,0.5,8,2 Medium (5-9 words)
3854,0.0,0.0,0.0,8,2 Medium (5-9 words)
3857,0.5836175861945262,0.5,1.0,5,2 Medium (5-9 words)
3862,0.7951657524814092,0.8,1.0,7,2 Medium (5-9 words)
3865,0.42838543210841196,0.3,1.0,4,1 Short (<5 words)
3875,0.34948673995165525,0.4,0.3333333333333333,6,2 Medium (5-9 words)
3877,0.199306233590118,0.3,0.125,5,2 Medium (5-9 words)
3883,0.3971921948634016,0.4,0.5,8,2 Medium (5-9 words)
3888,0.13886244387355454,0.1,0.5,9,2 Medium (5-9 words)
3892,0.07839826897867533,0.1,0.16666666666666666,6,2 Medium (5-9 words)
3894,0.5036067026046991,0.4,1.0,3,1 Short (<5 words)
3901,0.13886244387355454,0.1,0.5,11,3 Long (>=10 words)
3910,0.06943122193677727,0.1,0.125,6,2 Medium (5-9 words)
3917,0.22784037450527975,0.3,0.25,7,2 Medium (5-9 words)
3925,0.15850703974098102,0.2,0.2,7,2 Medium (5-9 words)
3934,0.2984900352767555,0.2,1.0,6,2 Medium (5-9 words)
3938,0.6325414799409712,0.5,1.0,4,1 Short (<5 words)
3941,0.1681522864689108,0.2,0.25,6,2 Medium (5-9 words)
3942,0.2863459897524692,0.2,1.0,5,2 Medium (5-9 words)
3950,0.31204907722178066,0.3,0.5,6,2 Medium (5-9 words)
3953,0.3785988060390612,0.3,1.0,6,2 Medium (5-9 words)
3958,0.5271064966405455,0.4,1.0,6,2 Medium (5-9 words)
3977,0.31516255047698366,0.3,0.5,6,2 Medium (5-9 words)
3982,0.21408371436984167,0.3,0.16666666666666666,3,1 Short (<5 words)
3986,0.08514311764162098,0.1,0.2,6,2 Medium (5-9 words)
3993,0.2984900352767555,0.2,1.0,10,3 Long (>=10 words)
3997,0.6168295842361274,0.5,1.0,12,3 Long (>=10 words)
3999,0.5326208815196265,0.4,1.0,7,2 Medium (5-9 words)
4006,0.5637884576902256,0.4,1.0,4,1 Short (<5 words)
4010,0.4537425745411855,0.3,1.0,6,2 Medium (5-9 words)
4019,0.07839826897867533,0.1,0.16666666666666666,5,2 Medium (5-9 words)
4024,0.2863459897524692,0.2,1.0,5,2 Medium (5-9 words)
4026,0.3164618153841291,0.4,0.3333333333333333,6,2 Medium (5-9 words)
4031,0.5473983622993502,0.4,1.0,7,2 Medium (5-9 words)
4039,0.46001266110046096,0.4,1.0,7,2 Medium (5-9 words)
4048,0.4954588824701808,0.5,0.5,5,2 Medium (5-9 words)
405,0.20248323207250624,0.2,0.5,7,2 Medium (5-9 words)
4050,0.39092738420022166,0.4,0.5,5,2 Medium (5-9 words)
4051,0.0,0.0,0.0,5,2 Medium (5-9 words)
4056,0.47479014188018454,0.4,1.0,4,1 Short (<5 words)
4057,0.6332196796270029,0.5,1.0,6,2 Medium (5-9 words)
4059,0.3971921948634016,0.4,0.5,5,2 Medium (5-9 words)
4064,0.2863459897524692,0.2,1.0,4,1 Short (<5 words)
4072,0.5036067026046991,0.4,1.0,9,2 Medium (5-9 words)
4074,0.22009176629808017,0.1,1.0,5,2 Medium (5-9 words)
4078,0.33013764944712026,0.2,1.0,4,1 Short (<5 words)
4085,0.49118023727106,0.4,1.0,5,2 Medium (5-9 words)
4088,0.3843113526044082,0.3,1.0,9,2 Medium (5-9 words)
4102,0.6015720654566381,0.5,1.0,9,2 Medium (5-9 words)
4106,0.31488013066763093,0.2,1.0,8,2 Medium (5-9 words)
4111,0.34445239307233994,0.4,0.3333333333333333,4,1 Short (<5 words)
4113,0.4440973278132557,0.3,1.0,9,2 Medium (5-9 words)
4114,0.3787833386759354,0.4,0.5,5,2 Medium (5-9 words)
4119,0.07839826897867533,0.1,0.16666666666666666,5,2 Medium (5-9 words)
4122,0.33013764944712026,0.2,1.0,5,2 Medium (5-9 words)
4130,0.5271064966405455,0.4,1.0,4,1 Short (<5 words)
4131,0.5618918191694954,0.6,0.5,9,2 Medium (5-9 words)
4137,0.4954588824701808,0.5,0.5,4,1 Short (<5 words)
4147,0.7695261902392829,0.7,1.0,6,2 Medium (5-9 words)
4151,0.8643145546088337,0.8,1.0,5,2 Medium (5-9 words)
4157,0.18340980524840012,0.2,0.3333333333333333,5,2 Medium (5-9 words)
416,0.2863459897524692,0.18181818181818182,1.0,7,2 Medium (5-9 words)
4166,0.09478836436955078,0.1,0.25,9,2 Medium (5-9 words)
4167,0.42838543210841196,0.3,1.0,6,2 Medium (5-9 words)
4169,0.38363315291837646,0.3,1.0,7,2 Medium (5-9 words)
4170,0.38113435412202,0.3,1.0,7,2 Medium (5-9 words)
4173,0.34445239307233994,0.4,0.3333333333333333,4,1 Short (<5 words)
4174,0.2999050316974944,0.3,0.5,4,1 Short (<5 words)
4175,0.2906246349515899,0.3,0.5,5,2 Medium (5-9 words)
4183,0.2934556883974402,0.2,1.0,6,2 Medium (5-9 words)
419,0.23365080824310533,0.2,0.5,7,2 Medium (5-9 words)
4199,0.3589542101716347,0.2,1.0,3,1 Short (<5 words)
42,0.2934556883974402,0.2,1.0,4,1 Short (<5 words)
4203,0.13886244387355454,0.1,0.5,4,1 Short (<5 words)
4219,0.33013764944712026,0.2,1.0,5,2 Medium (5-9 words)
4223,0.09478836436955078,0.1,0.25,3,1 Short (<5 words)
4224,0.30523488393970116,0.2,1.0,6,2 Medium (5-9 words)
423,0.5473983622993502,0.36363636363636365,1.0,4,1 Short (<5 words)
4230,0.18340980524840012,0.2,0.3333333333333333,6,2 Medium (5-9 words)
4237,0.3436966913921454,0.3,0.5,5,2 Medium (5-9 words)
4245,0.24618570546556082,0.3,0.25,3,1 Short (<5 words)
4258,0.40853591842579556,0.3,1.0,5,2 Medium (5-9 words)
4266,0.27454788926472085,0.3,0.5,4,1 Short (<5 words)
4271,0.4690000933206748,0.3,1.0,6,2 Medium (5-9 words)
4276,0.5541432109622958,0.4,1.0,6,2 Medium (5-9 words)
4280,0.22009176629808017,0.1,1.0,4,1 Short (<5 words)
4290,0.4537425745411855,0.3,1.0,6,2 Medium (5-9 words)
4294,0.5173633627401372,0.4,1.0,8,2 Medium (5-9 words)
4295,0.3589542101716347,0.2,1.0,3,1 Short (<5 words)
4297,0.5837154733670049,0.5,1.0,4,1 Short (<5 words)
4303,0.8630152897016883,0.8,1.0,12,3 Long (>=10 words)
4309,0.0,0.0,0.0,9,2 Medium (5-9 words)
431,0.45449827622138,0.4,1.0,6,2 Medium (5-9 words)
4312,0.22009176629808017,0.1,1.0,4,1 Short (<5 words)
4315,0.0,0.0,0.0,5,2 Medium (5-9 words)
4318,0.40853591842579556,0.3,1.0,7,2 Medium (5-9 words)
4322,0.5428183923453893,0.5,1.0,3,1 Short (<5 words)
4328,0.28165758790969186,0.3,0.5,4,1 Short (<5 words)
4331,0.33013764944712026,0.2,1.0,5,2 Medium (5-9 words)
4336,0.09478836436955078,0.1,0.25,8,2 Medium (5-9 words)
4338,0.17630010660342912,0.2,0.3333333333333333,5,2 Medium (5-9 words)
434,0.3932783996463063,0.3,1.0,4,1 Short (<5 words)
4342,0.22009176629808017,0.08333333333333333,1.0,6,2 Medium (5-9 words)
4345,0.5352543167750639,0.4,1.0,8,2 Medium (5-9 words)
4348,0.6203974344166848,0.5,1.0,10,3 Long (>=10 words)
435,0.3190952506395664,0.36363636363636365,0.3333333333333333,7,2 Medium (5-9 words)
4354,0.2082936658103318,0.2,0.5,4,1 Short (<5 words)
4357,0.627507133061656,0.5,1.0,7,2 Medium (5-9 words)
4361,0.22009176629808017,0.1,1.0,7,2 Medium (5-9 words)
4367,0.5224955967919311,0.4,1.0,11,3 Long (>=10 words)
437,0.43231813227099475,0.3,1.0,8,2 Medium (5-9 words)
4374,0.3589542101716347,0.2,1.0,5,2 Medium (5-9 words)
4377,0.31488013066763093,0.2,1.0,6,2 Medium (5-9 words)
4380,0.424926013816671,0.3,1.0,5,2 Medium (5-9 words)
4388,0.5321408435198608,0.4,1.0,5,2 Medium (5-9 words)
4389,0.5036067026046991,0.4,1.0,6,2 Medium (5-9 words)
4391,0.21222636597291458,0.2,0.5,4,1 Short (<5 words)
4397,0.19518900079066107,0.2,0.3333333333333333,4,1 Short (<5 words)
440,0.0,0.0,0.0,3,1 Short (<5 words)
4400,0.6901935063354876,0.6,1.0,5,2 Medium (5-9 words)
4401,0.4697557950008693,0.4,1.0,9,2 Medium (5-9 words)
4404,0.3746661058764784,0.3,1.0,5,2 Medium (5-9 words)
4414,0.2863459897524692,0.2,1.0,11,3 Long (>=10 words)
4418,0.09478836436955078,0.1,0.25,9,2 Medium (5-9 words)
4432,0.2984900352767555,0.2,1.0,4,1 Short (<5 words)
4434,0.3436966913921454,0.3,0.5,4,1 Short (<5 words)
4435,0.2934556883974402,0.2,1.0,6,2 Medium (5-9 words)
4439,0.0,0.0,0.0,5,2 Medium (5-9 words)
4448,0.2984900352767555,0.2,1.0,7,2 Medium (5-9 words)
446,0.09478836436955078,0.1,0.25,3,1 Short (<5 words)
4468,0.40002324830925196,0.3,1.0,4,1 Short (<5 words)
4473,0.5330752584449808,0.5,1.0,5,2 Medium (5-9 words)
4476,0.06625422345438903,0.1,0.1111111111111111,4,1 Short (<5 words)
4483,0.8482378089219645,0.8,1.0,7,2 Medium (5-9 words)
4484,0.7753366239771086,0.7,1.0,6,2 Medium (5-9 words)
4485,0.17947710508581735,0.2,0.3333333333333333,4,1 Short (<5 words)
4489,0.0,0.0,0.0,4,1 Short (<5 words)
449,0.41528076708874123,0.3,1.0,7,2 Medium (5-9 words)
4514,0.3565964385966262,0.4,0.3333333333333333,12,3 Long (>=10 words)
4515,0.43735247915031,0.3,1.0,5,2 Medium (5-9 words)
4521,0.42257499837058643,0.3,1.0,8,2 Medium (5-9 words)
4523,0.22009176629808017,0.1,1.0,9,2 Medium (5-9 words)
4525,0.0,0.0,0.0,7,2 Medium (5-9 words)
4538,0.07839826897867533,0.1,0.16666666666666666,10,3 Long (>=10 words)
455,0.3596910069063418,0.4,0.5,6,2 Medium (5-9 words)
4557,0.06943122193677727,0.1,0.125,11,3 Long (>=10 words)
4567,0.33013764944712026,0.2,1.0,5,2 Medium (5-9 words)
4572,0.07336392209936005,0.1,0.14285714285714285,4,1 Short (<5 words)
4576,0.6141069626790936,0.6,1.0,5,2 Medium (5-9 words)
4577,0.7967610662472993,0.7,1.0,5,2 Medium (5-9 words)
4583,0.6621137423456802,0.6,1.0,6,2 Medium (5-9 words)
4585,0.6083169141195838,0.5,1.0,5,2 Medium (5-9 words)
4587,0.1681522864689108,0.2,0.25,7,2 Medium (5-9 words)
459,0.5743371894486219,0.5,1.0,4,1 Short (<5 words)
4590,0.4642913062995817,0.5,0.5,4,1 Short (<5 words)
4596,0.4690000933206748,0.3,1.0,4,1 Short (<5 words)
4597,0.08514311764162098,0.1,0.2,4,1 Short (<5 words)
4609,0.22009176629808017,0.1,1.0,6,2 Medium (5-9 words)
4614,0.6110191504983019,0.5,1.0,8,2 Medium (5-9 words)
4615,0.5541432109622958,0.4,1.0,4,1 Short (<5 words)
4616,0.22009176629808017,0.1,1.0,8,2 Medium (5-9 words)
462,0.3030820301798826,0.3,0.5,6,2 Medium (5-9 words)
4620,0.5637884576902256,0.4,1.0,10,3 Long (>=10 words)
4621,0.3164618153841291,0.4,0.3333333333333333,5,2 Medium (5-9 words)
4627,0.5884674004369673,0.5,1.0,9,2 Medium (5-9 words)
4630,0.28323251649726616,0.3,0.3333333333333333,5,2 Medium (5-9 words)
4639,0.31204907722178066,0.3,0.5,5,2 Medium (5-9 words)
4644,0.39767223286316733,0.4,0.5,8,2 Medium (5-9 words)
4647,0.5271064966405455,0.4,1.0,4,1 Short (<5 words)
4648,0.642186726668901,0.5,1.0,6,2 Medium (5-9 words)
4649,0.2984900352767555,0.2,1.0,7,2 Medium (5-9 words)
4651,0.22009176629808017,0.1,1.0,5,2 Medium (5-9 words)
4656,0.37185395737611554,0.3,1.0,3,1 Short (<5 words)
4659,0.0,0.0,0.0,4,1 Short (<5 words)
466,0.06943122193677727,0.09090909090909091,0.125,5,2 Medium (5-9 words)
4673,0.3125291152215463,0.3,0.5,5,2 Medium (5-9 words)
4674,0.3562315886146009,0.4,0.3333333333333333,8,2 Medium (5-9 words)
4677,0.19518900079066107,0.2,0.3333333333333333,4,1 Short (<5 words)
4679,0.424926013816671,0.3,1.0,4,1 Short (<5 words)
4683,0.46945447024602915,0.4,1.0,5,2 Medium (5-9 words)
4692,0.13305201013572898,0.2,0.125,6,2 Medium (5-9 words)
4697,0.48864468918810133,0.4,1.0,8,2 Medium (5-9 words)
4698,0.11004588314904008,0.1,0.3333333333333333,10,3 Long (>=10 words)
4699,0.5704044892860389,0.5,1.0,3,1 Short (<5 words)
47,0.23690530871965634,0.3,0.2,4,1 Short (<5 words)
4706,0.2863459897524692,0.2,1.0,6,2 Medium (5-9 words)
4707,0.7125523635307982,0.6,1.0,6,2 Medium (5-9 words)
471,0.43735247915031,0.3,1.0,6,2 Medium (5-9 words)
4719,0.4779671403625728,0.4,1.0,4,1 Short (<5 words)
4721,0.5541432109622958,0.4,1.0,9,2 Medium (5-9 words)
4724,0.4537425745411855,0.3,1.0,4,1 Short (<5 words)
4731,0.78180487222265,0.7,1.0,6,2 Medium (5-9 words)
4737,0.5036067026046991,0.4,1.0,7,2 Medium (5-9 words)
4742,0.11004588314904008,0.1,0.3333333333333333,5,2 Medium (5-9 words)
4743,0.20483424751859086,0.2,0.3333333333333333,5,2 Medium (5-9 words)
4747,0.4537425745411855,0.3,1.0,9,2 Medium (5-9 words)
4748,0.43231813227099475,0.3,1.0,5,2 Medium (5-9 words)
4751,0.2863459897524692,0.2,1.0,12,3 Long (>=10 words)
4756,0.20248323207250624,0.2,0.5,5,2 Medium (5-9 words)
4759,0.42051172504001877,0.3333333333333333,1.0,4,1 Short (<5 words)
4765,0.27848058942730364,0.3,0.5,8,2 Medium (5-9 words)
4770,0.3594085870969891,0.4,0.3333333333333333,3,1 Short (<5 words)
4772,0.3589542101716347,0.2,1.0,5,2 Medium (5-9 words)
4773,0.5100691314582919,0.4,1.0,7,2 Medium (5-9 words)
4777,0.6652907408280685,0.6,1.0,6,2 Medium (5-9 words)
478,0.23365080824310533,0.2,0.5,6,2 Medium (5-9 words)
4783,0.3843113526044082,0.3,1.0,4,1 Short (<5 words)
4785,0.5423640154200349,0.4,1.0,4,1 Short (<5 words)
4792,0.09478836436955078,0.1,0.25,6,2 Medium (5-9 words)
4796,0.6015720654566381,0.5,1.0,5,2 Medium (5-9 words)
4808,0.5473983622993502,0.4,1.0,7,2 Medium (5-9 words)
4811,0.42838543210841196,0.3,1.0,8,2 Medium (5-9 words)
4819,0.5271064966405455,0.4,1.0,6,2 Medium (5-9 words)
4830,0.5231737964779628,0.4,1.0,8,2 Medium (5-9 words)
4831,0.800693766409882,0.7,1.0,4,1 Short (<5 words)
4840,0.2934556883974402,0.2,1.0,4,1 Short (<5 words)
485,0.5146417545924166,0.4444444444444444,1.0,6,2 Medium (5-9 words)
4853,0.2614432242450501,0.3,0.3333333333333333,5,2 Medium (5-9 words)
4855,0.5239294981581574,0.5,1.0,7,2 Medium (5-9 words)
4867,0.22400556151517553,0.2,0.5,6,2 Medium (5-9 words)
4876,0.49828993591603105,0.4,1.0,8,2 Medium (5-9 words)
4880,0.0,0.0,0.0,3,1 Short (<5 words)
4885,0.2984900352767555,0.2,1.0,5,2 Medium (5-9 words)
4887,0.2863459897524692,0.2,1.0,10,3 Long (>=10 words)
4890,0.5637884576902256,0.4,1.0,5,2 Medium (5-9 words)
4891,0.11004588314904008,0.08333333333333333,0.3333333333333333,3,1 Short (<5 words)
4902,0.23177307466786254,0.3,0.25,5,2 Medium (5-9 words)
4903,0.47338717040861195,0.4,1.0,8,2 Medium (5-9 words)
4908,0.3030820301798826,0.3,0.5,4,1 Short (<5 words)
4917,0.49828993591603105,0.4,1.0,8,2 Medium (5-9 words)
492,0.3589542101716347,0.2,1.0,5,2 Medium (5-9 words)
4922,0.41528076708874123,0.3,1.0,9,2 Medium (5-9 words)
4926,0.07839826897867533,0.1,0.16666666666666666,5,2 Medium (5-9 words)
4930,0.6835381846158709,0.6,1.0,4,1 Short (<5 words)
4935,0.0,0.0,0.0,4,1 Short (<5 words)
4937,0.2874476364692017,0.4,0.16666666666666666,5,2 Medium (5-9 words)
4939,0.36885567213865283,0.3,1.0,4,1 Short (<5 words)
4947,0.6461194268314837,0.6,1.0,9,2 Medium (5-9 words)
4948,0.28952298823485745,0.2,1.0,6,2 Medium (5-9 words)
4950,0.35970991185182927,0.3,1.0,4,1 Short (<5 words)
4951,0.19518900079066107,0.2,0.3333333333333333,5,2 Medium (5-9 words)
4953,0.22009176629808017,0.1,1.0,6,2 Medium (5-9 words)
4958,0.18340980524840012,0.2,0.3333333333333333,4,1 Short (<5 words)
4961,0.0,0.0,0.0,6,2 Medium (5-9 words)
497,0.0,0.0,0.0,9,2 Medium (5-9 words)
4971,0.06625422345438903,0.1,0.1111111111111111,5,2 Medium (5-9 words)
4973,0.6059848036189867,0.5,1.0,4,1 Short (<5 words)
4980,0.13886244387355454,0.1,0.5,3,1 Short (<5 words)
4983,0.2906246349515899,0.3,0.5,9,2 Medium (5-9 words)
4992,0.3340514446642156,0.3,0.5,7,2 Medium (5-9 words)
4995,0.31691619230948354,0.4,0.25,6,2 Medium (5-9 words)
4996,0.09478836436955078,0.1,0.25,5,2 Medium (5-9 words)
5001,0.0,0.0,0.0,5,2 Medium (5-9 words)
5006,0.47842151728792726,0.4,1.0,4,1 Short (<5 words)
5007,0.0,0.0,0.0,4,1 Short (<5 words)
5015,0.467122359745432,0.4,1.0,4,1 Short (<5 words)
5018,0.1487639058405727,0.2,0.2,8,2 Medium (5-9 words)
5029,0.5388856921828065,0.4,1.0,8,2 Medium (5-9 words)
5035,0.606439180544341,0.6,1.0,4,1 Short (<5 words)
5039,0.3589542101716347,0.2,1.0,3,1 Short (<5 words)
5046,0.6809047493604335,0.6,1.0,4,1 Short (<5 words)
5047,0.28952298823485745,0.2,1.0,4,1 Short (<5 words)
5048,0.727329844310522,0.6,1.0,9,2 Medium (5-9 words)
5051,0.26462022272743835,0.3,0.3333333333333333,8,2 Medium (5-9 words)
5054,0.11004588314904008,0.1,0.3333333333333333,5,2 Medium (5-9 words)
5055,0.4636440365082036,0.4,1.0,6,2 Medium (5-9 words)
5057,0.7019727018777485,0.6,1.0,10,3 Long (>=10 words)
5064,0.5766882048947064,0.5,1.0,6,2 Medium (5-9 words)
5069,0.13305201013572898,0.2,0.125,4,1 Short (<5 words)
5070,0.675416025555764,0.5454545454545454,1.0,7,2 Medium (5-9 words)
5072,0.22009176629808017,0.1,1.0,4,1 Short (<5 words)
5076,0.5199967979955745,0.4,1.0,5,2 Medium (5-9 words)
5077,0.2426178552850034,0.3,0.25,5,2 Medium (5-9 words)
5082,0.07839826897867533,0.1,0.16666666666666666,6,2 Medium (5-9 words)
5084,0.5958595188912912,0.5,1.0,6,2 Medium (5-9 words)
5088,0.4690000933206748,0.3,1.0,4,1 Short (<5 words)
5094,0.5541432109622958,0.4,1.0,4,1 Short (<5 words)
5095,0.0,0.0,0.0,4,1 Short (<5 words)
5097,0.6110191504983019,0.5,1.0,5,2 Medium (5-9 words)
5098,0.4690000933206748,0.3,1.0,4,1 Short (<5 words)
5104,0.6136525857537393,0.5,1.0,6,2 Medium (5-9 words)
5106,0.28997736516021183,0.3,0.3333333333333333,9,2 Medium (5-9 words)
5107,0.3531437764338092,0.3,1.0,7,2 Medium (5-9 words)
5108,0.5965377185773229,0.5,1.0,8,2 Medium (5-9 words)
5113,0.09478836436955078,0.1,0.25,5,2 Medium (5-9 words)
5115,0.4537425745411855,0.3,1.0,5,2 Medium (5-9 words)
5120,0.4959389204699464,0.4,1.0,7,2 Medium (5-9 words)
5122,0.22009176629808017,0.1,1.0,4,1 Short (<5 words)
5129,0.1884441521277154,0.2,0.3333333333333333,5,2 Medium (5-9 words)
5130,0.4818998405251556,0.4,1.0,6,2 Medium (5-9 words)
5132,0.4440973278132557,0.3,1.0,8,2 Medium (5-9 words)
5149,0.5321408435198608,0.4,1.0,10,3 Long (>=10 words)
5151,0.30523488393970116,0.2,1.0,6,2 Medium (5-9 words)
5157,0.3963918729015093,0.3,1.0,7,2 Medium (5-9 words)
5163,0.12987501165334076,0.2,0.1111111111111111,5,2 Medium (5-9 words)
5164,0.30523488393970116,0.2,1.0,5,2 Medium (5-9 words)
5167,0.5100691314582919,0.4,1.0,5,2 Medium (5-9 words)
5174,0.5637884576902256,0.4,1.0,6,2 Medium (5-9 words)
5177,0.18340980524840012,0.2,0.3333333333333333,5,2 Medium (5-9 words)
5186,0.5483327772244702,0.5,1.0,11,3 Long (>=10 words)
5188,0.4690000933206748,0.3,1.0,7,2 Medium (5-9 words)
519,0.21222636597291458,0.2,0.5,5,2 Medium (5-9 words)
5190,0.5022037311331264,0.5,0.5,3,1 Short (<5 words)
5192,0.5423640154200349,0.4,1.0,4,1 Short (<5 words)
520,0.11004588314904008,0.1,0.3333333333333333,4,1 Short (<5 words)
5202,0.22009176629808017,0.1,1.0,6,2 Medium (5-9 words)
521,0.06625422345438903,0.09090909090909091,0.1111111111111111,3,1 Short (<5 words)
5213,0.0,0.0,0.0,4,1 Short (<5 words)
5215,0.3542454231505416,0.4,0.5,4,1 Short (<5 words)
5219,0.40002324830925196,0.3,1.0,6,2 Medium (5-9 words)
522,0.2973694836145356,0.2727272727272727,0.5,8,2 Medium (5-9 words)
5224,0.5599332595218056,0.5,1.0,4,1 Short (<5 words)
5232,0.06625422345438903,0.1,0.1111111111111111,6,2 Medium (5-9 words)
5235,0.5107164012496701,0.36363636363636365,1.0,5,2 Medium (5-9 words)
5241,0.09478836436955078,0.1,0.25,10,3 Long (>=10 words)
5245,0.42838543210841196,0.3,1.0,5,2 Medium (5-9 words)
5251,0.06943122193677727,0.1,0.125,4,1 Short (<5 words)
5256,0.22009176629808017,0.1,1.0,9,2 Medium (5-9 words)
5257,0.40002324830925196,0.3,1.0,5,2 Medium (5-9 words)
5266,0.42520843362602373,0.3,1.0,6,2 Medium (5-9 words)
5269,0.36885567213865283,0.3,1.0,6,2 Medium (5-9 words)
5277,0.2687374555268953,0.3,0.5,4,1 Short (<5 words)
5278,0.49435723575344825,0.36363636363636365,1.0,6,2 Medium (5-9 words)
5284,0.4440973278132557,0.3,1.0,6,2 Medium (5-9 words)
5287,0.42520843362602373,0.3,1.0,7,2 Medium (5-9 words)
5295,0.6325414799409712,0.5,1.0,4,1 Short (<5 words)
5297,0.5352543167750639,0.4,1.0,4,1 Short (<5 words)
5300,0.17630010660342912,0.2,0.3333333333333333,7,2 Medium (5-9 words)
5302,0.14201905717762703,0.2,0.16666666666666666,6,2 Medium (5-9 words)
5314,0.30523488393970116,0.2,1.0,6,2 Medium (5-9 words)
5315,0.22009176629808017,0.1,1.0,6,2 Medium (5-9 words)
5316,0.22009176629808017,0.1,1.0,4,1 Short (<5 words)
5319,0.30701473034246535,0.3,0.5,4,1 Short (<5 words)
5322,0.2835149363066189,0.3,0.5,4,1 Short (<5 words)
5323,0.5637884576902256,0.4,1.0,5,2 Medium (5-9 words)
5325,0.6300426811446146,0.5,1.0,6,2 Medium (5-9 words)
5327,0.0,0.0,0.0,5,2 Medium (5-9 words)
5340,0.7909506325094737,0.7,1.0,8,2 Medium (5-9 words)
5341,0.49246059723271807,0.5,0.5,4,1 Short (<5 words)
5343,0.5834330535576521,0.5,1.0,4,1 Short (<5 words)
5347,0.2863459897524692,0.2,1.0,5,2 Medium (5-9 words)
5352,0.48331483694589444,0.5,0.5,7,2 Medium (5-9 words)
5356,0.0,0.0,0.0,4,1 Short (<5 words)
5358,0.31488013066763093,0.2,1.0,4,1 Short (<5 words)
5369,0.30523488393970116,0.2,1.0,4,1 Short (<5 words)
5381,0.22009176629808017,0.1,1.0,4,1 Short (<5 words)
5384,0.7885497208855957,0.7,1.0,7,2 Medium (5-9 words)
5386,0.5352543167750639,0.4,1.0,7,2 Medium (5-9 words)
5388,0.3995688713838975,0.3,1.0,6,2 Medium (5-9 words)
5393,0.22009176629808017,0.1,1.0,4,1 Short (<5 words)
5395,0.21726071285222986,0.16666666666666666,0.5,5,2 Medium (5-9 words)
5406,0.5271064966405455,0.3333333333333333,1.0,7,2 Medium (5-9 words)
5418,0.424926013816671,0.3,1.0,6,2 Medium (5-9 words)
5424,0.0,0.0,0.0,3,1 Short (<5 words)
5430,0.1478294909154526,0.2,0.16666666666666666,6,2 Medium (5-9 words)
5432,0.25284102718517737,0.3,0.3333333333333333,6,2 Medium (5-9 words)
5443,0.7542686714597936,0.7,1.0,6,2 Medium (5-9 words)
5448,0.627507133061656,0.5,1.0,4,1 Short (<5 words)
5453,0.22119341301481266,0.3,0.16666666666666666,7,2 Medium (5-9 words)
5457,0.5174612499126158,0.4,1.0,8,2 Medium (5-9 words)
5458,0.08514311764162098,0.1,0.2,4,1 Short (<5 words)
5460,0.7151857987862356,0.6,1.0,4,1 Short (<5 words)
5463,0.2863459897524692,0.2,1.0,4,1 Short (<5 words)
5476,0.28997736516021183,0.3,0.3333333333333333,8,2 Medium (5-9 words)
5482,0.3589542101716347,0.2,1.0,6,2 Medium (5-9 words)
5490,0.22009176629808017,0.1,1.0,6,2 Medium (5-9 words)
5494,0.15457433957839825,0.2,0.2,5,2 Medium (5-9 words)
5504,0.4440973278132557,0.3,1.0,5,2 Medium (5-9 words)
551,0.6300426811446146,0.5,1.0,7,2 Medium (5-9 words)
5518,0.67175898907361,0.6,1.0,7,2 Medium (5-9 words)
5522,0.7167674835027339,0.7,1.0,4,1 Short (<5 words)
5523,0.0,0.0,0.0,4,1 Short (<5 words)
5534,0.7034066032439746,0.6,1.0,9,2 Medium (5-9 words)
5536,0.33013764944712026,0.2,1.0,5,2 Medium (5-9 words)
5541,0.40002324830925196,0.3,1.0,4,1 Short (<5 words)
5544,0.2863459897524692,0.2,1.0,4,1 Short (<5 words)
5549,0.06943122193677727,0.1,0.125,3,1 Short (<5 words)
555,0.39375843764607193,0.3,1.0,7,2 Medium (5-9 words)
5554,0.424926013816671,0.3,1.0,6,2 Medium (5-9 words)
5560,0.11004588314904008,0.1,0.3333333333333333,4,1 Short (<5 words)
5571,0.06362078819895171,0.1,0.1,3,1 Short (<5 words)
5574,0.22009176629808017,0.1,1.0,5,2 Medium (5-9 words)
5576,0.3589542101716347,0.2,1.0,4,1 Short (<5 words)
5587,0.40002324830925196,0.3,1.0,6,2 Medium (5-9 words)
5606,0.0,0.0,0.0,5,2 Medium (5-9 words)
5608,0.22009176629808017,0.1,1.0,8,2 Medium (5-9 words)
5609,0.30523488393970116,0.2,1.0,6,2 Medium (5-9 words)
561,0.4662774717636409,0.4,1.0,4,1 Short (<5 words)
5616,0.06362078819895171,0.08333333333333333,0.1,6,2 Medium (5-9 words)
5618,0.26582000527739175,0.2222222222222222,0.5,3,1 Short (<5 words)
5619,0.2934556883974402,0.2,1.0,11,3 Long (>=10 words)
5631,0.5637884576902256,0.4,1.0,4,1 Short (<5 words)
5634,0.4440973278132557,0.3,1.0,6,2 Medium (5-9 words)
5637,0.3436966913921454,0.3,0.5,5,2 Medium (5-9 words)
5638,0.2742654694553681,0.3,0.3333333333333333,4,1 Short (<5 words)
564,0.28952298823485745,0.2,1.0,4,1 Short (<5 words)
5641,0.23365080824310533,0.2,0.5,7,2 Medium (5-9 words)
5648,0.6110191504983019,0.5,1.0,5,2 Medium (5-9 words)
5659,0.3589542101716347,0.2,1.0,8,2 Medium (5-9 words)
5671,0.0,0.0,0.0,9,2 Medium (5-9 words)
5680,0.28371255449703187,0.2,1.0,5,2 Medium (5-9 words)
5681,0.4440973278132557,0.3,1.0,7,2 Medium (5-9 words)
5687,0.22009176629808017,0.1,1.0,4,1 Short (<5 words)
57,0.7909506325094737,0.7,1.0,7,2 Medium (5-9 words)
570,0.5100691314582919,0.4,1.0,6,2 Medium (5-9 words)
5700,0.696162268139923,0.6,1.0,9,2 Medium (5-9 words)
5705,0.6207622843987103,0.5,1.0,6,2 Medium (5-9 words)
5706,0.42838543210841196,0.3,1.0,7,2 Medium (5-9 words)
5715,0.5174612499126158,0.4,1.0,5,2 Medium (5-9 words)
572,0.31488013066763093,0.2,1.0,5,2 Medium (5-9 words)
5722,0.5517854393872873,0.5,1.0,4,1 Short (<5 words)
5727,0.5116508161747901,0.5,1.0,8,2 Medium (5-9 words)
5753,0.5036067026046991,0.4,1.0,6,2 Medium (5-9 words)
5759,0.24618570546556082,0.3,0.25,7,2 Medium (5-9 words)
5765,0.1478294909154526,0.2,0.16666666666666666,3,1 Short (<5 words)
5772,0.28952298823485745,0.2,1.0,4,1 Short (<5 words)
5774,0.2980272981222516,0.4,0.25,6,2 Medium (5-9 words)
5776,0.2984900352767555,0.2,1.0,6,2 Medium (5-9 words)
578,0.09478836436955078,0.09090909090909091,0.25,4,1 Short (<5 words)
5787,0.5988751049740155,0.5,1.0,6,2 Medium (5-9 words)
5796,0.37185395737611554,0.3,1.0,6,2 Medium (5-9 words)
5797,0.22009176629808017,0.1,1.0,4,1 Short (<5 words)
5801,0.5868924718493931,0.5,1.0,3,1 Short (<5 words)
5802,0.5352543167750639,0.4,1.0,6,2 Medium (5-9 words)
5806,0.642186726668901,0.3333333333333333,1.0,8,2 Medium (5-9 words)
581,0.3340514446642156,0.25,0.5,4,1 Short (<5 words)
5816,0.28952298823485745,0.2,1.0,4,1 Short (<5 words)
5825,0.6835381846158709,0.6,1.0,8,2 Medium (5-9 words)
5834,0.6569815082938864,0.6,1.0,11,3 Long (>=10 words)
5835,0.2532954041105318,0.3,0.25,6,2 Medium (5-9 words)
5838,0.40350157154648025,0.3,1.0,6,2 Medium (5-9 words)
5840,0.31488013066763093,0.2,1.0,5,2 Medium (5-9 words)
5842,0.22009176629808017,0.1,1.0,5,2 Medium (5-9 words)
5848,0.32730659600126993,0.3,0.5,5,2 Medium (5-9 words)
5850,0.3436966913921454,0.3,0.5,4,1 Short (<5 words)
5856,0.2866919347890071,0.3,0.5,6,2 Medium (5-9 words)
5861,0.06943122193677727,0.1,0.125,6,2 Medium (5-9 words)
5878,0.5957616317188126,0.5,1.0,7,2 Medium (5-9 words)
5879,0.31488013066763093,0.2,1.0,6,2 Medium (5-9 words)
5888,0.5072380780124418,0.5,0.5,5,2 Medium (5-9 words)
5894,0.3531437764338092,0.3,1.0,6,2 Medium (5-9 words)
5897,0.6332196796270029,0.5,1.0,6,2 Medium (5-9 words)
5899,0.0,0.0,0.0,6,2 Medium (5-9 words)
5900,0.6809047493604335,0.6,1.0,6,2 Medium (5-9 words)
5902,0.13886244387355454,0.1,0.5,5,2 Medium (5-9 words)
5906,0.6267310462031457,0.6,1.0,8,2 Medium (5-9 words)
5920,0.40002324830925196,0.3,1.0,6,2 Medium (5-9 words)
5928,0.4690000933206748,0.3,1.0,6,2 Medium (5-9 words)
5930,0.491526182307598,0.5,0.5,6,2 Medium (5-9 words)
5941,0.0,0.0,0.0,4,1 Short (<5 words)
5944,0.0,0.0,0.0,6,2 Medium (5-9 words)
595,0.3589542101716347,0.18181818181818182,1.0,4,1 Short (<5 words)
5954,0.3589542101716347,0.2,1.0,10,3 Long (>=10 words)
5955,0.46035860613699886,0.45454545454545453,0.5,7,2 Medium (5-9 words)
5961,0.28323251649726616,0.3,0.3333333333333333,8,2 Medium (5-9 words)
5965,0.6207622843987103,0.5,1.0,4,1 Short (<5 words)
5967,0.13886244387355454,0.1,0.5,5,2 Medium (5-9 words)
597,0.0,0.0,0.0,4,1 Short (<5 words)
5974,0.793584067764911,0.7,1.0,5,2 Medium (5-9 words)
5977,0.3589542101716347,0.2,1.0,4,1 Short (<5 words)
5978,0.09478836436955078,0.1,0.25,5,2 Medium (5-9 words)
5989,0.4779671403625728,0.4,1.0,6,2 Medium (5-9 words)
5993,0.32730659600126993,0.3,0.5,6,2 Medium (5-9 words)
60,0.5473983622993502,0.4,1.0,6,2 Medium (5-9 words)
6002,0.11004588314904008,0.1,0.3333333333333333,3,1 Short (<5 words)
6005,0.5792140711633723,0.4444444444444444,1.0,6,2 Medium (5-9 words)
6013,0.3589542101716347,0.18181818181818182,1.0,7,2 Medium (5-9 words)
6022,0.3436966913921454,0.3,0.5,8,2 Medium (5-9 words)
6030,0.0,0.0,0.0,6,2 Medium (5-9 words)
6036,0.18340980524840012,0.2,0.3333333333333333,4,1 Short (<5 words)
6041,0.1681522864689108,0.2,0.25,8,2 Medium (5-9 words)
6042,0.6719377023185354,0.6,1.0,8,2 Medium (5-9 words)
6046,0.32730659600126993,0.3,0.5,6,2 Medium (5-9 words)
6048,0.07336392209936005,0.1,0.14285714285714285,8,2 Medium (5-9 words)
605,0.46664232174566633,0.4,1.0,5,2 Medium (5-9 words)
6055,0.49779626886687345,0.5,1.0,5,2 Medium (5-9 words)
6057,0.3589542101716347,0.2,1.0,8,2 Medium (5-9 words)
606,0.2999050316974944,0.3,0.5,11,3 Long (>=10 words)
6068,0.3885264725763437,0.4,0.5,5,2 Medium (5-9 words)
6069,0.0,0.0,0.0,6,2 Medium (5-9 words)
6070,0.5637884576902256,0.4,1.0,8,2 Medium (5-9 words)
6074,0.3589542101716347,0.2,1.0,6,2 Medium (5-9 words)
6076,0.4505655760587972,0.4,1.0,4,1 Short (<5 words)
6080,0.6936634693435663,0.6,1.0,5,2 Medium (5-9 words)
6084,0.22009176629808017,0.1,1.0,8,2 Medium (5-9 words)
6096,0.3600558568883671,0.4,0.5,6,2 Medium (5-9 words)
6101,0.3714891073940902,0.3,1.0,4,1 Short (<5 words)
6105,0.4288398090337664,0.4,0.5,6,2 Medium (5-9 words)
6106,0.2863459897524692,0.2,1.0,6,2 Medium (5-9 words)
6108,0.07336392209936005,0.1,0.14285714285714285,7,2 Medium (5-9 words)
611,0.38113435412202,0.3,1.0,4,1 Short (<5 words)
6115,0.28371255449703187,0.2,1.0,4,1 Short (<5 words)
6116,0.5933607200949346,0.5,1.0,4,1 Short (<5 words)
6119,0.36933625363427164,0.4,0.5,7,2 Medium (5-9 words)
6128,0.2934556883974402,0.2,1.0,8,2 Medium (5-9 words)
6130,0.11004588314904008,0.1,0.3333333333333333,5,2 Medium (5-9 words)
6139,0.5321408435198608,0.4,1.0,8,2 Medium (5-9 words)
6146,0.3686580539482399,0.4,0.5,7,2 Medium (5-9 words)
6147,0.0,0.0,0.0,6,2 Medium (5-9 words)
6156,0.2578753740644926,0.3,0.3333333333333333,6,2 Medium (5-9 words)
6167,0.11004588314904008,0.1,0.3333333333333333,5,2 Medium (5-9 words)
618,0.715550648768261,0.5,1.0,6,2 Medium (5-9 words)
6180,0.07839826897867533,0.1,0.16666666666666666,6,2 Medium (5-9 words)
6183,0.5810820381115676,0.5,1.0,6,2 Medium (5-9 words)
6185,0.5736899196572436,0.5,1.0,8,2 Medium (5-9 words)
6186,0.5606114592078373,0.5,1.0,8,2 Medium (5-9 words)
6187,0.14201905717762703,0.2,0.16666666666666666,4,1 Short (<5 words)
6199,0.5730379245414764,0.5,1.0,4,1 Short (<5 words)
6206,0.24618570546556082,0.3,0.25,6,2 Medium (5-9 words)
6207,0.28323251649726616,0.3,0.3333333333333333,3,1 Short (<5 words)
6213,0.6235744328990731,0.5,1.0,3,1 Short (<5 words)
6215,0.22009176629808017,0.1,1.0,3,1 Short (<5 words)
6217,0.20248323207250624,0.11764705882352941,0.5,7,2 Medium (5-9 words)
6225,0.0,0.0,0.0,6,2 Medium (5-9 words)
6230,0.3565964385966262,0.4,0.3333333333333333,4,1 Short (<5 words)
6232,0.0,0.0,0.0,4,1 Short (<5 words)
6234,0.23047380976071707,0.3,0.25,4,1 Short (<5 words)
6239,0.22009176629808017,0.1,1.0,4,1 Short (<5 words)
6241,0.5067837010870873,0.4,1.0,4,1 Short (<5 words)
6242,0.642186726668901,0.5,1.0,5,2 Medium (5-9 words)
6250,0.22009176629808017,0.1,1.0,5,2 Medium (5-9 words)
6254,0.39375843764607193,0.3,1.0,4,1 Short (<5 words)
6256,0.22009176629808017,0.1,1.0,4,1 Short (<5 words)
6259,0.5428183923453893,0.5,1.0,4,1 Short (<5 words)
6260,0.756902106715231,0.7,1.0,7,2 Medium (5-9 words)
6266,0.2934556883974402,0.2,1.0,5,2 Medium (5-9 words)
6268,0.0,0.0,0.0,6,2 Medium (5-9 words)
6270,0.3531437764338092,0.3,1.0,7,2 Medium (5-9 words)
6278,0.40350157154648025,0.3,1.0,7,2 Medium (5-9 words)
6286,0.715550648768261,0.6,1.0,6,2 Medium (5-9 words)
629,0.530263109944618,0.45454545454545453,1.0,8,2 Medium (5-9 words)
6290,0.0,0.0,0.0,5,2 Medium (5-9 words)
6292,0.5077181160122074,0.4,1.0,4,1 Short (<5 words)
6293,0.23365080824310533,0.2,0.5,9,2 Medium (5-9 words)
6299,0.933745776545611,0.9,1.0,6,2 Medium (5-9 words)
6303,0.4341754806679218,0.4,1.0,7,2 Medium (5-9 words)
6304,0.727329844310522,0.6,1.0,5,2 Medium (5-9 words)
632,0.7059054020403313,0.6,1.0,4,1 Short (<5 words)
6324,0.22009176629808017,0.1,1.0,8,2 Medium (5-9 words)
6331,0.5548989126424904,0.5,1.0,8,2 Medium (5-9 words)
6332,0.424926013816671,0.3,1.0,4,1 Short (<5 words)
6333,0.13886244387355454,0.1,0.5,5,2 Medium (5-9 words)
6337,0.1736666713479918,0.2,0.3333333333333333,5,2 Medium (5-9 words)
634,0.38113435412202,0.3,1.0,4,1 Short (<5 words)
6343,0.4537425745411855,0.3,1.0,7,2 Medium (5-9 words)
6345,0.3845937724137609,0.4,0.5,6,2 Medium (5-9 words)
6347,0.23365080824310533,0.2,0.5,4,1 Short (<5 words)
6348,0.47682620352203725,0.6,0.3333333333333333,6,2 Medium (5-9 words)
6349,0.5384313152574521,0.4,1.0,6,2 Medium (5-9 words)
6357,0.13305201013572898,0.2,0.125,8,2 Medium (5-9 words)
636,0.13698471029831175,0.18181818181818182,0.14285714285714285,6,2 Medium (5-9 words)
6361,0.5637884576902256,0.4,1.0,4,1 Short (<5 words)
6363,0.7162874455029682,0.8,0.5,7,2 Medium (5-9 words)
6364,0.06362078819895171,0.09090909090909091,0.1,12,3 Long (>=10 words)
6365,0.09010000865236768,0.125,0.16666666666666666,4,1 Short (<5 words)
6367,0.6300426811446146,0.5,1.0,9,2 Medium (5-9 words)
6375,0.26462022272743835,0.2727272727272727,0.3333333333333333,10,3 Long (>=10 words)
6377,0.5552448576790283,0.6,0.5,7,2 Medium (5-9 words)
6378,0.2742654694553681,0.3,0.3333333333333333,9,2 Medium (5-9 words)
6382,0.41320541532308547,0.5,0.3333333333333333,12,3 Long (>=10 words)
639,0.22009176629808017,0.1,1.0,4,1 Short (<5 words)
6390,0.3971921948634016,0.4,0.5,6,2 Medium (5-9 words)
6395,0.67175898907361,0.5,1.0,6,2 Medium (5-9 words)
6403,0.715550648768261,0.6,1.0,5,2 Medium (5-9 words)
6407,0.1635413866202963,0.2,0.2,5,2 Medium (5-9 words)
6421,0.4124497136428909,0.4,0.5,6,2 Medium (5-9 words)
6422,0.6489315753318465,0.5,1.0,6,2 Medium (5-9 words)
6431,0.4440973278132557,0.3,1.0,5,2 Medium (5-9 words)
6434,0.21726071285222986,0.2,0.5,6,2 Medium (5-9 words)
6435,0.0,0.0,0.0,6,2 Medium (5-9 words)
6437,0.727329844310522,0.6,1.0,7,2 Medium (5-9 words)
6440,0.5103515512676448,0.23529411764705882,1.0,5,2 Medium (5-9 words)
6442,0.5810820381115676,0.5,1.0,10,3 Long (>=10 words)
6458,0.42257499837058643,0.3,1.0,6,2 Medium (5-9 words)
6464,0.793584067764911,0.7,1.0,7,2 Medium (5-9 words)
6473,0.2557092829325743,0.3333333333333333,0.25,10,3 Long (>=10 words)
6475,0.33013764944712026,0.2,1.0,5,2 Medium (5-9 words)
6481,0.2984900352767555,0.2,1.0,5,2 Medium (5-9 words)
649,0.39401519638101345,0.45454545454545453,0.25,13,3 Long (>=10 words)
6502,0.30240383049385083,0.3,0.5,8,2 Medium (5-9 words)
6509,0.5009732673492616,0.4,1.0,5,2 Medium (5-9 words)
6512,0.0,0.0,0.0,6,2 Medium (5-9 words)
6517,0.18340980524840012,0.2,0.3333333333333333,5,2 Medium (5-9 words)
6527,0.6578986223737446,0.6,1.0,4,1 Short (<5 words)
6532,0.3538805731685163,0.4,0.5,4,1 Short (<5 words)
6536,0.39375843764607193,0.3,1.0,7,2 Medium (5-9 words)
6538,0.06362078819895171,0.1,0.1,3,1 Short (<5 words)
6544,0.31488013066763093,0.2,1.0,5,2 Medium (5-9 words)
6556,0.11004588314904008,0.1,0.3333333333333333,5,2 Medium (5-9 words)
6557,0.3932783996463063,0.2727272727272727,1.0,6,2 Medium (5-9 words)
6558,0.31488013066763093,0.2,1.0,6,2 Medium (5-9 words)
6560,0.3340514446642156,0.3,0.5,6,2 Medium (5-9 words)
657,0.3589542101716347,0.2,1.0,4,1 Short (<5 words)
6582,0.30523488393970116,0.2,1.0,3,1 Short (<5 words)
6587,0.4690000933206748,0.3,1.0,4,1 Short (<5 words)
6588,0.42838543210841196,0.3,1.0,4,1 Short (<5 words)
6590,0.6168295842361274,0.5,1.0,5,2 Medium (5-9 words)
6592,0.0,0.0,0.0,5,2 Medium (5-9 words)
6594,0.42520843362602373,0.2727272727272727,1.0,4,1 Short (<5 words)
660,0.4440973278132557,0.3,1.0,5,2 Medium (5-9 words)
6613,0.7059054020403313,0.6,1.0,5,2 Medium (5-9 words)
6624,0.6332196796270029,0.5,1.0,4,1 Short (<5 words)
6639,0.2934556883974402,0.2,1.0,4,1 Short (<5 words)
6642,0.44988737637276544,0.4,1.0,5,2 Medium (5-9 words)
6676,0.7019727018777485,0.6,1.0,5,2 Medium (5-9 words)
6677,0.7019727018777485,0.6,1.0,7,2 Medium (5-9 words)
6680,0.22009176629808017,0.1,1.0,4,1 Short (<5 words)
6681,0.4595326231006953,0.4,1.0,4,1 Short (<5 words)
6682,0.43810818083050457,0.4,1.0,6,2 Medium (5-9 words)
6699,0.5473983622993502,0.4,1.0,6,2 Medium (5-9 words)
67,0.3589542101716347,0.2,1.0,4,1 Short (<5 words)
6701,0.42838543210841196,0.3,1.0,5,2 Medium (5-9 words)
6703,0.4537425745411855,0.3,1.0,6,2 Medium (5-9 words)
6706,0.40350157154648025,0.3,1.0,5,2 Medium (5-9 words)
6708,0.06625422345438903,0.1,0.1111111111111111,4,1 Short (<5 words)
6709,0.2489083270225946,0.2,0.5,3,1 Short (<5 words)
6710,0.4690000933206748,0.3,1.0,5,2 Medium (5-9 words)
6729,0.42838543210841196,0.3,1.0,4,1 Short (<5 words)
6733,0.12987501165334076,0.2,0.1111111111111111,4,1 Short (<5 words)
6751,0.3589542101716347,0.2,1.0,4,1 Short (<5 words)
6753,0.28952298823485745,0.2,1.0,9,2 Medium (5-9 words)
6771,0.6911279212606076,0.6,1.0,6,2 Medium (5-9 words)
6778,0.09478836436955078,0.1,0.25,7,2 Medium (5-9 words)
6782,0.20248323207250624,0.2,0.5,6,2 Medium (5-9 words)
6792,0.5884674004369673,0.38461538461538464,1.0,9,2 Medium (5-9 words)
6794,0.727329844310522,0.6,1.0,8,2 Medium (5-9 words)
6798,0.2863459897524692,0.2,1.0,3,1 Short (<5 words)
6800,0.36885567213865283,0.3,1.0,5,2 Medium (5-9 words)
6808,0.2984900352767555,0.2,1.0,5,2 Medium (5-9 words)
6825,0.2489083270225946,0.2,0.5,5,2 Medium (5-9 words)
6826,0.4789015552876929,0.4,1.0,3,1 Short (<5 words)
6832,0.22009176629808017,0.1,1.0,7,2 Medium (5-9 words)
6838,0.22009176629808017,0.1,1.0,5,2 Medium (5-9 words)
6840,0.11004588314904008,0.1,0.3333333333333333,5,2 Medium (5-9 words)
6844,0.3679212572135327,0.3,1.0,4,1 Short (<5 words)
6848,0.4936790360674166,0.4,1.0,12,3 Long (>=10 words)
6852,0.13886244387355454,0.1,0.5,8,2 Medium (5-9 words)
6856,0.11004588314904008,0.1,0.3333333333333333,7,2 Medium (5-9 words)
6862,0.44988737637276544,0.4,1.0,10,3 Long (>=10 words)
6866,0.4690000933206748,0.3,1.0,5,2 Medium (5-9 words)
6867,0.3589542101716347,0.2,1.0,4,1 Short (<5 words)
6874,0.3436966913921454,0.3,0.5,4,1 Short (<5 words)
6878,0.1736666713479918,0.2,0.3333333333333333,4,1 Short (<5 words)
6880,0.41528076708874123,0.2727272727272727,1.0,4,1 Short (<5 words)
6887,0.22009176629808017,0.1,1.0,5,2 Medium (5-9 words)
6889,0.30523488393970116,0.2,1.0,3,1 Short (<5 words)
689,0.48864468918810133,0.4,1.0,4,1 Short (<5 words)
6891,0.23690530871965634,0.3,0.2,4,1 Short (<5 words)
6899,0.4440973278132557,0.3,1.0,7,2 Medium (5-9 words)
6905,0.6968404678259545,0.6,1.0,5,2 Medium (5-9 words)
6918,0.09478836436955078,0.09090909090909091,0.25,9,2 Medium (5-9 words)
6925,0.38113435412202,0.3,1.0,6,2 Medium (5-9 words)
6927,0.31488013066763093,0.2,1.0,5,2 Medium (5-9 words)
6937,0.7885497208855957,0.7,1.0,6,2 Medium (5-9 words)
6956,0.14465249243306436,0.2,0.16666666666666666,6,2 Medium (5-9 words)
696,0.33013764944712026,0.2,1.0,5,2 Medium (5-9 words)
697,0.08514311764162098,0.1,0.2,9,2 Medium (5-9 words)
6974,0.6758704024811183,0.6,1.0,4,1 Short (<5 words)
6981,0.0,0.0,0.0,5,2 Medium (5-9 words)
6983,0.2984900352767555,0.2,1.0,4,1 Short (<5 words)
6984,0.5103515512676448,0.4,1.0,5,2 Medium (5-9 words)
6989,0.6371523797895856,0.5,1.0,5,2 Medium (5-9 words)
6990,0.20483424751859086,0.2,0.3333333333333333,8,2 Medium (5-9 words)
6994,0.13886244387355454,0.1,0.5,4,1 Short (<5 words)
6995,0.6083169141195838,0.5,1.0,9,2 Medium (5-9 words)
7001,0.24936270394794902,0.3,0.25,4,1 Short (<5 words)
7007,0.5868924718493931,0.5,1.0,5,2 Medium (5-9 words)
701,0.4537425745411855,0.3,1.0,8,2 Medium (5-9 words)
7012,0.642186726668901,0.5,1.0,6,2 Medium (5-9 words)
7029,0.5116508161747901,0.5,1.0,4,1 Short (<5 words)
7030,0.6780494608112012,0.6,1.0,5,2 Medium (5-9 words)
7031,0.22009176629808017,0.1,1.0,4,1 Short (<5 words)
7034,0.6177639991612475,0.5,1.0,8,2 Medium (5-9 words)
7040,0.6086182388744239,0.5,1.0,6,2 Medium (5-9 words)
7044,0.1478294909154526,0.2,0.16666666666666666,13,3 Long (>=10 words)
7045,0.4124497136428909,0.4,0.5,7,2 Medium (5-9 words)
7049,0.5672274908036508,0.45454545454545453,1.0,5,2 Medium (5-9 words)
7058,0.33013764944712026,0.2,1.0,4,1 Short (<5 words)
7060,0.6489315753318465,0.5,1.0,6,2 Medium (5-9 words)
7070,0.4480300279758384,0.4,1.0,6,2 Medium (5-9 words)
7071,0.5193185983095427,0.5,1.0,8,2 Medium (5-9 words)
7073,0.45186484096594276,0.4,1.0,9,2 Medium (5-9 words)
7078,0.6489315753318465,0.5,1.0,6,2 Medium (5-9 words)
7096,0.24703059344735182,0.3,0.3333333333333333,9,2 Medium (5-9 words)
7097,0.3714891073940902,0.3,1.0,9,2 Medium (5-9 words)
7113,0.5033242827953464,0.4,1.0,6,2 Medium (5-9 words)
7120,0.43735247915031,0.3,1.0,8,2 Medium (5-9 words)
7123,0.40350157154648025,0.3,1.0,7,2 Medium (5-9 words)
7129,0.41528076708874123,0.3,1.0,5,2 Medium (5-9 words)
7132,0.30523488393970116,0.2,1.0,6,2 Medium (5-9 words)
7133,0.4729327934832575,0.4,1.0,4,1 Short (<5 words)
7137,0.30240383049385083,0.3,0.5,5,2 Medium (5-9 words)
7138,0.77523873680463,0.7,1.0,5,2 Medium (5-9 words)
7146,0.5321408435198608,0.4,1.0,5,2 Medium (5-9 words)
716,0.3589542101716347,0.2,1.0,7,2 Medium (5-9 words)
7162,0.0,0.0,0.0,7,2 Medium (5-9 words)
7164,0.0,0.0,0.0,4,1 Short (<5 words)
7166,0.5423640154200349,0.4,1.0,4,1 Short (<5 words)
7167,0.09478836436955078,0.1,0.25,7,2 Medium (5-9 words)
7172,0.39375843764607193,0.3,1.0,5,2 Medium (5-9 words)
7176,0.1731866333482261,0.2,0.25,4,1 Short (<5 words)
718,0.5473983622993502,0.4,1.0,5,2 Medium (5-9 words)
719,0.3647442587311445,0.3,1.0,4,1 Short (<5 words)
7193,0.38113435412202,0.3,1.0,5,2 Medium (5-9 words)
7194,0.20483424751859086,0.2,0.3333333333333333,6,2 Medium (5-9 words)
7196,0.3963918729015093,0.3,1.0,5,2 Medium (5-9 words)
7201,0.5771493379489847,0.45454545454545453,1.0,4,1 Short (<5 words)
7204,0.6083169141195838,0.5,1.0,6,2 Medium (5-9 words)
7211,0.7058075148678526,0.6,1.0,9,2 Medium (5-9 words)
7220,0.5769706247040591,0.5,1.0,7,2 Medium (5-9 words)
7223,0.06625422345438903,0.1,0.1111111111111111,6,2 Medium (5-9 words)
7229,0.40002324830925196,0.3,1.0,7,2 Medium (5-9 words)
723,0.14465249243306436,0.2,0.16666666666666666,4,1 Short (<5 words)
7231,0.28952298823485745,0.2,1.0,4,1 Short (<5 words)
7232,0.7222954974312066,0.6,1.0,4,1 Short (<5 words)
724,0.605504765619221,0.5,1.0,7,2 Medium (5-9 words)
7242,0.42257499837058643,0.3,1.0,8,2 Medium (5-9 words)
7245,0.4537425745411855,0.3,1.0,4,1 Short (<5 words)
7249,0.6840182226156365,0.6,1.0,4,1 Short (<5 words)
7251,0.43231813227099475,0.3,1.0,4,1 Short (<5 words)
7253,0.5423640154200349,0.4,1.0,5,2 Medium (5-9 words)
7254,0.11004588314904008,0.1,0.3333333333333333,8,2 Medium (5-9 words)
7255,0.11004588314904008,0.1,0.3333333333333333,6,2 Medium (5-9 words)
7257,0.42257499837058643,0.3,1.0,10,3 Long (>=10 words)
7273,0.20483424751859086,0.2,0.3333333333333333,10,3 Long (>=10 words)
7274,0.0,0.0,0.0,3,1 Short (<5 words)
7281,0.24309789328476902,0.3,0.3333333333333333,5,2 Medium (5-9 words)
7282,0.13886244387355454,0.1,0.5,7,2 Medium (5-9 words)
7295,0.22009176629808017,0.1,1.0,4,1 Short (<5 words)
73,0.17630010660342912,0.2,0.3333333333333333,5,2 Medium (5-9 words)
7300,0.2934556883974402,0.2,1.0,3,1 Short (<5 words)
7309,0.6489315753318465,0.5,1.0,5,2 Medium (5-9 words)
7317,0.09478836436955078,0.1,0.25,4,1 Short (<5 words)
7320,0.23365080824310533,0.2,0.5,6,2 Medium (5-9 words)
7325,0.6489315753318465,0.5,1.0,4,1 Short (<5 words)
7326,0.1736666713479918,0.2,0.3333333333333333,4,1 Short (<5 words)
733,0.09478836436955078,0.1,0.25,3,1 Short (<5 words)
7334,0.4537425745411855,0.3,1.0,6,2 Medium (5-9 words)
7340,0.3222722491219547,0.3,0.5,5,2 Medium (5-9 words)
7346,0.7605591431973849,0.7,1.0,5,2 Medium (5-9 words)
7352,0.30523488393970116,0.16666666666666666,1.0,4,1 Short (<5 words)
7357,0.1478294909154526,0.2,0.16666666666666666,8,2 Medium (5-9 words)
7358,0.0,0.0,0.0,5,2 Medium (5-9 words)
7363,0.3340514446642156,0.3,0.5,6,2 Medium (5-9 words)
7365,0.727329844310522,0.6,1.0,9,2 Medium (5-9 words)
7366,0.4124497136428909,0.4,0.5,6,2 Medium (5-9 words)
7367,0.14279514403613733,0.2,0.14285714285714285,5,2 Medium (5-9 words)
7371,0.43828689407543014,0.4,1.0,3,1 Short (<5 words)
7372,0.4779671403625728,0.4,1.0,10,3 Long (>=10 words)
7374,0.0,0.0,0.0,5,2 Medium (5-9 words)
7376,0.1610425878239398,0.18181818181818182,0.25,6,2 Medium (5-9 words)
7377,0.6177639991612475,0.5,1.0,4,1 Short (<5 words)
7380,0.2999050316974944,0.3,0.5,5,2 Medium (5-9 words)
7386,0.30523488393970116,0.2,1.0,5,2 Medium (5-9 words)
7394,0.7151857987862356,0.6,1.0,7,2 Medium (5-9 words)
7396,0.5637884576902256,0.4,1.0,10,3 Long (>=10 words)
740,0.49435723575344825,0.4,1.0,5,2 Medium (5-9 words)
7407,0.5637884576902256,0.4,1.0,6,2 Medium (5-9 words)
7412,0.5330752584449808,0.5,1.0,6,2 Medium (5-9 words)
7413,0.7019727018777485,0.6,1.0,4,1 Short (<5 words)
7414,0.670037563822468,0.5555555555555556,1.0,6,2 Medium (5-9 words)
7418,0.4537425745411855,0.3,1.0,13,3 Long (>=10 words)
7425,0.08514311764162098,0.1,0.2,6,2 Medium (5-9 words)
7429,0.501749354207772,0.4,1.0,5,2 Medium (5-9 words)
7431,0.5473983622993502,0.4,1.0,5,2 Medium (5-9 words)
7454,0.6122496142821665,0.5,1.0,4,1 Short (<5 words)
746,0.2934556883974402,0.2,1.0,6,2 Medium (5-9 words)
7460,0.11004588314904008,0.1,0.3333333333333333,5,2 Medium (5-9 words)
7463,0.6168295842361274,0.5,1.0,8,2 Medium (5-9 words)
7468,0.715550648768261,0.6,1.0,6,2 Medium (5-9 words)
747,0.31488013066763093,0.2,1.0,4,1 Short (<5 words)
7473,0.0,0.0,0.0,7,2 Medium (5-9 words)
7487,0.29727159644205703,0.3,0.5,5,2 Medium (5-9 words)
7489,0.42257499837058643,0.3,1.0,5,2 Medium (5-9 words)
7499,0.642186726668901,0.4166666666666667,1.0,4,1 Short (<5 words)
750,0.3785988060390612,0.3,1.0,5,2 Medium (5-9 words)
7503,0.08514311764162098,0.1,0.2,7,2 Medium (5-9 words)
7515,0.424926013816671,0.3,1.0,6,2 Medium (5-9 words)
752,0.33013764944712026,0.18181818181818182,1.0,4,1 Short (<5 words)
7532,0.13886244387355454,0.1,0.5,5,2 Medium (5-9 words)
7538,0.22009176629808017,0.1,1.0,6,2 Medium (5-9 words)
7553,0.30701473034246535,0.3,0.5,8,2 Medium (5-9 words)
7560,0.7058075148678526,0.5454545454545454,1.0,5,2 Medium (5-9 words)
7564,0.07336392209936005,0.1,0.14285714285714285,5,2 Medium (5-9 words)
7566,0.07336392209936005,0.1,0.14285714285714285,6,2 Medium (5-9 words)
7568,0.15850703974098102,0.18181818181818182,0.2,4,1 Short (<5 words)
7579,0.22009176629808017,0.1,1.0,10,3 Long (>=10 words)
759,0.4631896595828492,0.4,1.0,6,2 Medium (5-9 words)
7590,0.5766882048947064,0.5,1.0,6,2 Medium (5-9 words)
7594,0.521844871212202,0.4444444444444444,1.0,5,2 Medium (5-9 words)
7597,0.7846170207230129,0.7,1.0,11,3 Long (>=10 words)
7599,0.2489083270225946,0.2,0.5,3,1 Short (<5 words)
7603,0.3971921948634016,0.4,0.5,7,2 Medium (5-9 words)
7605,0.30523488393970116,0.2,1.0,5,2 Medium (5-9 words)
761,0.5114397556589976,0.4444444444444444,1.0,5,2 Medium (5-9 words)
7613,0.06943122193677727,0.1,0.125,9,2 Medium (5-9 words)
7615,0.06943122193677727,0.1,0.125,5,2 Medium (5-9 words)
7616,0.22009176629808017,0.1,1.0,6,2 Medium (5-9 words)
7618,0.7151857987862356,0.6,1.0,5,2 Medium (5-9 words)
762,0.627507133061656,0.45454545454545453,1.0,9,2 Medium (5-9 words)
7623,0.15457433957839825,0.2,0.2,6,2 Medium (5-9 words)
7625,0.2618080742270754,0.3,0.3333333333333333,4,1 Short (<5 words)
763,0.3589542101716347,0.2,1.0,4,1 Short (<5 words)
7633,0.3647442587311445,0.3,1.0,5,2 Medium (5-9 words)
7634,0.14465249243306436,0.2,0.16666666666666666,4,1 Short (<5 words)
7638,0.2835149363066189,0.3,0.5,7,2 Medium (5-9 words)
765,0.07336392209936005,0.1,0.14285714285714285,4,1 Short (<5 words)
7654,0.7778721720600673,0.7,1.0,4,1 Short (<5 words)
7655,0.09478836436955078,0.1,0.25,3,1 Short (<5 words)
7666,0.47010174003740723,0.5,0.5,5,2 Medium (5-9 words)
7667,0.22009176629808017,0.1,1.0,4,1 Short (<5 words)
7671,0.27454788926472085,0.3,0.5,7,2 Medium (5-9 words)
7673,0.4690000933206748,0.3,1.0,11,3 Long (>=10 words)
7679,0.2710884709729799,0.3,0.3333333333333333,5,2 Medium (5-9 words)
7684,0.0,0.0,0.0,6,2 Medium (5-9 words)
7688,0.3031595321740454,0.4,0.2,5,2 Medium (5-9 words)
7698,0.23365080824310533,0.2,0.5,5,2 Medium (5-9 words)
77,0.43735247915031,0.2727272727272727,1.0,7,2 Medium (5-9 words)
770,0.08514311764162098,0.09090909090909091,0.2,5,2 Medium (5-9 words)
7701,0.42257499837058643,0.3,1.0,5,2 Medium (5-9 words)
7708,0.06943122193677727,0.1,0.125,12,3 Long (>=10 words)
771,0.22009176629808017,0.1,1.0,9,2 Medium (5-9 words)
7713,0.2934556883974402,0.2,1.0,6,2 Medium (5-9 words)
7718,0.20248323207250624,0.2,0.5,4,1 Short (<5 words)
772,0.22009176629808017,0.1,1.0,4,1 Short (<5 words)
7723,0.38363315291837646,0.3,1.0,4,1 Short (<5 words)
7724,0.7183627972686238,0.6,1.0,4,1 Short (<5 words)
7733,0.5965377185773229,0.5,1.0,9,2 Medium (5-9 words)
7737,0.5797827732044221,0.5,1.0,5,2 Medium (5-9 words)
774,0.13886244387355454,0.1,0.5,3,1 Short (<5 words)
7742,0.2984900352767555,0.2,1.0,4,1 Short (<5 words)
7749,0.3222722491219547,0.3,0.5,5,2 Medium (5-9 words)
7754,0.5231737964779628,0.4,1.0,4,1 Short (<5 words)
7765,0.22009176629808017,0.1,1.0,7,2 Medium (5-9 words)
7769,0.22009176629808017,0.1,1.0,6,2 Medium (5-9 words)
7781,0.2532954041105318,0.3,0.25,4,1 Short (<5 words)
7792,0.7909506325094737,0.7,1.0,4,1 Short (<5 words)
7801,0.30523488393970116,0.2,1.0,8,2 Medium (5-9 words)
7805,0.33013764944712026,0.2,1.0,5,2 Medium (5-9 words)
7806,0.1681522864689108,0.2,0.25,6,2 Medium (5-9 words)
7807,0.22400556151517553,0.2,0.5,7,2 Medium (5-9 words)
7809,0.3187939258847263,0.3,0.5,4,1 Short (<5 words)
7812,0.6399441431116327,0.6,1.0,4,1 Short (<5 words)
7819,0.38113435412202,0.3,1.0,13,3 Long (>=10 words)
7821,0.7538142945344393,0.7,1.0,4,1 Short (<5 words)
7823,0.4690000933206748,0.3,1.0,6,2 Medium (5-9 words)
7837,0.31204907722178066,0.3,0.5,6,2 Medium (5-9 words)
7842,0.39375843764607193,0.3,1.0,9,2 Medium (5-9 words)
7843,0.33013764944712026,0.2,1.0,4,1 Short (<5 words)
785,0.2578753740644926,0.2727272727272727,0.3333333333333333,7,2 Medium (5-9 words)
7863,0.615406227586239,0.6,1.0,6,2 Medium (5-9 words)
7864,0.06362078819895171,0.1,0.1,8,2 Medium (5-9 words)
7865,0.2489083270225946,0.2,0.5,8,2 Medium (5-9 words)
7870,0.20483424751859086,0.2,0.3333333333333333,8,2 Medium (5-9 words)
7889,0.5326208815196265,0.4,1.0,5,2 Medium (5-9 words)
7890,0.424926013816671,0.3,1.0,4,1 Short (<5 words)
7891,0.3436966913921454,0.3,0.5,6,2 Medium (5-9 words)
7898,0.3557772116892465,0.3,1.0,7,2 Medium (5-9 words)
7903,0.0,0.0,0.0,4,1 Short (<5 words)
7912,0.2489083270225946,0.2,0.5,3,1 Short (<5 words)
7913,0.1635413866202963,0.2,0.2,3,1 Short (<5 words)
7915,0.7967610662472993,0.7,1.0,7,2 Medium (5-9 words)
7916,0.22009176629808017,0.1,1.0,8,2 Medium (5-9 words)
7918,0.22009176629808017,0.1,1.0,9,2 Medium (5-9 words)
7919,0.4569970750177365,0.4,1.0,6,2 Medium (5-9 words)
792,0.5199967979955745,0.4,1.0,4,1 Short (<5 words)
7931,0.22009176629808017,0.1,1.0,11,3 Long (>=10 words)
7935,0.31488013066763093,0.2,1.0,4,1 Short (<5 words)
7938,0.06943122193677727,0.1,0.125,7,2 Medium (5-9 words)
7939,0.4595326231006953,0.4,1.0,5,2 Medium (5-9 words)
7943,0.5677211578528083,0.5,1.0,6,2 Medium (5-9 words)
7944,0.3589542101716347,0.2,1.0,6,2 Medium (5-9 words)
7950,0.22009176629808017,0.1,1.0,4,1 Short (<5 words)
7953,0.5077181160122074,0.4,1.0,6,2 Medium (5-9 words)
7957,0.31488013066763093,0.2,1.0,5,2 Medium (5-9 words)
7974,0.5887498202463202,0.5,1.0,8,2 Medium (5-9 words)
7978,0.4950940324881554,0.5,0.5,7,2 Medium (5-9 words)
7980,0.6177639991612475,0.5,1.0,4,1 Short (<5 words)
7981,0.4690000933206748,0.3,1.0,4,1 Short (<5 words)
7982,0.4950940324881554,0.5,0.5,6,2 Medium (5-9 words)
7986,0.2863459897524692,0.18181818181818182,1.0,4,1 Short (<5 words)
7995,0.6687607038361472,0.6,1.0,5,2 Medium (5-9 words)
7996,0.43735247915031,0.3,1.0,5,2 Medium (5-9 words)
8000,0.43231813227099475,0.3,1.0,4,1 Short (<5 words)
8016,0.6520881886359191,0.6,1.0,4,1 Short (<5 words)
802,0.3531437764338092,0.3,1.0,6,2 Medium (5-9 words)
8022,0.11004588314904008,0.1,0.3333333333333333,4,1 Short (<5 words)
8031,0.4985723557253838,0.4,1.0,5,2 Medium (5-9 words)
8036,0.4595326231006953,0.4,1.0,5,2 Medium (5-9 words)
8041,0.5330752584449808,0.5,1.0,11,3 Long (>=10 words)
8056,0.0,0.0,0.0,5,2 Medium (5-9 words)
8057,0.3995688713838975,0.3,1.0,4,1 Short (<5 words)
8058,0.5704044892860389,0.5,1.0,5,2 Medium (5-9 words)
8059,0.5473983622993502,0.4,1.0,8,2 Medium (5-9 words)
8065,0.43735247915031,0.3,1.0,5,2 Medium (5-9 words)
8066,0.7702043899253147,0.7,1.0,8,2 Medium (5-9 words)
8073,0.642186726668901,0.5,1.0,5,2 Medium (5-9 words)
8077,0.3636237070689246,0.4,0.5,5,2 Medium (5-9 words)
8082,0.7917267193679839,0.7,1.0,6,2 Medium (5-9 words)
8083,0.3340514446642156,0.3,0.5,5,2 Medium (5-9 words)
8085,0.22009176629808017,0.1,1.0,8,2 Medium (5-9 words)
8089,0.5423640154200349,0.4,1.0,8,2 Medium (5-9 words)
8099,0.22009176629808017,0.1,1.0,6,2 Medium (5-9 words)
8106,0.22009176629808017,0.1,1.0,6,2 Medium (5-9 words)
812,0.6025064803817581,0.5,1.0,4,1 Short (<5 words)
8124,0.11004588314904008,0.1,0.3333333333333333,8,2 Medium (5-9 words)
8125,0.7151857987862356,0.6,1.0,6,2 Medium (5-9 words)
8127,0.24309789328476902,0.3,0.3333333333333333,4,1 Short (<5 words)
813,0.4440973278132557,0.3,1.0,5,2 Medium (5-9 words)
8132,0.31204907722178066,0.3,0.5,5,2 Medium (5-9 words)
8134,0.09478836436955078,0.1,0.25,5,2 Medium (5-9 words)
8137,0.40350157154648025,0.3,1.0,4,1 Short (<5 words)
8138,0.22009176629808017,0.1,1.0,4,1 Short (<5 words)
8148,0.13886244387355454,0.1,0.5,4,1 Short (<5 words)
8149,0.3932783996463063,0.3,1.0,6,2 Medium (5-9 words)
8153,0.5637884576902256,0.4,1.0,5,2 Medium (5-9 words)
8163,0.42257499837058643,0.3,1.0,6,2 Medium (5-9 words)
8165,0.6083169141195838,0.5,1.0,7,2 Medium (5-9 words)
8182,0.0,0.0,0.0,5,2 Medium (5-9 words)
8187,0.2835149363066189,0.3,0.5,8,2 Medium (5-9 words)
8201,0.4440973278132557,0.3,1.0,7,2 Medium (5-9 words)
8210,0.5321408435198608,0.4,1.0,7,2 Medium (5-9 words)
8212,0.14465249243306436,0.2,0.16666666666666666,6,2 Medium (5-9 words)
8216,0.35970991185182927,0.3,1.0,6,2 Medium (5-9 words)
8221,0.5184650094568697,0.6,0.5,8,2 Medium (5-9 words)
8226,0.20483424751859086,0.2,0.3333333333333333,5,2 Medium (5-9 words)
8228,0.5388856921828065,0.4,1.0,5,2 Medium (5-9 words)
823,0.0,0.0,0.0,6,2 Medium (5-9 words)
8232,0.41528076708874123,0.3,1.0,5,2 Medium (5-9 words)
8237,0.46664232174566633,0.4,1.0,9,2 Medium (5-9 words)
8240,0.3476293915547282,0.4,0.3333333333333333,5,2 Medium (5-9 words)
8241,0.5993294818993699,0.6,1.0,6,2 Medium (5-9 words)
8247,0.7605591431973849,0.7,1.0,4,1 Short (<5 words)
8250,0.38113435412202,0.3,1.0,7,2 Medium (5-9 words)
8252,0.0,0.0,0.0,5,2 Medium (5-9 words)
8253,0.3589542101716347,0.2,1.0,4,1 Short (<5 words)
8255,0.3589542101716347,0.2,1.0,6,2 Medium (5-9 words)
8257,0.6168295842361274,0.5,1.0,6,2 Medium (5-9 words)
8258,0.30523488393970116,0.2,1.0,5,2 Medium (5-9 words)
8264,0.0,0.0,0.0,4,1 Short (<5 words)
8265,0.3647442587311445,0.3,1.0,4,1 Short (<5 words)
8276,0.13886244387355454,0.1,0.5,3,1 Short (<5 words)
8280,0.4690000933206748,0.3,1.0,6,2 Medium (5-9 words)
8281,0.0,0.0,0.0,7,2 Medium (5-9 words)
8287,0.22009176629808017,0.1,1.0,6,2 Medium (5-9 words)
8292,0.7222954974312066,0.5454545454545454,1.0,4,1 Short (<5 words)
8293,0.28952298823485745,0.2,1.0,5,2 Medium (5-9 words)
8295,0.14201905717762703,0.2,0.16666666666666666,9,2 Medium (5-9 words)
8306,0.5174612499126158,0.4,1.0,7,2 Medium (5-9 words)
831,0.0,0.0,0.0,6,2 Medium (5-9 words)
8312,0.46270962158308354,0.4,1.0,4,1 Short (<5 words)
8314,0.0,0.0,0.0,8,2 Medium (5-9 words)
8316,0.08514311764162098,0.1,0.2,5,2 Medium (5-9 words)
8317,0.4697557950008693,0.4,1.0,5,2 Medium (5-9 words)
8318,0.4690000933206748,0.3,1.0,4,1 Short (<5 words)
8319,0.15850703974098102,0.11764705882352941,0.2,6,2 Medium (5-9 words)
832,0.5423640154200349,0.4,1.0,4,1 Short (<5 words)
8321,0.793584067764911,0.7,1.0,5,2 Medium (5-9 words)
8322,0.06943122193677727,0.1,0.125,4,1 Short (<5 words)
8326,0.1681522864689108,0.2,0.25,5,2 Medium (5-9 words)
8333,0.38363315291837646,0.3,1.0,6,2 Medium (5-9 words)
8336,0.6531466953037821,0.6,1.0,4,1 Short (<5 words)
8338,0.22009176629808017,0.1,1.0,7,2 Medium (5-9 words)
8340,0.3785988060390612,0.3,1.0,8,2 Medium (5-9 words)
8345,0.23365080824310533,0.2,0.5,4,1 Short (<5 words)
8350,0.1610425878239398,0.2,0.25,4,1 Short (<5 words)
8355,0.2051166673279436,0.2,0.5,5,2 Medium (5-9 words)
8356,0.42257499837058643,0.3,1.0,8,2 Medium (5-9 words)
8379,0.07336392209936005,0.1,0.14285714285714285,6,2 Medium (5-9 words)
8383,0.22009176629808017,0.1,1.0,6,2 Medium (5-9 words)
8384,0.0,0.0,0.0,7,2 Medium (5-9 words)
8385,0.30523488393970116,0.2,1.0,4,1 Short (<5 words)
8386,0.5388856921828065,0.4,1.0,4,1 Short (<5 words)
8389,0.2489083270225946,0.2,0.5,4,1 Short (<5 words)
8390,0.5423247252962317,0.6,0.5,5,2 Medium (5-9 words)
8396,0.13886244387355454,0.1,0.5,5,2 Medium (5-9 words)
8397,0.0,0.0,0.0,5,2 Medium (5-9 words)
84,0.3843113526044082,0.3,1.0,6,2 Medium (5-9 words)
840,0.33013764944712026,0.2,1.0,17,3 Long (>=10 words)
8401,0.0,0.0,0.0,4,1 Short (<5 words)
8414,0.48864468918810133,0.4,1.0,5,2 Medium (5-9 words)
8415,0.4936790360674166,0.4,1.0,7,2 Medium (5-9 words)
8417,0.5599332595218056,0.5,1.0,4,1 Short (<5 words)
8418,0.5548989126424904,0.5,1.0,7,2 Medium (5-9 words)
842,0.43231813227099475,0.2727272727272727,1.0,8,2 Medium (5-9 words)
8421,0.28952298823485745,0.2,1.0,4,1 Short (<5 words)
8428,0.5173633627401372,0.4,1.0,10,3 Long (>=10 words)
8432,0.2940945979596688,0.4,0.25,5,2 Medium (5-9 words)
8440,0.4537425745411855,0.3,1.0,4,1 Short (<5 words)
8443,0.642186726668901,0.5,1.0,4,1 Short (<5 words)
8464,0.43780685607566444,0.5,0.3333333333333333,7,2 Medium (5-9 words)
8469,0.642186726668901,0.5,1.0,5,2 Medium (5-9 words)
847,0.3570764765963919,0.2727272727272727,1.0,4,1 Short (<5 words)
8473,0.4447551423209717,0.4,1.0,6,2 Medium (5-9 words)
8487,0.08514311764162098,0.1,0.2,5,2 Medium (5-9 words)
849,0.4885468020156227,0.4,1.0,5,2 Medium (5-9 words)
8490,0.5446757407423163,0.5,1.0,6,2 Medium (5-9 words)
8491,0.4636440365082036,0.4,1.0,4,1 Short (<5 words)
8493,0.5199967979955745,0.4,1.0,8,2 Medium (5-9 words)
8495,0.31488013066763093,0.2,1.0,8,2 Medium (5-9 words)
850,0.06362078819895171,0.09090909090909091,0.1,6,2 Medium (5-9 words)
8503,0.5033242827953464,0.4,1.0,4,1 Short (<5 words)
8508,0.20483424751859086,0.2,0.3333333333333333,4,1 Short (<5 words)
8512,0.5067837010870873,0.4,1.0,6,2 Medium (5-9 words)
8520,0.5111707781750245,0.6,0.3333333333333333,7,2 Medium (5-9 words)
8521,0.21726071285222986,0.2,0.5,4,1 Short (<5 words)
8522,0.2984900352767555,0.2,1.0,4,1 Short (<5 words)
8523,0.715550648768261,0.6,1.0,4,1 Short (<5 words)
8526,0.5067837010870873,0.4,1.0,4,1 Short (<5 words)
8527,0.0,0.0,0.0,3,1 Short (<5 words)
8528,0.42838543210841196,0.3,1.0,5,2 Medium (5-9 words)
853,0.0,0.0,0.0,7,2 Medium (5-9 words)
8531,0.22009176629808017,0.1,1.0,3,1 Short (<5 words)
8540,0.0,0.0,0.0,8,2 Medium (5-9 words)
8544,0.40853591842579556,0.3,1.0,4,1 Short (<5 words)
8552,0.1584091525685025,0.2,0.25,3,1 Short (<5 words)
8559,0.5224955967919311,0.4,1.0,8,2 Medium (5-9 words)
8564,0.13886244387355454,0.1,0.5,5,2 Medium (5-9 words)
8571,0.727329844310522,0.6,1.0,8,2 Medium (5-9 words)
8573,0.3843113526044082,0.3,1.0,3,1 Short (<5 words)
8574,0.7846170207230129,0.7,1.0,9,2 Medium (5-9 words)
8578,0.2489083270225946,0.2,0.5,4,1 Short (<5 words)
8579,0.533376583199821,0.5,1.0,6,2 Medium (5-9 words)
8586,0.2984900352767555,0.2,1.0,4,1 Short (<5 words)
8588,0.4690000933206748,0.3,1.0,4,1 Short (<5 words)
8590,0.17993148201117176,0.2,0.25,7,2 Medium (5-9 words)
8593,0.1681522864689108,0.2,0.25,4,1 Short (<5 words)
8597,0.0,0.0,0.0,4,1 Short (<5 words)
8599,0.33013764944712026,0.16666666666666666,1.0,4,1 Short (<5 words)
860,0.22009176629808017,0.09090909090909091,1.0,8,2 Medium (5-9 words)
8605,0.5173633627401372,0.4,1.0,5,2 Medium (5-9 words)
8606,0.4690000933206748,0.3,1.0,3,1 Short (<5 words)
8610,0.21222636597291458,0.2,0.5,4,1 Short (<5 words)
8613,0.22009176629808017,0.1,1.0,4,1 Short (<5 words)
8622,0.6180396628416763,0.6,1.0,5,2 Medium (5-9 words)
8625,0.3340514446642156,0.3,0.5,6,2 Medium (5-9 words)
8628,0.30306164500156685,0.4,0.25,5,2 Medium (5-9 words)
864,0.23680742154717782,0.3,0.25,10,3 Long (>=10 words)
8642,0.7917267193679839,0.7,1.0,8,2 Medium (5-9 words)
8651,0.4220949603708207,0.4,0.5,5,2 Medium (5-9 words)
8652,0.33013764944712026,0.2,1.0,4,1 Short (<5 words)
8659,0.5637884576902256,0.4,1.0,5,2 Medium (5-9 words)
866,0.4440973278132557,0.3,1.0,6,2 Medium (5-9 words)
8660,0.0,0.0,0.0,7,2 Medium (5-9 words)
8661,0.3589542101716347,0.2,1.0,4,1 Short (<5 words)
8664,0.13886244387355454,0.1,0.5,4,1 Short (<5 words)
8669,0.07839826897867533,0.1,0.16666666666666666,5,2 Medium (5-9 words)
867,0.533376583199821,0.5,1.0,4,1 Short (<5 words)
8673,0.6901935063354876,0.6,1.0,4,1 Short (<5 words)
8679,0.5388856921828065,0.4,1.0,5,2 Medium (5-9 words)
8680,0.0,0.0,0.0,9,2 Medium (5-9 words)
8682,0.7151857987862356,0.6,1.0,6,2 Medium (5-9 words)
8684,0.0,0.0,0.0,4,1 Short (<5 words)
870,0.1487639058405727,0.18181818181818182,0.2,4,1 Short (<5 words)
8705,0.4690000933206748,0.3,1.0,5,2 Medium (5-9 words)
8709,0.4636440365082036,0.4,1.0,3,1 Short (<5 words)
8711,0.3679212572135327,0.3,1.0,7,2 Medium (5-9 words)
8717,0.4959389204699464,0.4,1.0,7,2 Medium (5-9 words)
8720,0.5887498202463202,0.5,1.0,5,2 Medium (5-9 words)
8721,0.2934556883974402,0.2,1.0,6,2 Medium (5-9 words)
8730,0.11004588314904008,0.1,0.3333333333333333,5,2 Medium (5-9 words)
8731,0.31746923970074004,0.3333333333333333,0.5,4,1 Short (<5 words)
8739,0.2435522702101235,0.3,0.25,4,1 Short (<5 words)
8746,0.12987501165334076,0.2,0.1111111111111111,5,2 Medium (5-9 words)
875,0.19518900079066107,0.2,0.3333333333333333,4,1 Short (<5 words)
8753,0.4690000933206748,0.3,1.0,5,2 Medium (5-9 words)
8757,0.49828993591603105,0.4,1.0,5,2 Medium (5-9 words)
8761,0.5637884576902256,0.4,1.0,10,3 Long (>=10 words)
8766,0.33013764944712026,0.2,1.0,7,2 Medium (5-9 words)
8779,0.06362078819895171,0.1,0.1,3,1 Short (<5 words)
878,0.3785988060390612,0.3,1.0,5,2 Medium (5-9 words)
8781,0.4818998405251556,0.4,1.0,4,1 Short (<5 words)
8797,0.2051166673279436,0.2,0.5,7,2 Medium (5-9 words)
8799,0.6804503724350792,0.6,1.0,6,2 Medium (5-9 words)
88,0.22009176629808017,0.09090909090909091,1.0,9,2 Medium (5-9 words)
8802,0.3589542101716347,0.2,1.0,5,2 Medium (5-9 words)
8806,0.5173633627401372,0.4,1.0,8,2 Medium (5-9 words)
8809,0.13886244387355454,0.1,0.5,6,2 Medium (5-9 words)
8820,0.5352543167750639,0.4,1.0,5,2 Medium (5-9 words)
8825,0.2583297509898471,0.3,0.25,7,2 Medium (5-9 words)
8830,0.43735247915031,0.3,1.0,6,2 Medium (5-9 words)
8833,0.2984900352767555,0.2,1.0,6,2 Medium (5-9 words)
8835,0.5199967979955745,0.4,1.0,4,1 Short (<5 words)
8836,0.0,0.0,0.0,6,2 Medium (5-9 words)
8840,0.2863459897524692,0.2,1.0,8,2 Medium (5-9 words)
8843,0.4505655760587972,0.4,1.0,5,2 Medium (5-9 words)
8849,0.42257499837058643,0.3,1.0,5,2 Medium (5-9 words)
8856,0.39673781793804724,0.4,0.5,4,1 Short (<5 words)
8857,0.4690000933206748,0.3,1.0,4,1 Short (<5 words)
8864,0.2984900352767555,0.2,1.0,6,2 Medium (5-9 words)
8870,0.42520843362602373,0.3,1.0,5,2 Medium (5-9 words)
8873,0.7534494445524138,0.7,1.0,4,1 Short (<5 words)
8888,0.2934556883974402,0.2,1.0,5,2 Medium (5-9 words)
889,0.6785038377365556,0.5454545454545454,1.0,8,2 Medium (5-9 words)
8895,0.0,0.0,0.0,5,2 Medium (5-9 words)
8896,0.22009176629808017,0.1,1.0,4,1 Short (<5 words)
890,0.32776097292662437,0.4,0.25,4,1 Short (<5 words)
8903,0.4440973278132557,0.3,1.0,10,3 Long (>=10 words)
8904,0.22009176629808017,0.1,1.0,7,2 Medium (5-9 words)
8913,0.22009176629808017,0.08333333333333333,1.0,6,2 Medium (5-9 words)
8918,0.5384313152574521,0.4,1.0,5,2 Medium (5-9 words)
8922,0.3222722491219547,0.3,0.5,9,2 Medium (5-9 words)
8923,0.6025064803817581,0.5,1.0,4,1 Short (<5 words)
8924,0.0,0.0,0.0,5,2 Medium (5-9 words)
8929,0.3647442587311445,0.3,1.0,6,2 Medium (5-9 words)
8937,0.5107164012496701,0.4,1.0,4,1 Short (<5 words)
8942,0.0,0.0,0.0,8,2 Medium (5-9 words)
8943,0.6371523797895856,0.5,1.0,4,1 Short (<5 words)
8947,0.0,0.0,0.0,6,2 Medium (5-9 words)
8950,0.13961814555374907,0.2,0.14285714285714285,13,3 Long (>=10 words)
8954,0.3589542101716347,0.2,1.0,3,1 Short (<5 words)
8957,0.42520843362602373,0.3,1.0,6,2 Medium (5-9 words)
8960,0.22009176629808017,0.1,1.0,4,1 Short (<5 words)
8963,0.22009176629808017,0.1,1.0,12,3 Long (>=10 words)
8968,0.5271064966405455,0.4,1.0,6,2 Medium (5-9 words)
897,0.696162268139923,0.5454545454545454,1.0,8,2 Medium (5-9 words)
8971,0.2489083270225946,0.2,0.5,3,1 Short (<5 words)
8984,0.6371523797895856,0.4166666666666667,1.0,6,2 Medium (5-9 words)
8986,0.1635413866202963,0.2,0.2,5,2 Medium (5-9 words)
8997,0.4537425745411855,0.3,1.0,6,2 Medium (5-9 words)
8999,0.3679212572135327,0.3,1.0,7,2 Medium (5-9 words)
9002,0.0,0.0,0.0,4,1 Short (<5 words)
9004,0.37183505243062814,0.4,0.5,12,3 Long (>=10 words)
9009,0.6627919420317119,0.6,1.0,4,1 Short (<5 words)
9011,0.31488013066763093,0.2,1.0,4,1 Short (<5 words)
9013,0.3636237070689246,0.4,0.5,7,2 Medium (5-9 words)
9021,0.3589542101716347,0.2,1.0,7,2 Medium (5-9 words)
9022,0.0,0.0,0.0,5,2 Medium (5-9 words)
9027,0.7125523635307982,0.6,1.0,7,2 Medium (5-9 words)
9033,0.12987501165334076,0.2,0.1111111111111111,5,2 Medium (5-9 words)
9035,0.4440973278132557,0.3,1.0,6,2 Medium (5-9 words)
9036,0.22400556151517553,0.2,0.5,5,2 Medium (5-9 words)
904,0.11004588314904008,0.06666666666666667,0.3333333333333333,3,1 Short (<5 words)
9055,0.40741536676357565,0.4,0.5,5,2 Medium (5-9 words)
9056,0.6489315753318465,0.5,1.0,5,2 Medium (5-9 words)
9063,0.06362078819895171,0.1,0.1,3,1 Short (<5 words)
9068,0.39170347105873193,0.4,0.5,4,1 Short (<5 words)
9070,0.11004588314904008,0.1,0.3333333333333333,3,1 Short (<5 words)
9073,0.0,0.0,0.0,7,2 Medium (5-9 words)
9080,0.22009176629808017,0.1,1.0,5,2 Medium (5-9 words)
9081,0.08514311764162098,0.1,0.2,4,1 Short (<5 words)
9092,0.3589542101716347,0.2,1.0,10,3 Long (>=10 words)
9096,0.43735247915031,0.3,1.0,3,1 Short (<5 words)
9098,0.4576752747037683,0.4,1.0,9,2 Medium (5-9 words)
9109,0.0,0.0,0.0,11,3 Long (>=10 words)
911,0.5133405308794778,0.5555555555555556,0.5,4,1 Short (<5 words)
9113,0.22009176629808017,0.1,1.0,6,2 Medium (5-9 words)
9116,0.14465249243306436,0.2,0.16666666666666666,6,2 Medium (5-9 words)
912,0.77523873680463,0.7,1.0,5,2 Medium (5-9 words)
9120,0.3570764765963919,0.3,1.0,4,1 Short (<5 words)
9121,0.13886244387355454,0.1,0.5,4,1 Short (<5 words)
9124,0.4883491838252097,0.5,0.5,5,2 Medium (5-9 words)
9129,0.11004588314904008,0.1,0.3333333333333333,4,1 Short (<5 words)
9130,0.07839826897867533,0.1,0.16666666666666666,5,2 Medium (5-9 words)
9133,0.5455206287241073,0.5,1.0,9,2 Medium (5-9 words)
9136,0.40350157154648025,0.3,1.0,5,2 Medium (5-9 words)
9138,0.22009176629808017,0.1,1.0,5,2 Medium (5-9 words)
9142,0.31488013066763093,0.2,1.0,4,1 Short (<5 words)
9145,0.11004588314904008,0.1,0.3333333333333333,5,2 Medium (5-9 words)
9154,0.22009176629808017,0.1,1.0,4,1 Short (<5 words)
9155,0.3843113526044082,0.3,1.0,5,2 Medium (5-9 words)
9156,0.4721567066247473,0.4,1.0,7,2 Medium (5-9 words)
9160,0.2934556883974402,0.2,1.0,4,1 Short (<5 words)
9161,0.4690000933206748,0.3,1.0,12,3 Long (>=10 words)
9171,0.30523488393970116,0.2,1.0,8,2 Medium (5-9 words)
9186,0.21726071285222986,0.2,0.5,4,1 Short (<5 words)
9194,0.22009176629808017,0.1,1.0,4,1 Short (<5 words)
9198,0.2435522702101235,0.3,0.25,5,2 Medium (5-9 words)
9206,0.5423640154200349,0.4,1.0,6,2 Medium (5-9 words)
9210,0.5174612499126158,0.4,1.0,5,2 Medium (5-9 words)
9218,0.605504765619221,0.5,1.0,4,1 Short (<5 words)
9233,0.3589542101716347,0.2,1.0,5,2 Medium (5-9 words)
9237,0.13886244387355454,0.1,0.5,4,1 Short (<5 words)
9240,0.11004588314904008,0.1,0.3333333333333333,4,1 Short (<5 words)
926,0.2984900352767555,0.2,1.0,6,2 Medium (5-9 words)
9272,0.5326208815196265,0.4,1.0,6,2 Medium (5-9 words)
928,0.33013764944712026,0.18181818181818182,1.0,3,1 Short (<5 words)
9287,0.4537425745411855,0.3,1.0,5,2 Medium (5-9 words)
9289,0.5224955967919311,0.4,1.0,10,3 Long (>=10 words)
929,0.4690000933206748,0.3,1.0,4,1 Short (<5 words)
9290,0.13886244387355454,0.1,0.5,6,2 Medium (5-9 words)
9292,0.28952298823485745,0.2,1.0,5,2 Medium (5-9 words)
9295,0.7381919257729245,0.7,1.0,6,2 Medium (5-9 words)
9296,0.28952298823485745,0.2,1.0,4,1 Short (<5 words)
9298,0.0,0.0,0.0,9,2 Medium (5-9 words)
9300,0.13886244387355454,0.1,0.5,6,2 Medium (5-9 words)
9302,0.5231534112996471,0.5,1.0,7,2 Medium (5-9 words)
9303,0.2435522702101235,0.3,0.25,4,1 Short (<5 words)
9308,0.3589542101716347,0.2,1.0,5,2 Medium (5-9 words)
9320,0.42257499837058643,0.3,1.0,6,2 Medium (5-9 words)
9326,0.07336392209936005,0.1,0.14285714285714285,3,1 Short (<5 words)
9334,0.4412851793128928,0.4,1.0,8,2 Medium (5-9 words)
9338,0.4315420454124844,0.4,1.0,3,1 Short (<5 words)
9340,0.5033242827953464,0.4,1.0,6,2 Medium (5-9 words)
9349,0.38363315291837646,0.23076923076923078,1.0,8,2 Medium (5-9 words)
935,0.31488013066763093,0.2,1.0,4,1 Short (<5 words)
9354,0.30523488393970116,0.2,1.0,8,2 Medium (5-9 words)
9367,0.4288398090337664,0.4,0.5,6,2 Medium (5-9 words)
9370,0.627507133061656,0.5,1.0,4,1 Short (<5 words)
9380,0.5294438830372382,0.5,1.0,6,2 Medium (5-9 words)
9385,0.2684550357175426,0.3,0.3333333333333333,9,2 Medium (5-9 words)
9388,0.0,0.0,0.0,3,1 Short (<5 words)
9393,0.6405914129030109,0.6,1.0,15,3 Long (>=10 words)
9395,0.7133080652109929,0.7,1.0,6,2 Medium (5-9 words)
940,0.43735247915031,0.3,1.0,4,1 Short (<5 words)
9406,0.07839826897867533,0.1,0.16666666666666666,4,1 Short (<5 words)
9407,0.22009176629808017,0.1,1.0,4,1 Short (<5 words)
9412,0.2489083270225946,0.2,0.5,4,1 Short (<5 words)
9415,0.22009176629808017,0.1,1.0,4,1 Short (<5 words)
9418,0.17993148201117176,0.2,0.25,6,2 Medium (5-9 words)
9424,0.3159817773843634,0.4,0.25,7,2 Medium (5-9 words)
9427,0.09478836436955078,0.1,0.25,6,2 Medium (5-9 words)
943,0.4690000933206748,0.3,1.0,7,2 Medium (5-9 words)
9432,0.0,0.0,0.0,3,1 Short (<5 words)
9443,0.22009176629808017,0.1,1.0,4,1 Short (<5 words)
9451,0.3589542101716347,0.2,1.0,3,1 Short (<5 words)
9455,0.5637884576902256,0.4,1.0,7,2 Medium (5-9 words)
9457,0.7909506325094737,0.7,1.0,4,1 Short (<5 words)
9458,0.6325414799409712,0.5,1.0,4,1 Short (<5 words)
9462,0.5199967979955745,0.4,1.0,9,2 Medium (5-9 words)
9472,0.0,0.0,0.0,5,2 Medium (5-9 words)
9476,0.07336392209936005,0.1,0.14285714285714285,5,2 Medium (5-9 words)
9483,0.3280622976814645,0.4,0.3333333333333333,5,2 Medium (5-9 words)
9491,0.6090726157997783,0.46153846153846156,1.0,9,2 Medium (5-9 words)
9492,0.07336392209936005,0.1,0.14285714285714285,7,2 Medium (5-9 words)
9496,0.1478294909154526,0.2,0.16666666666666666,6,2 Medium (5-9 words)
9497,0.5795003533950692,0.5,1.0,8,2 Medium (5-9 words)
9498,0.13568544539116628,0.2,0.125,4,1 Short (<5 words)
9505,0.5637884576902256,0.4,1.0,5,2 Medium (5-9 words)
9506,0.22009176629808017,0.1,1.0,10,3 Long (>=10 words)
9510,0.22009176629808017,0.1,1.0,7,2 Medium (5-9 words)
9513,0.5231737964779628,0.4,1.0,7,2 Medium (5-9 words)
9517,0.43735247915031,0.3,1.0,7,2 Medium (5-9 words)
9528,0.3785988060390612,0.3,1.0,7,2 Medium (5-9 words)
953,0.0,0.0,0.0,6,2 Medium (5-9 words)
9533,0.24309789328476902,0.3,0.3333333333333333,7,2 Medium (5-9 words)
9540,0.3589542101716347,0.2,1.0,6,2 Medium (5-9 words)
9543,0.5036067026046991,0.4,1.0,3,1 Short (<5 words)
9549,0.5174612499126158,0.4,1.0,4,1 Short (<5 words)
9551,0.23177307466786254,0.3,0.25,5,2 Medium (5-9 words)
9554,0.5769706247040591,0.45454545454545453,1.0,6,2 Medium (5-9 words)
9556,0.5884674004369673,0.5,1.0,5,2 Medium (5-9 words)
9564,0.2082936658103318,0.2,0.5,8,2 Medium (5-9 words)
9565,0.31488013066763093,0.2,1.0,6,2 Medium (5-9 words)
9570,0.3570764765963919,0.3,1.0,7,2 Medium (5-9 words)
9574,0.6867151830982591,0.6,1.0,7,2 Medium (5-9 words)
958,0.0,0.0,0.0,5,2 Medium (5-9 words)
9596,0.576323354912681,0.5,1.0,10,3 Long (>=10 words)
9597,0.4569970750177365,0.3333333333333333,1.0,4,1 Short (<5 words)
9599,0.6994739030813919,0.6,1.0,7,2 Medium (5-9 words)
960,0.15850703974098102,0.2,0.2,4,1 Short (<5 words)
9603,0.5033242827953464,0.4,1.0,8,2 Medium (5-9 words)
9606,0.42257499837058643,0.3,1.0,5,2 Medium (5-9 words)
9611,0.0,0.0,0.0,11,3 Long (>=10 words)
9616,0.08514311764162098,0.1,0.2,5,2 Medium (5-9 words)
9617,0.4697557950008693,0.4,1.0,5,2 Medium (5-9 words)
9623,0.15139734109601002,0.2,0.2,5,2 Medium (5-9 words)
9624,0.42257499837058643,0.3,1.0,5,2 Medium (5-9 words)
9625,0.4690000933206748,0.3,1.0,4,1 Short (<5 words)
9634,0.0,0.0,0.0,6,2 Medium (5-9 words)
9639,0.24618570546556082,0.3,0.25,9,2 Medium (5-9 words)
9648,0.30523488393970116,0.2,1.0,5,2 Medium (5-9 words)
9650,0.22009176629808017,0.1,1.0,9,2 Medium (5-9 words)
9655,0.4440973278132557,0.3,1.0,5,2 Medium (5-9 words)
9656,0.576323354912681,0.5,1.0,7,2 Medium (5-9 words)
9660,0.388244052766991,0.3,1.0,4,1 Short (<5 words)
9661,0.22009176629808017,0.1,1.0,5,2 Medium (5-9 words)
9662,0.6020521034564038,0.5,1.0,6,2 Medium (5-9 words)
9663,0.3499667779514209,0.3,1.0,4,1 Short (<5 words)
9669,0.7183627972686238,0.6,1.0,5,2 Medium (5-9 words)
9672,0.41528076708874123,0.3,1.0,8,2 Medium (5-9 words)
9686,0.30523488393970116,0.2,1.0,7,2 Medium (5-9 words)
9694,0.2863459897524692,0.2,1.0,7,2 Medium (5-9 words)
9695,0.6898286563534621,0.6,1.0,9,2 Medium (5-9 words)
97,0.4440973278132557,0.3,1.0,5,2 Medium (5-9 words)
970,0.3589542101716347,0.2,1.0,4,1 Short (<5 words)
9705,0.2984900352767555,0.2,1.0,5,2 Medium (5-9 words)
971,0.78180487222265,0.7,1.0,6,2 Medium (5-9 words)
9711,0.22119341301481266,0.3,0.16666666666666666,4,1 Short (<5 words)
9714,0.40002324830925196,0.3,1.0,6,2 Medium (5-9 words)
9729,0.20483424751859086,0.2,0.3333333333333333,6,2 Medium (5-9 words)
973,0.15850703974098102,0.2,0.2,6,2 Medium (5-9 words)
9732,0.0,0.0,0.0,5,2 Medium (5-9 words)
9735,0.0,0.0,0.0,4,1 Short (<5 words)
9740,0.6172839611614819,0.5,1.0,7,2 Medium (5-9 words)
9745,0.08514311764162098,0.1,0.2,9,2 Medium (5-9 words)
9752,0.23365080824310533,0.2,0.5,5,2 Medium (5-9 words)
976,0.388244052766991,0.3,1.0,7,2 Medium (5-9 words)
9769,0.3589542101716347,0.2,1.0,5,2 Medium (5-9 words)
9772,0.22009176629808017,0.1,1.0,5,2 Medium (5-9 words)
9781,0.424926013816671,0.3,1.0,4,1 Short (<5 words)
9789,0.5384313152574521,0.4,1.0,6,2 Medium (5-9 words)
979,0.19518900079066107,0.2,0.3333333333333333,6,2 Medium (5-9 words)
9796,0.28762634971412726,0.3,0.5,7,2 Medium (5-9 words)
9797,0.22009176629808017,0.1,1.0,5,2 Medium (5-9 words)
9798,0.31691619230948354,0.4,0.25,7,2 Medium (5-9 words)
98,0.13886244387355454,0.09090909090909091,0.5,4,1 Short (<5 words)
9802,0.0,0.0,0.0,11,3 Long (>=10 words)
981,0.5637884576902256,0.4,1.0,6,2 Medium (5-9 words)
9818,0.6618313225363274,0.6,1.0,8,2 Medium (5-9 words)
9829,0.2934556883974402,0.2,1.0,6,2 Medium (5-9 words)
9843,0.4885468020156227,0.4,1.0,7,2 Medium (5-9 words)
9852,0.0,0.0,0.0,5,2 Medium (5-9 words)
9853,0.42257499837058643,0.3,1.0,9,2 Medium (5-9 words)
9857,0.34695119186869644,0.4,0.3333333333333333,8,2 Medium (5-9 words)
9866,0.24966402870278917,0.3,0.3333333333333333,9,2 Medium (5-9 words)
987,0.33013764944712026,0.2,1.0,4,1 Short (<5 words)
9870,0.0,0.0,0.0,8,2 Medium (5-9 words)
9874,0.28371255449703187,0.2,1.0,5,2 Medium (5-9 words)
9879,0.5271064966405455,0.4,1.0,6,2 Medium (5-9 words)
9885,0.49435723575344825,0.4,1.0,5,2 Medium (5-9 words)
9890,0.6871952210980248,0.6,1.0,7,2 Medium (5-9 words)
9891,0.16207343047068856,0.2222222222222222,0.16666666666666666,7,2 Medium (5-9 words)
9892,0.5771493379489847,0.5,1.0,5,2 Medium (5-9 words)
9899,0.3589542101716347,0.2,1.0,6,2 Medium (5-9 words)
9901,0.2082936658103318,0.2,0.5,5,2 Medium (5-9 words)
9903,0.4220949603708207,0.4,0.5,6,2 Medium (5-9 words)
9905,0.0,0.0,0.0,4,1 Short (<5 words)
9906,0.3932783996463063,0.3,1.0,4,1 Short (<5 words)
9919,0.15176219107803537,0.2,0.16666666666666666,4,1 Short (<5 words)
9926,0.4440973278132557,0.3,1.0,5,2 Medium (5-9 words)
9932,0.5077181160122074,0.4,1.0,8,2 Medium (5-9 words)
9945,0.22009176629808017,0.1,1.0,4,1 Short (<5 words)
9950,0.0,0.0,0.0,5,2 Medium (5-9 words)
9952,0.33013764944712026,0.2,1.0,4,1 Short (<5 words)
9960,0.42333070005078094,0.4,1.0,6,2 Medium (5-9 words)
9965,0.38363315291837646,0.3,1.0,6,2 Medium (5-9 words)
9966,0.5637884576902256,0.4,1.0,4,1 Short (<5 words)
9970,0.4092727151605027,0.5,0.3333333333333333,5,2 Medium (5-9 words)
9972,0.09478836436955078,0.1,0.25,5,2 Medium (5-9 words)
9977,0.07336392209936005,0.1,0.14285714285714285,4,1 Short (<5 words)
9978,0.6816808362189438,0.6,1.0,4,1 Short (<5 words)
9979,0.5100691314582919,0.4,1.0,8,2 Medium (5-9 words)
9982,0.6651928536555899,0.6,1.0,12,3 Long (>=10 words)
9987,0.5224955967919311,0.4,1.0,6,2 Medium (5-9 words)
9997,0.5513310624619329,0.5,1.0,5,2 Medium (5-9 words)
