qid,ndcg10_csqe,ndcg10_blind,delta,word_count,length_bin
0,0.0,0.0,0.0,9,Long (9+)
10000,0.6309297535714575,0.0,0.6309297535714575,8,Medium (4-8)
10003,0.3826803184943108,0.0,0.3826803184943108,3,Short (1-3)
10011,0.9651366671790969,0.904927863653148,0.06020880352594882,8,Medium (4-8)
10027,1.0,1.0,0.0,4,Medium (4-8)
10031,0.5413996682199069,0.0,0.5413996682199069,5,Medium (4-8)
10034,0.6309297535714575,0.0,0.6309297535714575,5,Medium (4-8)
10038,0.430676558073393,0.0,0.430676558073393,8,Medium (4-8)
10039,1.0,0.6309297535714575,0.36907024642854247,6,Medium (4-8)
10040,0.4692787260227564,0.2021073465005475,0.2671713795222089,4,Medium (4-8)
10042,0.7977228895450266,0.8175295903539445,-0.019806700808917888,9,Long (9+)
10057,1.0,1.0,0.0,5,Medium (4-8)
10061,1.0,1.0,0.0,4,Medium (4-8)
1007,0.7328286204777911,0.1564262420075854,0.5764023784702057,4,Medium (4-8)
10070,0.6309297535714575,0.0,0.6309297535714575,6,Medium (4-8)
10074,0.2640681225725909,0.0,0.2640681225725909,8,Medium (4-8)
10075,1.0,1.0,0.0,4,Medium (4-8)
10079,1.0,1.0,0.0,9,Long (9+)
10081,1.0,0.0,1.0,4,Medium (4-8)
10087,0.6309297535714575,0.3562071871080222,0.27472256646343535,5,Medium (4-8)
10088,0.5433536754396464,0.0,0.5433536754396464,8,Medium (4-8)
10090,0.7653606369886217,0.8710785440003369,-0.10571790701171524,4,Medium (4-8)
10103,0.6309297535714575,0.430676558073393,0.20025319549806453,4,Medium (4-8)
10104,1.0,1.0,0.0,6,Medium (4-8)
10114,0.3868528072345416,0.0,0.3868528072345416,3,Short (1-3)
10116,0.9217868789962071,0.7039180890341347,0.21786878996207248,7,Medium (4-8)
10121,0.6309297535714575,0.0,0.6309297535714575,9,Long (9+)
10142,0.5,0.5,0.0,5,Medium (4-8)
10145,0.5249810332008933,0.2184074368181641,0.3065735963827292,4,Medium (4-8)
10148,0.0,0.0,0.0,4,Medium (4-8)
10150,1.0,0.1845756967795681,0.8154243032204319,5,Medium (4-8)
10155,1.0,1.0,0.0,8,Medium (4-8)
10162,0.9469024295259744,0.6663732474096913,0.2805291821162831,7,Medium (4-8)
10165,0.0,0.0,0.0,8,Medium (4-8)
10169,0.5,0.6309297535714575,-0.13092975357145753,7,Medium (4-8)
10171,0.9674679834891692,0.7653606369886217,0.2021073465005475,7,Medium (4-8)
10172,0.0,0.0,0.0,8,Medium (4-8)
10174,0.4144369995533439,0.0,0.4144369995533439,7,Medium (4-8)
10175,1.0,0.6131471927654584,0.38685280723454163,4,Medium (4-8)
10185,1.0,1.0,0.0,6,Medium (4-8)
10194,0.3973220069685352,0.24630238874073,0.1510196182278052,4,Medium (4-8)
10198,0.7328286204777911,0.7328286204777911,0.0,8,Medium (4-8)
10203,0.6309297535714575,0.0,0.6309297535714575,4,Medium (4-8)
10205,0.5012658353418871,0.3065735963827292,0.19469223895915788,5,Medium (4-8)
10209,0.5802792108518124,0.1772392867840477,0.40303992406776473,3,Short (1-3)
10212,0.0,0.0,0.0,4,Medium (4-8)
10217,0.3154648767857287,0.0,0.3154648767857287,5,Medium (4-8)
1023,0.8772153153380493,0.3065735963827292,0.5706417189553201,11,Long (9+)
10230,1.0,0.430676558073393,0.569323441926607,7,Medium (4-8)
10237,0.6131471927654584,0.1934264036172708,0.41972078914818756,6,Medium (4-8)
10242,0.9197207891481876,0.6131471927654584,0.3065735963827292,7,Medium (4-8)
10247,0.8927537907700456,0.5274486902992358,0.3653051004708098,6,Medium (4-8)
10250,0.8065735963827293,0.3065735963827292,0.5000000000000001,4,Medium (4-8)
10251,0.6131471927654584,0.2640681225725909,0.3490790701928675,3,Short (1-3)
10253,1.0,1.0,0.0,9,Long (9+)
10254,0.4226415848467783,0.0,0.4226415848467783,7,Medium (4-8)
10257,0.6309297535714575,0.3868528072345416,0.24407694633691596,4,Medium (4-8)
10259,1.0,1.0,0.0,6,Medium (4-8)
10271,0.6309297535714575,0.6309297535714575,0.0,7,Medium (4-8)
10272,1.0,0.9197207891481876,0.08027921085181244,6,Medium (4-8)
10276,0.9060254355346824,0.9134015924715544,-0.0073761569368719915,4,Medium (4-8)
10286,0.3562071871080222,0.0,0.3562071871080222,10,Long (9+)
10287,0.5,0.430676558073393,0.069323441926607,5,Medium (4-8)
10291,0.1815417925373526,0.4632423659320675,-0.28170057339471494,4,Medium (4-8)
10294,0.6309297535714575,1.0,-0.36907024642854247,4,Medium (4-8)
10297,1.0,1.0,0.0,12,Long (9+)
1030,0.5413996682199069,0.3903800499921017,0.15101961822780524,11,Long (9+)
10301,0.9374130297304558,0.5531464700081437,0.38426655972231216,14,Long (9+)
10306,1.0,1.0,0.0,5,Medium (4-8)
1031,0.3868528072345416,0.0,0.3868528072345416,6,Medium (4-8)
10314,1.0,1.0,0.0,6,Medium (4-8)
10320,1.0,0.0,1.0,5,Medium (4-8)
10330,0.0,0.0,0.0,5,Medium (4-8)
10331,1.0,0.6240505200038379,0.37594947999616213,8,Medium (4-8)
10332,0.5,1.0,-0.5,5,Medium (4-8)
10333,1.0,0.3333333333333333,0.6666666666666667,5,Medium (4-8)
10334,0.6934264036172708,1.0,-0.3065735963827292,7,Medium (4-8)
10335,0.5383087035438704,0.6099667568096199,-0.07165805326574948,5,Medium (4-8)
10340,0.4367467095119258,0.6978817289434457,-0.2611350194315199,4,Medium (4-8)
10342,0.3065735963827292,0.3868528072345416,-0.08027921085181239,6,Medium (4-8)
1035,1.0,1.0,0.0,8,Medium (4-8)
10361,1.0,0.430676558073393,0.569323441926607,5,Medium (4-8)
10366,0.9674679834891692,0.6713860725233041,0.2960819109658651,4,Medium (4-8)
10368,1.0,0.6309297535714575,0.36907024642854247,6,Medium (4-8)
10378,1.0,0.5,0.5,5,Medium (4-8)
10380,0.8772153153380493,0.0,0.8772153153380493,5,Medium (4-8)
10382,1.0,1.0,0.0,5,Medium (4-8)
10385,1.0,0.8503449055347546,0.1496550944652454,6,Medium (4-8)
10398,0.5,0.0,0.5,5,Medium (4-8)
104,0.0,0.0,0.0,6,Medium (4-8)
10401,1.0,1.0,0.0,5,Medium (4-8)
10403,0.5,0.0,0.5,5,Medium (4-8)
10415,1.0,0.7653606369886217,0.23463936301137833,6,Medium (4-8)
10416,1.0,0.7977228895450266,0.20227711045497343,6,Medium (4-8)
10418,0.9674679834891692,1.0,-0.03253201651083082,12,Long (9+)
10427,1.0,1.0,0.0,6,Medium (4-8)
10438,0.430676558073393,0.3010299956639812,0.1296465624094118,5,Medium (4-8)
1044,1.0,1.0,0.0,5,Medium (4-8)
10444,0.6049306994552042,0.2021073465005475,0.40282335295465665,4,Medium (4-8)
10449,0.8048099750039491,0.123151194370365,0.6816587806335841,4,Medium (4-8)
10451,1.0,0.0,1.0,5,Medium (4-8)
10456,0.9469024295259744,0.8385465274895063,0.10835590203646805,4,Medium (4-8)
10459,0.5706417189553201,0.0,0.5706417189553201,7,Medium (4-8)
10476,1.0,0.3154648767857287,0.6845351232142713,4,Medium (4-8)
1048,1.0,0.0,1.0,5,Medium (4-8)
10486,0.0,0.0,0.0,6,Medium (4-8)
1049,0.430676558073393,0.0,0.430676558073393,6,Medium (4-8)
10490,0.6052602440527057,0.3868528072345416,0.21840743681816416,9,Long (9+)
10506,0.9404511968899848,0.2683637998873702,0.6720873970026147,5,Medium (4-8)
1051,1.0,0.5,0.5,4,Medium (4-8)
10514,0.1412669728598289,0.0,0.1412669728598289,8,Medium (4-8)
10515,1.0,1.0,0.0,6,Medium (4-8)
10516,1.0,1.0,0.0,8,Medium (4-8)
10526,1.0,0.0,1.0,5,Medium (4-8)
10527,1.0,1.0,0.0,12,Long (9+)
10529,0.7757386182436072,0.4982037096004408,0.27753490864316643,4,Medium (4-8)
10543,1.0,1.0,0.0,7,Medium (4-8)
10552,0.9197207891481876,0.8315546295836225,0.08816615956456508,8,Medium (4-8)
10553,0.6366824387328317,0.7036997876179215,-0.06701734888508981,4,Medium (4-8)
10563,0.8772153153380493,0.8315546295836225,0.04566068575442683,5,Medium (4-8)
10573,0.0,0.0,0.0,3,Short (1-3)
10574,1.0,1.0,0.0,5,Medium (4-8)
10576,1.0,0.6509209298071326,0.34907907019286744,7,Medium (4-8)
10582,0.9505310077117098,0.5790560467042355,0.37147496100747435,8,Medium (4-8)
10590,0.1513012067494067,0.3026024134988134,-0.1513012067494067,5,Medium (4-8)
10595,1.0,0.6131471927654584,0.38685280723454163,8,Medium (4-8)
10596,1.0,1.0,0.0,7,Medium (4-8)
1060,0.0,0.3868528072345416,-0.3868528072345416,7,Medium (4-8)
10601,0.6005491084563833,0.0,0.6005491084563833,3,Short (1-3)
10606,1.0,0.9197207891481876,0.08027921085181244,4,Medium (4-8)
10609,1.0,0.430676558073393,0.569323441926607,5,Medium (4-8)
10616,1.0,0.6131471927654584,0.38685280723454163,5,Medium (4-8)
10618,1.0,0.0,1.0,7,Medium (4-8)
1062,0.0,0.0,0.0,7,Medium (4-8)
10624,1.0,0.6131471927654584,0.38685280723454163,8,Medium (4-8)
1064,0.9197207891481876,0.6131471927654584,0.3065735963827292,6,Medium (4-8)
10641,0.9197207891481876,0.1845756967795681,0.7351450923686195,5,Medium (4-8)
10651,1.0,0.8175295903539445,0.18247040964605554,4,Medium (4-8)
10653,0.6131471927654584,0.6131471927654584,0.0,6,Medium (4-8)
10664,0.4412576003965278,0.0,0.4412576003965278,4,Medium (4-8)
10665,1.0,0.6309297535714575,0.36907024642854247,9,Long (9+)
10681,0.3868528072345416,1.0,-0.6131471927654584,4,Medium (4-8)
10683,1.0,0.6309297535714575,0.36907024642854247,5,Medium (4-8)
10685,1.0,1.0,0.0,9,Long (9+)
10692,0.9135166374400684,0.0,0.9135166374400684,8,Medium (4-8)
10698,0.1412669728598289,0.0,0.1412669728598289,5,Medium (4-8)
107,0.2960819109658652,0.1480409554829326,0.1480409554829326,6,Medium (4-8)
1070,1.0,0.6309297535714575,0.36907024642854247,6,Medium (4-8)
10710,0.9217868789962071,0.5307212739772434,0.3910656050189637,6,Medium (4-8)
10717,0.735916889650613,0.6620586166096418,0.07385827304097115,5,Medium (4-8)
10722,1.0,1.0,0.0,7,Medium (4-8)
10728,0.6131471927654584,0.2371977127692962,0.3759494799961622,5,Medium (4-8)
10732,0.6309297535714575,1.0,-0.36907024642854247,5,Medium (4-8)
10738,1.0,0.369453583111095,0.630546416888905,5,Medium (4-8)
10739,1.0,1.0,0.0,5,Medium (4-8)
10743,0.5508095940041026,0.0,0.5508095940041026,7,Medium (4-8)
10746,1.0,0.6131471927654584,0.38685280723454163,4,Medium (4-8)
1075,0.0,0.0,0.0,7,Medium (4-8)
10754,0.8318724637288826,0.6366824387328317,0.19519002499605087,6,Medium (4-8)
10760,0.9010126104210696,0.812653045383133,0.08835956503793663,6,Medium (4-8)
10761,1.0,1.0,0.0,5,Medium (4-8)
10764,0.6309297535714575,0.430676558073393,0.20025319549806453,6,Medium (4-8)
10766,0.2640681225725909,0.1845756967795681,0.07949242579302279,11,Long (9+)
10768,0.9060254355346824,0.3084274278260313,0.5975980077086511,5,Medium (4-8)
10772,1.0,1.0,0.0,5,Medium (4-8)
10774,0.3562071871080222,0.0,0.3562071871080222,4,Medium (4-8)
1078,1.0,0.0,1.0,4,Medium (4-8)
10785,0.3889580943680543,0.5249810332008933,-0.136022938832839,4,Medium (4-8)
10786,0.810582531061383,0.0,0.810582531061383,4,Medium (4-8)
10791,0.1681275362711174,0.1510196182278052,0.017107918043312187,4,Medium (4-8)
108,0.0,0.0,0.0,5,Medium (4-8)
10806,1.0,1.0,0.0,4,Medium (4-8)
10811,1.0,1.0,0.0,7,Medium (4-8)
10823,0.6934264036172708,0.8503449055347546,-0.1569185019174838,4,Medium (4-8)
10825,1.0,0.0,1.0,4,Medium (4-8)
10846,1.0,0.0,1.0,3,Short (1-3)
10849,0.7653606369886217,0.617319681505689,0.1480409554829326,6,Medium (4-8)
10862,0.6131471927654584,0.1934264036172708,0.41972078914818756,3,Short (1-3)
10868,0.430676558073393,0.0,0.430676558073393,5,Medium (4-8)
10870,0.7039180890341347,0.1356519734324477,0.5682661156016869,7,Medium (4-8)
10878,1.0,0.3010299956639812,0.6989700043360187,6,Medium (4-8)
10892,0.8772153153380493,0.0,0.8772153153380493,3,Short (1-3)
10897,0.6131471927654584,0.2371977127692962,0.3759494799961622,6,Medium (4-8)
10899,0.6309297535714575,1.0,-0.36907024642854247,4,Medium (4-8)
1090,0.8772153153380493,0.6131471927654584,0.26406812257259094,3,Short (1-3)
10912,0.2890648263178879,0.0,0.2890648263178879,6,Medium (4-8)
10913,0.9217868789962071,1.0,-0.07821312100379285,5,Medium (4-8)
10922,0.6309297535714575,1.0,-0.36907024642854247,5,Medium (4-8)
10927,0.5249810332008933,0.0,0.5249810332008933,9,Long (9+)
10930,1.0,1.0,0.0,4,Medium (4-8)
10936,0.6131471927654584,0.3868528072345416,0.2262943855309168,7,Medium (4-8)
10945,0.3868528072345416,0.0,0.3868528072345416,6,Medium (4-8)
10947,1.0,1.0,0.0,5,Medium (4-8)
1096,0.9550236580992476,0.3853585682515056,0.569665089847742,5,Medium (4-8)
10966,1.0,1.0,0.0,8,Medium (4-8)
10977,0.0,0.0,0.0,4,Medium (4-8)
10979,1.0,0.8200261225503443,0.17997387744965565,6,Medium (4-8)
110,0.9197207891481876,0.0,0.9197207891481876,6,Medium (4-8)
11004,1.0,0.430676558073393,0.569323441926607,7,Medium (4-8)
11008,0.5802792108518124,0.0,0.5802792108518124,7,Medium (4-8)
11013,1.0,1.0,0.0,6,Medium (4-8)
1102,0.5646436081071458,0.24630238874073,0.3183412193664158,6,Medium (4-8)
11025,0.3868528072345416,0.0,0.3868528072345416,7,Medium (4-8)
11028,1.0,1.0,0.0,4,Medium (4-8)
11032,1.0,0.932521091954824,0.06747890804517598,5,Medium (4-8)
11033,0.6131471927654584,0.0,0.6131471927654584,7,Medium (4-8)
11036,0.0,0.0,0.0,7,Medium (4-8)
11041,0.430676558073393,0.3868528072345416,0.04382375083885143,4,Medium (4-8)
11044,1.0,0.9176551163528844,0.08234488364711556,5,Medium (4-8)
11055,0.8687949224876582,0.3391602052736161,0.5296347172140421,5,Medium (4-8)
1106,1.0,0.3333333333333333,0.6666666666666667,13,Long (9+)
11069,0.3154648767857287,0.0,0.3154648767857287,5,Medium (4-8)
11075,1.0,1.0,0.0,9,Long (9+)
11081,0.9217868789962071,0.9469024295259744,-0.025115550529767217,6,Medium (4-8)
11082,0.6309297535714575,0.0,0.6309297535714575,7,Medium (4-8)
11084,0.6309297535714575,1.0,-0.36907024642854247,5,Medium (4-8)
11093,0.7757386182436072,0.2900757977385808,0.48566282050502646,10,Long (9+)
11095,0.2890648263178879,0.0,0.2890648263178879,10,Long (9+)
11108,0.8051628502199798,0.5392968862278849,0.26586596399209494,4,Medium (4-8)
11115,1.0,1.0,0.0,5,Medium (4-8)
11116,1.0,1.0,0.0,4,Medium (4-8)
11117,0.8687949224876582,0.4671671770926196,0.4016277453950386,4,Medium (4-8)
11119,0.7757386182436072,0.1390561795107756,0.6366824387328316,6,Medium (4-8)
11121,0.2184074368181641,0.2184074368181641,0.0,5,Medium (4-8)
11129,0.4776237035032179,0.2960819109658652,0.1815417925373527,6,Medium (4-8)
1113,0.3868528072345416,0.3010299956639812,0.08582281157056038,7,Medium (4-8)
11140,1.0,0.6309297535714575,0.36907024642854247,9,Long (9+)
11146,0.892210845475489,0.644824486427155,0.24738635904833406,4,Medium (4-8)
11151,0.1951900249960508,0.0,0.1951900249960508,5,Medium (4-8)
11154,1.0,0.3562071871080222,0.6437928128919779,3,Short (1-3)
11161,0.4227898344066503,0.0,0.4227898344066503,6,Medium (4-8)
11164,0.5,0.5,0.0,4,Medium (4-8)
11166,1.0,0.0,1.0,5,Medium (4-8)
11171,0.6934264036172708,0.0,0.6934264036172708,6,Medium (4-8)
11179,0.9361705073520016,0.6571532078621984,0.27901729948980314,7,Medium (4-8)
11183,0.8276904491046954,0.664550862590272,0.1631395865144234,4,Medium (4-8)
11188,1.0,1.0,0.0,5,Medium (4-8)
11193,0.6309297535714575,0.0,0.6309297535714575,3,Short (1-3)
11198,1.0,0.2640681225725909,0.7359318774274091,7,Medium (4-8)
112,0.6309297535714575,0.0,0.6309297535714575,9,Long (9+)
11200,0.0,0.3044671974905181,-0.3044671974905181,3,Short (1-3)
11204,0.6131471927654584,0.6131471927654584,0.0,8,Medium (4-8)
11208,0.6663732474096913,0.0,0.6663732474096913,4,Medium (4-8)
11210,0.3978088012057569,0.0,0.3978088012057569,4,Medium (4-8)
11213,1.0,1.0,0.0,4,Medium (4-8)
11220,0.8772153153380493,0.0,0.8772153153380493,6,Medium (4-8)
11226,1.0,0.6309297535714575,0.36907024642854247,4,Medium (4-8)
11229,1.0,1.0,0.0,5,Medium (4-8)
11230,1.0,0.6309297535714575,0.36907024642854247,3,Short (1-3)
11235,1.0,0.6309297535714575,0.36907024642854247,6,Medium (4-8)
11237,0.9066276098484508,0.2021073465005475,0.7045202633479033,4,Medium (4-8)
11239,0.5307212739772434,0.0,0.5307212739772434,5,Medium (4-8)
1124,0.4227898344066503,0.0,0.4227898344066503,5,Medium (4-8)
11246,1.0,0.0,1.0,6,Medium (4-8)
11247,0.7532831509624124,0.5087403079104241,0.24454284305198826,7,Medium (4-8)
11251,0.4034698846650846,0.601312434202259,-0.1978425495371744,9,Long (9+)
11257,1.0,0.0,1.0,5,Medium (4-8)
11266,1.0,1.0,0.0,5,Medium (4-8)
11273,0.5912352048230277,0.4217734095488644,0.16946179527416333,5,Medium (4-8)
11277,0.8772153153380493,0.6131471927654584,0.26406812257259094,8,Medium (4-8)
1128,1.0,1.0,0.0,6,Medium (4-8)
11282,1.0,0.5,0.5,8,Medium (4-8)
11289,0.0,0.0,0.0,5,Medium (4-8)
11290,0.8503449055347546,0.0,0.8503449055347546,4,Medium (4-8)
1130,0.1681275362711174,0.0,0.1681275362711174,6,Medium (4-8)
11305,0.2890648263178879,0.0,0.2890648263178879,4,Medium (4-8)
11306,0.5319460297682747,0.0,0.5319460297682747,5,Medium (4-8)
11318,0.6309297535714575,0.0,0.6309297535714575,4,Medium (4-8)
11319,0.7100281367210132,0.0,0.7100281367210132,6,Medium (4-8)
1133,1.0,1.0,0.0,8,Medium (4-8)
11335,1.0,0.6309297535714575,0.36907024642854247,6,Medium (4-8)
11353,0.0,0.0,0.0,5,Medium (4-8)
11358,1.0,0.9197207891481876,0.08027921085181244,5,Medium (4-8)
1136,0.6131471927654584,0.5012658353418871,0.1118813574235713,6,Medium (4-8)
11360,0.6309297535714575,0.0,0.6309297535714575,4,Medium (4-8)
11363,0.3065735963827292,0.0,0.3065735963827292,5,Medium (4-8)
11368,0.75369761125927,0.6975637657739948,0.056133845485275224,6,Medium (4-8)
11369,1.0,0.4692787260227564,0.5307212739772436,7,Medium (4-8)
11371,0.3562071871080222,0.0,0.3562071871080222,4,Medium (4-8)
1138,1.0,1.0,0.0,3,Short (1-3)
1140,0.7653606369886217,0.1564262420075854,0.6089343949810363,10,Long (9+)
11401,0.6309297535714575,1.0,-0.36907024642854247,7,Medium (4-8)
11410,0.3333333333333333,0.430676558073393,-0.09734322474005969,5,Medium (4-8)
11411,0.6309297535714575,0.0,0.6309297535714575,5,Medium (4-8)
11414,0.4692787260227564,0.0,0.4692787260227564,6,Medium (4-8)
11415,0.9674679834891692,0.7039180890341347,0.2635498944550345,6,Medium (4-8)
11417,0.6309297535714575,0.0,0.6309297535714575,5,Medium (4-8)
11418,0.8175295903539445,0.0,0.8175295903539445,3,Short (1-3)
1143,1.0,1.0,0.0,4,Medium (4-8)
1144,0.6309297535714575,0.0,0.6309297535714575,10,Long (9+)
11443,1.0,0.3333333333333333,0.6666666666666667,4,Medium (4-8)
11456,0.0,0.0,0.0,5,Medium (4-8)
11457,0.6366824387328317,0.3903800499921017,0.24630238874073002,4,Medium (4-8)
11469,0.430624116386567,0.0,0.430624116386567,7,Medium (4-8)
11473,0.3562071871080222,0.6309297535714575,-0.27472256646343535,4,Medium (4-8)
11476,0.0,0.2893079283427616,-0.2893079283427616,6,Medium (4-8)
11479,0.5356949866046503,0.0,0.5356949866046503,4,Medium (4-8)
1148,0.982892081956688,0.8899603164338973,0.0929317655227907,4,Medium (4-8)
11488,1.0,0.4692787260227564,0.5307212739772436,6,Medium (4-8)
11489,0.4792350074047671,0.2346393630113782,0.2445956443933889,6,Medium (4-8)
11503,0.0,0.0,0.0,9,Long (9+)
11507,0.6967728672917264,0.1170625931379635,0.5797102741537629,5,Medium (4-8)
1151,1.0,1.0,0.0,6,Medium (4-8)
11514,1.0,0.1951900249960508,0.8048099750039492,4,Medium (4-8)
11515,0.9197207891481876,0.3868528072345416,0.5328679819136459,4,Medium (4-8)
11521,1.0,1.0,0.0,8,Medium (4-8)
11522,1.0,0.6240505200038379,0.37594947999616213,5,Medium (4-8)
11524,0.5249810332008933,0.0,0.5249810332008933,9,Long (9+)
1153,0.6309297535714575,0.3010299956639812,0.32989975790747633,5,Medium (4-8)
11542,0.6978817289434457,0.4899692203633839,0.20791250858006177,11,Long (9+)
11546,1.0,0.0,1.0,4,Medium (4-8)
11547,0.8318724637288826,0.6366824387328317,0.19519002499605087,4,Medium (4-8)
11549,1.0,1.0,0.0,4,Medium (4-8)
11557,1.0,0.6309297535714575,0.36907024642854247,5,Medium (4-8)
11559,1.0,1.0,0.0,6,Medium (4-8)
11561,0.5147714448836774,0.1312050775123417,0.38356636737133576,8,Medium (4-8)
11563,0.6309297535714575,0.3562071871080222,0.27472256646343535,3,Short (1-3)
11566,0.6240505200038379,0.3978088012057569,0.22624171879808097,11,Long (9+)
11570,0.9493885684853096,0.9493885684853096,0.0,5,Medium (4-8)
11579,0.9197207891481876,0.1772392867840477,0.7424815023641398,5,Medium (4-8)
11580,1.0,1.0,0.0,6,Medium (4-8)
11583,0.5855700749881525,0.4144299250118475,0.171140149976305,6,Medium (4-8)
11597,0.5802792108518124,0.0,0.5802792108518124,5,Medium (4-8)
11598,0.0,0.0,0.0,3,Short (1-3)
11609,0.9197207891481876,0.482475559390755,0.4372452297574326,12,Long (9+)
11610,1.0,0.3903800499921017,0.6096199500078983,4,Medium (4-8)
11611,1.0,0.0,1.0,4,Medium (4-8)
11613,0.0,0.0,0.0,10,Long (9+)
11624,1.0,1.0,0.0,6,Medium (4-8)
11625,0.75369761125927,0.4373103991125936,0.3163872121466764,4,Medium (4-8)
1163,0.982892081956688,0.8318724637288826,0.1510196182278054,7,Medium (4-8)
11642,1.0,0.0,1.0,5,Medium (4-8)
11643,0.1934264036172708,0.1845756967795681,0.008850706837702699,8,Medium (4-8)
11655,1.0,0.9197207891481876,0.08027921085181244,7,Medium (4-8)
11660,0.7227265726449519,0.0,0.7227265726449519,3,Short (1-3)
11663,1.0,0.6509209298071326,0.34907907019286744,5,Medium (4-8)
11664,0.5,1.0,-0.5,6,Medium (4-8)
11666,0.6934264036172708,0.5012658353418871,0.19216056827538375,4,Medium (4-8)
11668,1.0,1.0,0.0,7,Medium (4-8)
11669,0.430676558073393,0.6309297535714575,-0.20025319549806453,4,Medium (4-8)
11670,1.0,0.0,1.0,5,Medium (4-8)
11672,1.0,0.2021073465005475,0.7978926534994525,8,Medium (4-8)
11680,1.0,0.6309297535714575,0.36907024642854247,8,Medium (4-8)
11683,1.0,0.1934264036172708,0.8065735963827292,5,Medium (4-8)
11698,0.918839123725715,0.8508957228074242,0.06794340091829076,4,Medium (4-8)
11703,1.0,1.0,0.0,4,Medium (4-8)
11709,0.2371977127692962,0.2184074368181641,0.018790275951132085,4,Medium (4-8)
1172,0.8315546295836225,0.6131471927654584,0.2184074368181641,4,Medium (4-8)
11736,0.4333451882998622,0.0,0.4333451882998622,6,Medium (4-8)
11739,0.0,0.0,0.0,6,Medium (4-8)
11745,0.0,0.3868528072345416,-0.3868528072345416,8,Medium (4-8)
11748,1.0,1.0,0.0,6,Medium (4-8)
11753,1.0,1.0,0.0,4,Medium (4-8)
11755,0.8503449055347546,0.0,0.8503449055347546,4,Medium (4-8)
11766,0.8072467605676945,0.1564262420075854,0.6508205185601091,6,Medium (4-8)
11769,1.0,0.6131471927654584,0.38685280723454163,5,Medium (4-8)
11770,0.6131471927654584,0.6131471927654584,0.0,4,Medium (4-8)
11787,0.0,0.0,0.0,3,Short (1-3)
11789,1.0,0.3868528072345416,0.6131471927654584,8,Medium (4-8)
11791,0.7977228895450266,0.9197207891481876,-0.12199789960316099,5,Medium (4-8)
118,0.0,0.0,0.0,4,Medium (4-8)
11807,0.2184074368181641,0.5109559939712153,-0.29254855715305117,5,Medium (4-8)
11810,1.0,0.6309297535714575,0.36907024642854247,5,Medium (4-8)
11821,0.9838048780283076,0.7316362001126298,0.2521686779156779,7,Medium (4-8)
11828,1.0,0.5,0.5,8,Medium (4-8)
11831,0.0,0.0,0.0,4,Medium (4-8)
11836,0.430676558073393,0.3154648767857287,0.11521168128766429,7,Medium (4-8)
1185,1.0,1.0,0.0,4,Medium (4-8)
11851,0.3868528072345416,0.2043823975884861,0.1824704096460555,4,Medium (4-8)
11852,1.0,1.0,0.0,4,Medium (4-8)
11857,1.0,0.2346393630113782,0.7653606369886218,7,Medium (4-8)
11860,0.8200261225503443,0.4808659172767282,0.3391602052736161,7,Medium (4-8)
11871,0.5912352048230277,0.8315546295836225,-0.24031942476059476,9,Long (9+)
11873,0.2371977127692962,0.0,0.2371977127692962,6,Medium (4-8)
11874,1.0,0.6309297535714575,0.36907024642854247,5,Medium (4-8)
11876,0.8318724637288826,0.369453583111095,0.4624188806177876,5,Medium (4-8)
11882,0.5,0.0,0.5,4,Medium (4-8)
11902,0.3562071871080222,0.3010299956639812,0.055177191444040985,5,Medium (4-8)
11905,0.0,0.3868528072345416,-0.3868528072345416,5,Medium (4-8)
11909,0.7653606369886217,0.0,0.7653606369886217,5,Medium (4-8)
11911,0.4556051495874603,0.3780021003968389,0.07760304919062139,5,Medium (4-8)
11916,0.9818483242455304,0.4852285551163225,0.49661976912920786,6,Medium (4-8)
11918,1.0,1.0,0.0,11,Long (9+)
11920,0.4816056532026926,0.5982819568741946,-0.116676303671502,5,Medium (4-8)
11922,0.5855700749881525,0.3903800499921017,0.19519002499605081,6,Medium (4-8)
11931,1.0,1.0,0.0,6,Medium (4-8)
11935,0.6934264036172708,0.6509209298071326,0.04250547381013825,3,Short (1-3)
1194,1.0,1.0,0.0,4,Medium (4-8)
11942,0.5,0.3333333333333333,0.16666666666666669,5,Medium (4-8)
11957,0.9709286432396584,0.5654495432396527,0.40547910000000575,4,Medium (4-8)
11964,0.8048099750039491,0.9550236580992476,-0.15021368309529848,6,Medium (4-8)
1197,0.8358912271816661,0.2685255697426522,0.5673656574390139,5,Medium (4-8)
11975,0.9217868789962071,0.5853898393086269,0.3363970396875803,7,Medium (4-8)
1198,1.0,1.0,0.0,5,Medium (4-8)
11984,0.617319681505689,0.7653606369886217,-0.1480409554829326,4,Medium (4-8)
11992,1.0,1.0,0.0,6,Medium (4-8)
11993,0.5437713091520254,0.3868528072345416,0.15691850191748385,5,Medium (4-8)
11997,1.0,1.0,0.0,4,Medium (4-8)
12009,0.3868528072345416,0.0,0.3868528072345416,10,Long (9+)
12011,0.9197207891481876,0.6131471927654584,0.3065735963827292,7,Medium (4-8)
12012,0.0,0.0,0.0,7,Medium (4-8)
12014,0.7258641324729064,0.2442584792702138,0.48160565320269255,6,Medium (4-8)
12017,1.0,0.0,1.0,4,Medium (4-8)
12022,1.0,1.0,0.0,7,Medium (4-8)
12034,0.6309297535714575,0.0,0.6309297535714575,5,Medium (4-8)
12037,0.4852658227346317,0.1681275362711174,0.3171382864635143,7,Medium (4-8)
12041,1.0,0.6309297535714575,0.36907024642854247,4,Medium (4-8)
12051,0.4692787260227564,0.1356519734324477,0.3336267525903087,6,Medium (4-8)
12057,0.4808659172767282,0.1069931323672637,0.3738727849094645,5,Medium (4-8)
12063,1.0,0.6131471927654584,0.38685280723454163,3,Short (1-3)
12066,0.9197207891481876,0.2371977127692962,0.6825230763788914,5,Medium (4-8)
1207,0.6364391809889587,0.0,0.6364391809889587,5,Medium (4-8)
12082,0.7036997876179215,0.4637257479802832,0.2399740396376383,4,Medium (4-8)
12094,0.6509209298071326,0.3868528072345416,0.264068122572591,4,Medium (4-8)
12104,1.0,0.7653606369886217,0.23463936301137833,4,Medium (4-8)
12116,0.369453583111095,0.0,0.369453583111095,5,Medium (4-8)
12129,0.3270396664923995,0.0,0.3270396664923995,4,Medium (4-8)
12138,1.0,1.0,0.0,4,Medium (4-8)
12139,0.8315546295836225,1.0,-0.16844537041637753,9,Long (9+)
12151,1.0,1.0,0.0,5,Medium (4-8)
12157,0.6131471927654584,0.3868528072345416,0.2262943855309168,6,Medium (4-8)
12160,0.905865301574308,0.6380228380792293,0.2678424634950787,6,Medium (4-8)
12162,0.0,0.0,0.0,7,Medium (4-8)
12165,0.3482538302146053,0.1170625931379635,0.23119123707664183,8,Medium (4-8)
12166,1.0,1.0,0.0,8,Medium (4-8)
12169,0.8519590445170673,0.7653606369886217,0.08659840752844561,6,Medium (4-8)
12172,0.8175295903539445,0.0,0.8175295903539445,7,Medium (4-8)
12174,0.7087212693585175,0.8597408875863228,-0.1510196182278053,10,Long (9+)
12184,1.0,0.3379680345449381,0.6620319654550619,4,Medium (4-8)
12196,0.4373488838256942,0.2960819109658652,0.14126697285982898,6,Medium (4-8)
12203,1.0,0.8315546295836225,0.16844537041637753,5,Medium (4-8)
12204,0.7653606369886217,0.5307212739772434,0.23463936301137822,6,Medium (4-8)
12205,1.0,1.0,0.0,14,Long (9+)
12209,0.5012658353418871,0.0,0.5012658353418871,3,Short (1-3)
12213,0.3487022475035549,0.30281242839865,0.04588981910490486,4,Medium (4-8)
12220,0.3010299956639812,0.0,0.3010299956639812,7,Medium (4-8)
12221,0.5805485932475565,0.0,0.5805485932475565,12,Long (9+)
12224,0.6364391809889587,0.6787622294601761,-0.04232304847121737,5,Medium (4-8)
12225,0.4692787260227564,0.1671604549662022,0.3021182710565542,7,Medium (4-8)
12226,0.430676558073393,0.3562071871080222,0.07446937096537082,6,Medium (4-8)
12234,0.6131471927654584,0.6131471927654584,0.0,9,Long (9+)
12246,0.932521091954824,0.9060254355346824,0.026495656420141622,7,Medium (4-8)
12249,0.6309297535714575,0.3333333333333333,0.2975964202381242,5,Medium (4-8)
1225,0.5912352048230277,0.2184074368181641,0.3728277680048636,4,Medium (4-8)
12259,0.8325036712789009,0.5043113635726367,0.3281923077062642,4,Medium (4-8)
12260,0.2640681225725909,0.0,0.2640681225725909,4,Medium (4-8)
12266,1.0,0.6131471927654584,0.38685280723454163,4,Medium (4-8)
1227,1.0,1.0,0.0,4,Medium (4-8)
12279,0.6934264036172708,0.0,0.6934264036172708,3,Short (1-3)
12282,1.0,0.6131471927654584,0.38685280723454163,4,Medium (4-8)
12285,1.0,0.0,1.0,6,Medium (4-8)
12293,0.8772153153380493,0.9197207891481876,-0.04250547381013825,5,Medium (4-8)
12295,1.0,0.499800561367962,0.500199438632038,4,Medium (4-8)
12296,0.0,0.3562071871080222,-0.3562071871080222,8,Medium (4-8)
12298,0.6309297535714575,0.430676558073393,0.20025319549806453,5,Medium (4-8)
12314,0.4144299250118475,0.1301266833307005,0.284303241681147,5,Medium (4-8)
12320,1.0,1.0,0.0,10,Long (9+)
12329,0.7122630665145961,0.1480409554829326,0.5642221110316635,4,Medium (4-8)
12333,0.8539316501572937,0.8013122149737618,0.05261943518353185,6,Medium (4-8)
12335,0.9838048780283076,0.7316362001126298,0.2521686779156779,6,Medium (4-8)
12340,0.7899917627398735,0.4917715788042037,0.2982201839356698,6,Medium (4-8)
12347,1.0,1.0,0.0,5,Medium (4-8)
12349,0.6309297535714575,0.3562071871080222,0.27472256646343535,5,Medium (4-8)
1235,0.430676558073393,0.0,0.430676558073393,3,Short (1-3)
12351,0.5,0.0,0.5,5,Medium (4-8)
12356,0.6309297535714575,0.430676558073393,0.20025319549806453,6,Medium (4-8)
12359,0.430676558073393,0.5,-0.069323441926607,12,Long (9+)
12366,0.6509209298071326,0.0,0.6509209298071326,9,Long (9+)
12369,0.6309297535714575,0.3333333333333333,0.2975964202381242,6,Medium (4-8)
1237,0.5531464700081437,0.3835663673713356,0.16958010263680806,7,Medium (4-8)
12373,1.0,0.6309297535714575,0.36907024642854247,5,Medium (4-8)
12379,1.0,0.6309297535714575,0.36907024642854247,6,Medium (4-8)
1238,0.6309297535714575,1.0,-0.36907024642854247,4,Medium (4-8)
12384,1.0,0.6309297535714575,0.36907024642854247,6,Medium (4-8)
1239,1.0,1.0,0.0,4,Medium (4-8)
12392,0.1934264036172708,0.0,0.1934264036172708,9,Long (9+)
12394,1.0,0.7365896932159578,0.2634103067840422,5,Medium (4-8)
12399,0.411833840435435,0.2184074368181641,0.19342640361727087,3,Short (1-3)
1240,0.9349366583346498,0.7668091220635322,0.16812753627111754,3,Short (1-3)
12415,0.9619991470595832,0.8104089071229301,0.1515902399366531,8,Medium (4-8)
1244,1.0,0.3692678014667498,0.6307321985332501,6,Medium (4-8)
12440,0.9062487935025676,0.2529427027676571,0.6533060907349104,4,Medium (4-8)
1245,0.8503449055347546,0.8772153153380493,-0.026870409803294693,4,Medium (4-8)
12454,1.0,0.0,1.0,4,Medium (4-8)
12455,0.8277566336180304,0.6887841483036672,0.13897248531436324,3,Short (1-3)
12459,0.7653606369886217,0.4161811555487308,0.34917948143989086,5,Medium (4-8)
1247,1.0,1.0,0.0,5,Medium (4-8)
12472,0.6240505200038379,0.0,0.6240505200038379,4,Medium (4-8)
12480,0.5585075862632192,0.0,0.5585075862632192,4,Medium (4-8)
12481,1.0,0.430676558073393,0.569323441926607,6,Medium (4-8)
12482,0.7653606369886217,0.4161811555487308,0.34917948143989086,7,Medium (4-8)
12488,0.3868528072345416,0.0,0.3868528072345416,9,Long (9+)
125,1.0,0.5,0.5,9,Long (9+)
12500,0.6131471927654584,0.6131471927654584,0.0,9,Long (9+)
12509,1.0,0.8772153153380493,0.1227846846619507,5,Medium (4-8)
1251,0.787702056960637,0.7087212693585175,0.07898078760211946,6,Medium (4-8)
12510,0.0,0.2640681225725909,-0.2640681225725909,4,Medium (4-8)
12519,1.0,0.3868528072345416,0.6131471927654584,7,Medium (4-8)
1252,0.9197207891481876,0.430624116386567,0.48909667276162055,5,Medium (4-8)
12524,0.6992148198508501,0.9330795243082164,-0.2338647044573663,4,Medium (4-8)
12526,1.0,1.0,0.0,5,Medium (4-8)
1253,0.8927537907700456,1.0,-0.10724620922995443,7,Medium (4-8)
12530,0.7653606369886217,0.0,0.7653606369886217,7,Medium (4-8)
12535,1.0,1.0,0.0,5,Medium (4-8)
12536,0.9197207891481876,0.0,0.9197207891481876,4,Medium (4-8)
12540,0.0,0.0,0.0,5,Medium (4-8)
12545,0.5,1.0,-0.5,4,Medium (4-8)
12553,1.0,1.0,0.0,8,Medium (4-8)
12556,1.0,0.5,0.5,3,Short (1-3)
12560,1.0,1.0,0.0,7,Medium (4-8)
12563,0.9197207891481876,0.6131471927654584,0.3065735963827292,8,Medium (4-8)
12571,1.0,1.0,0.0,5,Medium (4-8)
12572,0.2890648263178879,0.3333333333333333,-0.044268507015445435,5,Medium (4-8)
12574,0.9896062251871524,0.0,0.9896062251871524,5,Medium (4-8)
1258,0.6601396023754075,0.8539316501572937,-0.1937920477818862,4,Medium (4-8)
12597,0.5706417189553201,0.3868528072345416,0.18378891172077855,5,Medium (4-8)
126,0.430676558073393,0.3154648767857287,0.11521168128766429,10,Long (9+)
12605,0.5,0.0,0.5,5,Medium (4-8)
12607,0.6489315753318465,0.5321408435198608,0.11679073181198574,8,Medium (4-8)
12615,0.6240505200038379,0.5640920940185894,0.059958425985248476,9,Long (9+)
12625,1.0,0.6309297535714575,0.36907024642854247,6,Medium (4-8)
12643,0.5,0.0,0.5,4,Medium (4-8)
12646,1.0,1.0,0.0,4,Medium (4-8)
12649,0.430676558073393,0.0,0.430676558073393,8,Medium (4-8)
12651,0.6052602440527057,0.0,0.6052602440527057,5,Medium (4-8)
12655,0.8503449055347546,1.0,-0.1496550944652454,11,Long (9+)
12657,0.3868528072345416,0.0,0.3868528072345416,4,Medium (4-8)
12660,1.0,0.3868528072345416,0.6131471927654584,5,Medium (4-8)
12665,1.0,1.0,0.0,8,Medium (4-8)
12669,0.3295827480202853,0.0,0.3295827480202853,6,Medium (4-8)
12670,0.1671604549662022,0.0,0.1671604549662022,8,Medium (4-8)
12671,0.7653606369886217,0.1671604549662022,0.5982001820224194,6,Medium (4-8)
12672,0.4029831335977323,0.0,0.4029831335977323,6,Medium (4-8)
12680,0.9438661545147248,0.24630238874073,0.6975637657739948,5,Medium (4-8)
12692,1.0,1.0,0.0,4,Medium (4-8)
1270,1.0,1.0,0.0,4,Medium (4-8)
12705,0.615733440277688,0.3007851801491498,0.31494826012853816,8,Medium (4-8)
12709,0.8829374068620365,0.3900741276002216,0.4928632792618149,8,Medium (4-8)
12712,0.932521091954824,0.7653606369886217,0.16716045496620235,5,Medium (4-8)
12714,1.0,1.0,0.0,4,Medium (4-8)
12720,0.5437713091520254,0.9197207891481876,-0.37594947999616213,6,Medium (4-8)
12721,0.3065735963827292,0.0,0.3065735963827292,7,Medium (4-8)
12723,0.8988898126139723,0.3903800499921017,0.5085097626218706,6,Medium (4-8)
12727,0.9197207891481876,0.6131471927654584,0.3065735963827292,10,Long (9+)
12729,0.6338412308988606,0.4692787260227564,0.1645625048761042,6,Medium (4-8)
12730,1.0,1.0,0.0,6,Medium (4-8)
12739,1.0,0.6309297535714575,0.36907024642854247,7,Medium (4-8)
12754,0.8315546295836225,0.6240505200038379,0.2075041095797846,4,Medium (4-8)
12755,1.0,0.5,0.5,6,Medium (4-8)
12758,1.0,0.0,1.0,6,Medium (4-8)
12764,0.8687949224876582,0.9565912771023182,-0.08779635461465995,5,Medium (4-8)
12782,0.8318724637288826,0.3903800499921017,0.4414924137367809,4,Medium (4-8)
12784,1.0,0.0,1.0,5,Medium (4-8)
12787,0.5802792108518124,0.0,0.5802792108518124,4,Medium (4-8)
12790,0.6934264036172708,0.6509209298071326,0.04250547381013825,5,Medium (4-8)
12793,1.0,0.4367467095119258,0.5632532904880743,5,Medium (4-8)
12804,0.430676558073393,0.3562071871080222,0.07446937096537082,4,Medium (4-8)
1281,1.0,0.3868528072345416,0.6131471927654584,8,Medium (4-8)
1282,0.6787622294601761,0.1815417925373526,0.49722043692282347,3,Short (1-3)
12821,0.2765732350040718,0.1208113026994942,0.15576193230457763,6,Medium (4-8)
12829,0.4114045839753998,0.0874717141014082,0.3239328698739916,4,Medium (4-8)
12836,0.0,0.0,0.0,4,Medium (4-8)
1284,0.6131471927654584,0.3868528072345416,0.2262943855309168,5,Medium (4-8)
12841,0.6309297535714575,0.0,0.6309297535714575,5,Medium (4-8)
12842,0.8772153153380493,0.8772153153380493,0.0,8,Medium (4-8)
12849,0.430676558073393,1.0,-0.569323441926607,8,Medium (4-8)
12866,0.4367467095119258,0.2836929289153804,0.1530537805965454,7,Medium (4-8)
12875,0.8175295903539445,0.3065735963827292,0.5109559939712153,6,Medium (4-8)
1288,0.0,0.0,0.0,4,Medium (4-8)
12880,1.0,0.3562071871080222,0.6437928128919779,4,Medium (4-8)
12889,0.9197207891481876,0.8503449055347546,0.06937588361343294,4,Medium (4-8)
12898,0.0,0.0,0.0,5,Medium (4-8)
12902,0.5773584151532217,0.8200261225503443,-0.24266770739712262,11,Long (9+)
12910,0.9930783166417602,0.735916889650613,0.2571614269911472,5,Medium (4-8)
12918,0.0,0.0,0.0,7,Medium (4-8)
12920,0.4935232796777481,0.0,0.4935232796777481,3,Short (1-3)
12921,0.3154648767857287,0.0,0.3154648767857287,4,Medium (4-8)
1293,0.9197207891481876,0.2043823975884861,0.7153383915597015,6,Medium (4-8)
12939,0.0,0.1128451413489352,-0.1128451413489352,8,Medium (4-8)
12944,0.8772153153380493,1.0,-0.1227846846619507,6,Medium (4-8)
12947,1.0,0.8315546295836225,0.16844537041637753,4,Medium (4-8)
12949,1.0,1.0,0.0,6,Medium (4-8)
1296,0.7653606369886217,0.3433743193603765,0.4219863176282452,5,Medium (4-8)
12963,0.6309297535714575,0.0,0.6309297535714575,3,Short (1-3)
12967,0.9217868789962071,0.3836491390379002,0.5381377399583069,8,Medium (4-8)
12971,0.4684505201610769,0.2640681225725909,0.20438239758848603,11,Long (9+)
1298,0.7039180890341347,0.3235866969737877,0.38033139206034694,11,Long (9+)
12982,1.0,1.0,0.0,4,Medium (4-8)
12983,0.8175295903539445,0.0,0.8175295903539445,5,Medium (4-8)
12987,0.6715263515506075,0.6366824387328317,0.03484391281777577,5,Medium (4-8)
13005,1.0,1.0,0.0,4,Medium (4-8)
13011,1.0,1.0,0.0,8,Medium (4-8)
13013,0.6663732474096913,0.0,0.6663732474096913,4,Medium (4-8)
13018,0.7653606369886217,0.4161811555487308,0.34917948143989086,5,Medium (4-8)
13031,1.0,1.0,0.0,5,Medium (4-8)
13034,0.6309297535714575,0.3333333333333333,0.2975964202381242,4,Medium (4-8)
13039,0.0,0.0,0.0,4,Medium (4-8)
13043,0.6366824387328317,0.1390561795107756,0.4976262592220561,4,Medium (4-8)
13046,1.0,1.0,0.0,5,Medium (4-8)
13047,0.0,0.0,0.0,8,Medium (4-8)
13049,0.6052602440527057,0.3868528072345416,0.21840743681816416,6,Medium (4-8)
13052,1.0,0.0,1.0,6,Medium (4-8)
13056,0.0,0.0,0.0,5,Medium (4-8)
13059,0.3868528072345416,0.0,0.3868528072345416,4,Medium (4-8)
13062,1.0,0.1934264036172708,0.8065735963827292,4,Medium (4-8)
13066,0.9217868789962071,0.4017998179775804,0.5199870610186268,4,Medium (4-8)
13067,0.8248239677678635,0.5058175983477707,0.31900636942009275,4,Medium (4-8)
13069,0.2960819109658652,0.3910656050189636,-0.09498369405309837,4,Medium (4-8)
1308,0.5413996682199069,0.0,0.5413996682199069,7,Medium (4-8)
13092,1.0,1.0,0.0,5,Medium (4-8)
13097,1.0,1.0,0.0,9,Long (9+)
13099,0.9060254355346824,0.5307212739772434,0.37530416155743895,3,Short (1-3)
1310,1.0,0.5,0.5,5,Medium (4-8)
13102,0.5621189791785585,0.3903800499921017,0.17173892918645678,4,Medium (4-8)
13108,0.5931729515195112,0.1356519734324477,0.4575209780870635,9,Long (9+)
13112,0.6309297535714575,0.0,0.6309297535714575,6,Medium (4-8)
13113,1.0,0.7678620595110026,0.23213794048899739,5,Medium (4-8)
13115,0.8048099750039491,0.3973220069685352,0.4074879680354139,4,Medium (4-8)
13118,0.8315546295836225,0.8315546295836225,0.0,7,Medium (4-8)
13131,1.0,1.0,0.0,5,Medium (4-8)
13134,0.3868528072345416,0.6934264036172708,-0.30657359638272924,3,Short (1-3)
13142,1.0,0.5,0.5,4,Medium (4-8)
13168,0.0,0.0,0.0,5,Medium (4-8)
13175,0.430676558073393,0.430676558073393,0.0,8,Medium (4-8)
13178,0.6309297535714575,0.430676558073393,0.20025319549806453,6,Medium (4-8)
13179,0.4611069077020113,0.1069931323672637,0.3541137753347476,5,Medium (4-8)
13183,0.0,0.0,0.0,6,Medium (4-8)
13185,0.8503449055347546,0.2184074368181641,0.6319374687165905,5,Medium (4-8)
13186,0.7903864795495061,0.6131471927654584,0.17723928678404777,11,Long (9+)
1320,0.4967432029864875,0.1412669728598289,0.35547623012665863,4,Medium (4-8)
13200,1.0,0.1681275362711174,0.8318724637288826,7,Medium (4-8)
13201,0.6309297535714575,1.0,-0.36907024642854247,9,Long (9+)
13213,1.0,1.0,0.0,5,Medium (4-8)
13215,0.430676558073393,0.3868528072345416,0.04382375083885143,4,Medium (4-8)
13219,0.0,0.0,0.0,3,Short (1-3)
13223,0.6309297535714575,0.6309297535714575,0.0,5,Medium (4-8)
13224,0.715696758318853,0.8048099750039491,-0.08911321668509609,5,Medium (4-8)
13232,0.9709286432396584,0.5855700749881525,0.38535856825150594,5,Medium (4-8)
13235,1.0,1.0,0.0,6,Medium (4-8)
13237,1.0,0.8503449055347546,0.1496550944652454,4,Medium (4-8)
13255,0.7737459235132744,0.4692787260227564,0.30446719749051804,7,Medium (4-8)
13259,1.0,0.6131471927654584,0.38685280723454163,5,Medium (4-8)
1327,0.9674679834891692,0.4692787260227564,0.4981892574664128,5,Medium (4-8)
13276,1.0,1.0,0.0,5,Medium (4-8)
13280,1.0,1.0,0.0,11,Long (9+)
13283,1.0,0.5,0.5,5,Medium (4-8)
13285,1.0,0.3562071871080222,0.6437928128919779,4,Medium (4-8)
13286,0.7653606369886217,0.3836491390379002,0.38171149795072146,4,Medium (4-8)
13293,1.0,1.0,0.0,4,Medium (4-8)
13306,1.0,0.6309297535714575,0.36907024642854247,6,Medium (4-8)
13311,1.0,0.6309297535714575,0.36907024642854247,7,Medium (4-8)
13327,1.0,1.0,0.0,5,Medium (4-8)
13329,1.0,1.0,0.0,4,Medium (4-8)
1333,0.5,1.0,-0.5,5,Medium (4-8)
13331,0.9060254355346824,0.1671604549662022,0.7388649805684802,5,Medium (4-8)
13335,1.0,0.3868528072345416,0.6131471927654584,5,Medium (4-8)
1334,1.0,1.0,0.0,4,Medium (4-8)
13340,1.0,1.0,0.0,4,Medium (4-8)
13342,0.932521091954824,0.4692787260227564,0.46324236593206763,4,Medium (4-8)
13354,0.6131471927654584,1.0,-0.38685280723454163,4,Medium (4-8)
13360,0.5,0.6309297535714575,-0.13092975357145753,5,Medium (4-8)
13380,1.0,0.0,1.0,5,Medium (4-8)
13383,1.0,1.0,0.0,6,Medium (4-8)
13396,0.9217868789962071,0.9010126104210696,0.020774268575137533,5,Medium (4-8)
134,0.6131471927654584,0.0,0.6131471927654584,4,Medium (4-8)
13404,1.0,0.6131471927654584,0.38685280723454163,5,Medium (4-8)
13413,1.0,0.6309297535714575,0.36907024642854247,5,Medium (4-8)
1342,0.9197207891481876,0.6131471927654584,0.3065735963827292,7,Medium (4-8)
13423,0.8503449055347546,0.1772392867840477,0.673105618750707,4,Medium (4-8)
13427,0.8315546295836225,0.2371977127692962,0.5943569168143263,4,Medium (4-8)
13428,0.5,1.0,-0.5,8,Medium (4-8)
13433,0.430676558073393,0.0,0.430676558073393,5,Medium (4-8)
13436,1.0,0.5,0.5,8,Medium (4-8)
13438,0.2960819109658652,0.0,0.2960819109658652,4,Medium (4-8)
13441,0.8175295903539445,0.4144369995533439,0.40309259080060056,6,Medium (4-8)
13444,0.0,0.0,0.0,4,Medium (4-8)
13449,0.8318724637288826,0.6366824387328317,0.19519002499605087,8,Medium (4-8)
13463,1.0,0.0,1.0,4,Medium (4-8)
13465,1.0,1.0,0.0,4,Medium (4-8)
13480,0.3868528072345416,0.0,0.3868528072345416,6,Medium (4-8)
13482,1.0,1.0,0.0,6,Medium (4-8)
13496,0.6934264036172708,0.0,0.6934264036172708,3,Short (1-3)
13498,0.2184074368181641,0.0,0.2184074368181641,5,Medium (4-8)
13500,0.9197207891481876,1.0,-0.08027921085181244,7,Medium (4-8)
13504,1.0,1.0,0.0,8,Medium (4-8)
13505,1.0,1.0,0.0,10,Long (9+)
13512,0.7653606369886217,0.8451850618939637,-0.07982442490534203,6,Medium (4-8)
13514,0.0,0.0,0.0,7,Medium (4-8)
13526,0.5706417189553201,0.0,0.5706417189553201,8,Medium (4-8)
13527,0.3868528072345416,0.0,0.3868528072345416,8,Medium (4-8)
13534,0.7585866543655181,0.3826803184943108,0.3759063358712073,9,Long (9+)
1354,1.0,1.0,0.0,8,Medium (4-8)
13557,1.0,0.2890648263178879,0.7109351736821121,5,Medium (4-8)
13567,1.0,1.0,0.0,7,Medium (4-8)
13569,0.6131471927654584,0.3065735963827292,0.3065735963827292,4,Medium (4-8)
1357,0.8451850618939637,0.9060254355346824,-0.0608403736407187,5,Medium (4-8)
13573,0.8065735963827293,0.2184074368181641,0.5881661595645652,4,Medium (4-8)
13579,1.0,1.0,0.0,4,Medium (4-8)
13583,0.9197207891481876,0.6131471927654584,0.3065735963827292,5,Medium (4-8)
13596,0.8315546295836225,0.6131471927654584,0.2184074368181641,5,Medium (4-8)
1360,0.810582531061383,0.0,0.810582531061383,5,Medium (4-8)
13600,0.6509209298071326,0.0,0.6509209298071326,8,Medium (4-8)
13606,1.0,1.0,0.0,7,Medium (4-8)
13614,0.3868528072345416,0.5,-0.11314719276545843,10,Long (9+)
13617,1.0,0.3562071871080222,0.6437928128919779,5,Medium (4-8)
13630,1.0,0.0,1.0,7,Medium (4-8)
13631,1.0,1.0,0.0,4,Medium (4-8)
13638,0.9197207891481876,0.0,0.9197207891481876,7,Medium (4-8)
13639,0.1845756967795681,0.4574945261898616,-0.2729188294102935,5,Medium (4-8)
13660,0.3562071871080222,0.0,0.3562071871080222,5,Medium (4-8)
13666,0.6508205185601091,0.1564262420075854,0.49439427655252377,4,Medium (4-8)
13670,0.0,0.0,0.0,6,Medium (4-8)
13686,1.0,0.5249810332008933,0.4750189667991067,7,Medium (4-8)
1369,0.6309297535714575,0.2890648263178879,0.34186492725356965,10,Long (9+)
13691,0.0,0.0,0.0,9,Long (9+)
13694,1.0,0.6309297535714575,0.36907024642854247,5,Medium (4-8)
13695,1.0,0.430624116386567,0.569375883613433,5,Medium (4-8)
13698,0.0,0.0,0.0,4,Medium (4-8)
13707,0.8048099750039491,0.787702056960637,0.01710791804331213,5,Medium (4-8)
13710,0.6309297535714575,0.5,0.13092975357145753,4,Medium (4-8)
13711,0.6309297535714575,0.0,0.6309297535714575,5,Medium (4-8)
13717,0.431733884398313,0.0,0.431733884398313,5,Medium (4-8)
13721,0.9197207891481876,0.8315546295836225,0.08816615956456508,6,Medium (4-8)
13731,1.0,1.0,0.0,8,Medium (4-8)
13733,1.0,1.0,0.0,9,Long (9+)
13734,0.6934264036172708,0.6131471927654584,0.08027921085181244,4,Medium (4-8)
13745,0.3108658234453849,0.0,0.3108658234453849,5,Medium (4-8)
13759,1.0,1.0,0.0,3,Short (1-3)
13760,1.0,0.6309297535714575,0.36907024642854247,10,Long (9+)
1377,0.9197207891481876,0.6131471927654584,0.3065735963827292,5,Medium (4-8)
13778,1.0,1.0,0.0,7,Medium (4-8)
13779,1.0,0.0,1.0,5,Medium (4-8)
13782,0.6309297535714575,0.0,0.6309297535714575,5,Medium (4-8)
13789,1.0,0.6131471927654584,0.38685280723454163,6,Medium (4-8)
13796,0.7653606369886217,0.4692787260227564,0.2960819109658653,8,Medium (4-8)
13797,0.1951900249960508,0.6380228380792293,-0.44283281308317857,6,Medium (4-8)
1380,1.0,0.0,1.0,4,Medium (4-8)
13803,1.0,1.0,0.0,5,Medium (4-8)
13811,0.7122630665145961,0.2021073465005475,0.5101557200140486,3,Short (1-3)
13813,1.0,0.6309297535714575,0.36907024642854247,4,Medium (4-8)
1382,0.0,0.0,0.0,5,Medium (4-8)
13820,0.4776237035032179,0.3044671974905181,0.17315650601269983,7,Medium (4-8)
13830,0.6934264036172708,0.2184074368181641,0.4750189667991067,4,Medium (4-8)
13834,0.9060254355346824,0.0,0.9060254355346824,5,Medium (4-8)
13838,0.9217868789962071,0.4692787260227564,0.45250815297345076,4,Medium (4-8)
13840,1.0,0.8503449055347546,0.1496550944652454,5,Medium (4-8)
13845,1.0,0.3154648767857287,0.6845351232142713,8,Medium (4-8)
13852,0.0,0.0,0.0,4,Medium (4-8)
13864,1.0,1.0,0.0,4,Medium (4-8)
13866,0.2836929289153804,0.0,0.2836929289153804,6,Medium (4-8)
1387,0.0,0.0,0.0,4,Medium (4-8)
13873,1.0,0.6309297535714575,0.36907024642854247,9,Long (9+)
13881,0.430676558073393,0.5,-0.069323441926607,4,Medium (4-8)
13883,0.5,0.0,0.5,6,Medium (4-8)
13885,0.6240505200038379,0.1845756967795681,0.4394748232242698,5,Medium (4-8)
13887,0.5,0.0,0.5,5,Medium (4-8)
1389,0.430676558073393,0.3010299956639812,0.1296465624094118,3,Short (1-3)
13910,0.5714285040141098,0.2371977127692962,0.33423079124481364,7,Medium (4-8)
13913,0.3633175612671683,0.0,0.3633175612671683,4,Medium (4-8)
13918,0.5714285040141098,0.0,0.5714285040141098,5,Medium (4-8)
13920,1.0,1.0,0.0,4,Medium (4-8)
13925,0.5,0.5,0.0,8,Medium (4-8)
13930,1.0,0.9197207891481876,0.08027921085181244,6,Medium (4-8)
13937,0.5,0.0,0.5,6,Medium (4-8)
1394,1.0,0.6934264036172708,0.3065735963827292,5,Medium (4-8)
13947,0.3759063358712072,0.1564262420075854,0.2194800938636218,5,Medium (4-8)
1395,1.0,1.0,0.0,4,Medium (4-8)
13964,0.5912352048230277,0.8503449055347546,-0.2591097007117269,9,Long (9+)
13966,1.0,0.0,1.0,4,Medium (4-8)
1397,1.0,0.0,1.0,6,Medium (4-8)
13973,1.0,0.430676558073393,0.569323441926607,6,Medium (4-8)
14007,0.0,0.0,0.0,5,Medium (4-8)
14015,1.0,0.9197207891481876,0.08027921085181244,9,Long (9+)
14019,0.3889580943680543,0.0,0.3889580943680543,8,Medium (4-8)
1402,0.0,0.0,0.0,6,Medium (4-8)
14020,0.5,1.0,-0.5,6,Medium (4-8)
14021,1.0,0.3562071871080222,0.6437928128919779,4,Medium (4-8)
14028,0.2890648263178879,1.0,-0.7109351736821121,6,Medium (4-8)
14030,1.0,0.6131471927654584,0.38685280723454163,6,Medium (4-8)
14038,1.0,1.0,0.0,5,Medium (4-8)
14039,0.0,0.430676558073393,-0.430676558073393,5,Medium (4-8)
1404,0.6309297535714575,0.430676558073393,0.20025319549806453,4,Medium (4-8)
14041,0.0,0.3975796519395045,-0.3975796519395045,3,Short (1-3)
14042,1.0,1.0,0.0,4,Medium (4-8)
14050,0.8315546295836225,0.3868528072345416,0.4447018223490809,6,Medium (4-8)
14052,0.3562071871080222,0.0,0.3562071871080222,3,Short (1-3)
14054,0.5012658353418871,0.1772392867840477,0.32402654855783936,5,Medium (4-8)
14056,0.5912352048230277,0.3065735963827292,0.28466160844029853,9,Long (9+)
1406,0.8297197050122157,0.4522136070314881,0.3775060979807276,4,Medium (4-8)
14061,0.430676558073393,0.0,0.430676558073393,3,Short (1-3)
14062,1.0,0.6509209298071326,0.34907907019286744,5,Medium (4-8)
14078,0.4017998179775804,0.0,0.4017998179775804,4,Medium (4-8)
14086,0.6309297535714575,0.3562071871080222,0.27472256646343535,10,Long (9+)
1409,0.8854598815714874,0.932521091954824,-0.04706121038333666,9,Long (9+)
14094,0.8772153153380493,0.6240505200038379,0.25316479533421143,5,Medium (4-8)
14095,1.0,1.0,0.0,4,Medium (4-8)
14102,0.6309297535714575,0.0,0.6309297535714575,5,Medium (4-8)
14105,0.0,0.0,0.0,4,Medium (4-8)
1411,1.0,0.6509209298071326,0.34907907019286744,7,Medium (4-8)
14116,1.0,1.0,0.0,4,Medium (4-8)
1412,1.0,1.0,0.0,8,Medium (4-8)
14120,1.0,0.6309297535714575,0.36907024642854247,5,Medium (4-8)
14121,0.8351142097265214,0.7333729481001815,0.1017412616263399,4,Medium (4-8)
14128,0.6509209298071326,0.2640681225725909,0.3868528072345417,8,Medium (4-8)
14141,1.0,0.5855700749881525,0.4144299250118475,4,Medium (4-8)
14145,1.0,1.0,0.0,6,Medium (4-8)
1415,0.9197207891481876,0.8503449055347546,0.06937588361343294,6,Medium (4-8)
14154,0.6309297535714575,0.0,0.6309297535714575,4,Medium (4-8)
14155,1.0,1.0,0.0,4,Medium (4-8)
14158,0.7720911544214064,0.5249161118977292,0.24717504252367717,4,Medium (4-8)
1416,0.6309297535714575,0.6309297535714575,0.0,3,Short (1-3)
14162,1.0,0.3591475300896652,0.6408524699103348,8,Medium (4-8)
14170,0.0,0.0,0.0,9,Long (9+)
14171,0.6309297535714575,0.0,0.6309297535714575,8,Medium (4-8)
14176,1.0,1.0,0.0,6,Medium (4-8)
14178,1.0,1.0,0.0,11,Long (9+)
14185,1.0,0.9197207891481876,0.08027921085181244,10,Long (9+)
14188,0.3154648767857287,1.0,-0.6845351232142713,8,Medium (4-8)
14207,0.4864687556375333,0.1128451413489352,0.3736236142885981,6,Medium (4-8)
1421,0.6283303929311413,0.123151194370365,0.5051791985607763,3,Short (1-3)
1422,0.6978817289434457,0.2021073465005475,0.4957743824428982,4,Medium (4-8)
14222,0.9197207891481876,0.0,0.9197207891481876,4,Medium (4-8)
14225,0.0,0.0,0.0,5,Medium (4-8)
14228,0.6131471927654584,0.0,0.6131471927654584,7,Medium (4-8)
14238,1.0,1.0,0.0,5,Medium (4-8)
14240,0.3973220069685352,0.3903800499921017,0.0069419569764335165,9,Long (9+)
14250,1.0,0.0,1.0,5,Medium (4-8)
14256,0.6797310500037655,0.6105456988825855,0.06918535112118007,4,Medium (4-8)
14263,0.0,0.0,0.0,4,Medium (4-8)
1427,0.430676558073393,0.3010299956639812,0.1296465624094118,7,Medium (4-8)
14273,1.0,0.8772153153380493,0.1227846846619507,13,Long (9+)
14275,1.0,1.0,0.0,5,Medium (4-8)
14279,1.0,1.0,0.0,7,Medium (4-8)
14281,0.0,0.0,0.0,3,Short (1-3)
14283,0.3270396664923995,0.0,0.3270396664923995,5,Medium (4-8)
14297,0.6934264036172708,0.2043823975884861,0.48904400602878473,4,Medium (4-8)
143,1.0,1.0,0.0,6,Medium (4-8)
14310,0.430676558073393,0.0,0.430676558073393,5,Medium (4-8)
14322,1.0,0.6934264036172708,0.3065735963827292,4,Medium (4-8)
1433,1.0,1.0,0.0,6,Medium (4-8)
14334,0.5109559939712153,0.1934264036172708,0.31752959035394446,4,Medium (4-8)
14338,0.8772153153380493,0.3868528072345416,0.49036250810350773,5,Medium (4-8)
14344,1.0,1.0,0.0,4,Medium (4-8)
14363,1.0,1.0,0.0,6,Medium (4-8)
14380,0.982892081956688,0.1951900249960508,0.7877020569606372,6,Medium (4-8)
14381,1.0,0.9047172294870752,0.09528277051292477,4,Medium (4-8)
14383,0.0,0.0,0.0,3,Short (1-3)
14387,1.0,0.6309297535714575,0.36907024642854247,7,Medium (4-8)
1439,0.9197207891481876,0.3065735963827292,0.6131471927654584,6,Medium (4-8)
14394,0.8318724637288826,1.0,-0.16812753627111743,4,Medium (4-8)
14395,0.6309297535714575,0.6309297535714575,0.0,5,Medium (4-8)
14396,0.1934264036172708,0.4144369995533439,-0.2210105959360731,5,Medium (4-8)
14401,1.0,0.3010299956639812,0.6989700043360187,4,Medium (4-8)
14404,0.5,0.2890648263178879,0.21093517368211212,6,Medium (4-8)
14408,0.3980628465882808,0.529399628450727,-0.13133678186244618,4,Medium (4-8)
14423,1.0,1.0,0.0,7,Medium (4-8)
14428,0.7039180890341347,0.6447841584694202,0.0591339305647145,4,Medium (4-8)
14429,0.6309297535714575,0.0,0.6309297535714575,5,Medium (4-8)
14444,0.3010299956639812,0.0,0.3010299956639812,6,Medium (4-8)
14446,0.3868528072345416,0.0,0.3868528072345416,4,Medium (4-8)
1445,0.6934264036172708,0.2043823975884861,0.48904400602878473,4,Medium (4-8)
14463,0.9052181617170642,0.2565722842672027,0.6486458774498615,4,Medium (4-8)
14464,0.9558295932317544,0.910853251331002,0.04497634190075239,8,Medium (4-8)
14468,0.4574945261898616,0.0,0.4574945261898616,6,Medium (4-8)
14469,1.0,0.6309297535714575,0.36907024642854247,6,Medium (4-8)
14471,1.0,1.0,0.0,4,Medium (4-8)
14472,0.2043823975884861,0.0,0.2043823975884861,5,Medium (4-8)
14482,1.0,1.0,0.0,7,Medium (4-8)
14483,1.0,1.0,0.0,6,Medium (4-8)
14495,0.6309297535714575,0.5,0.13092975357145753,5,Medium (4-8)
14497,1.0,1.0,0.0,5,Medium (4-8)
1450,0.7328286204777911,0.2346393630113782,0.49818925746641285,4,Medium (4-8)
14504,0.3868528072345416,0.0,0.3868528072345416,5,Medium (4-8)
14505,1.0,0.3562071871080222,0.6437928128919779,5,Medium (4-8)
14514,0.2960819109658652,0.2960819109658652,0.0,7,Medium (4-8)
14515,0.5654495432396527,0.3973220069685352,0.16812753627111748,10,Long (9+)
14517,0.5714285040141098,0.430624116386567,0.14080438762754283,6,Medium (4-8)
14518,1.0,0.6131471927654584,0.38685280723454163,9,Long (9+)
1452,1.0,0.3562071871080222,0.6437928128919779,7,Medium (4-8)
14527,1.0,0.3868528072345416,0.6131471927654584,7,Medium (4-8)
14536,1.0,0.3562071871080222,0.6437928128919779,4,Medium (4-8)
14538,0.2021073465005475,0.0,0.2021073465005475,3,Short (1-3)
14539,1.0,1.0,0.0,4,Medium (4-8)
14548,0.8503449055347546,0.8503449055347546,0.0,8,Medium (4-8)
14553,0.5026317885449211,0.0843142342558857,0.4183175542890354,3,Short (1-3)
14564,0.9060254355346824,0.1356519734324477,0.7703734621022347,5,Medium (4-8)
14568,0.8318724637288826,0.5855700749881525,0.24630238874073007,7,Medium (4-8)
14581,1.0,1.0,0.0,4,Medium (4-8)
14585,0.8065735963827293,0.3065735963827292,0.5000000000000001,6,Medium (4-8)
1459,0.5437713091520254,0.0,0.5437713091520254,5,Medium (4-8)
14592,1.0,0.6309297535714575,0.36907024642854247,5,Medium (4-8)
14599,0.6309297535714575,0.0,0.6309297535714575,5,Medium (4-8)
14604,1.0,0.6131471927654584,0.38685280723454163,6,Medium (4-8)
1461,0.8529278650606567,0.6049306994552042,0.24799716560545249,6,Medium (4-8)
14611,0.8396538878217249,0.6380228380792293,0.20163104974249557,4,Medium (4-8)
14619,1.0,0.3868528072345416,0.6131471927654584,6,Medium (4-8)
1463,0.2371977127692962,0.2640681225725909,-0.026870409803294693,4,Medium (4-8)
14631,1.0,0.6309297535714575,0.36907024642854247,4,Medium (4-8)
14642,0.2890648263178879,0.5,-0.21093517368211212,7,Medium (4-8)
14650,1.0,1.0,0.0,10,Long (9+)
14651,1.0,0.8318724637288826,0.16812753627111743,9,Long (9+)
14659,0.0,0.0,0.0,7,Medium (4-8)
1466,0.5716190970674814,0.8262373741149447,-0.2546182770474633,7,Medium (4-8)
14662,1.0,1.0,0.0,10,Long (9+)
14686,1.0,0.5,0.5,6,Medium (4-8)
14687,1.0,1.0,0.0,13,Long (9+)
14691,0.6049306994552042,0.4692787260227564,0.13565197343244778,3,Short (1-3)
14697,0.8854598815714874,0.7653606369886217,0.1200992445828657,5,Medium (4-8)
147,0.8519590445170673,0.6787622294601761,0.17319681505689122,7,Medium (4-8)
14704,1.0,1.0,0.0,4,Medium (4-8)
14716,1.0,0.3562071871080222,0.6437928128919779,5,Medium (4-8)
14719,1.0,0.430676558073393,0.569323441926607,5,Medium (4-8)
14721,0.3868528072345416,0.0,0.3868528072345416,3,Short (1-3)
14722,0.6309297535714575,0.3010299956639812,0.32989975790747633,8,Medium (4-8)
14723,0.24630238874073,0.0,0.24630238874073,6,Medium (4-8)
14730,0.9060254355346824,1.0,-0.0939745644653176,6,Medium (4-8)
14731,1.0,1.0,0.0,4,Medium (4-8)
14736,0.8927537907700456,0.0,0.8927537907700456,4,Medium (4-8)
14747,0.6309297535714575,1.0,-0.36907024642854247,5,Medium (4-8)
14756,1.0,0.6131471927654584,0.38685280723454163,4,Medium (4-8)
14767,0.6508205185601091,0.4692787260227564,0.18154179253735275,7,Medium (4-8)
14781,1.0,0.5,0.5,5,Medium (4-8)
14787,1.0,1.0,0.0,7,Medium (4-8)
14789,0.6509209298071326,0.3868528072345416,0.264068122572591,7,Medium (4-8)
14802,0.6309297535714575,0.0,0.6309297535714575,6,Medium (4-8)
14804,0.7974049492783576,0.6601396023754075,0.1372653469029501,6,Medium (4-8)
14816,0.0,0.619668607939653,-0.619668607939653,5,Medium (4-8)
14817,1.0,0.6309297535714575,0.36907024642854247,4,Medium (4-8)
14822,0.7653606369886217,1.0,-0.23463936301137833,3,Short (1-3)
14832,0.6309297535714575,0.3562071871080222,0.27472256646343535,6,Medium (4-8)
14845,0.8175295903539445,0.8772153153380493,-0.05968572498410485,8,Medium (4-8)
1485,1.0,0.6309297535714575,0.36907024642854247,6,Medium (4-8)
14850,0.2043823975884861,0.3065735963827292,-0.1021911987942431,3,Short (1-3)
14851,0.6309297535714575,0.0,0.6309297535714575,4,Medium (4-8)
14856,0.4161811555487308,0.2960819109658652,0.12009924458286558,5,Medium (4-8)
14859,0.8396538878217249,0.5413996682199069,0.29825421960181797,4,Medium (4-8)
14861,1.0,0.6309297535714575,0.36907024642854247,4,Medium (4-8)
14869,0.6309297535714575,0.0,0.6309297535714575,5,Medium (4-8)
1487,0.430676558073393,0.3154648767857287,0.11521168128766429,11,Long (9+)
1488,0.1412669728598289,0.0,0.1412669728598289,6,Medium (4-8)
14885,0.5,0.6309297535714575,-0.13092975357145753,7,Medium (4-8)
1490,0.9047172294870752,0.982892081956688,-0.07817485246961275,8,Medium (4-8)
14900,0.0,0.0,0.0,4,Medium (4-8)
14905,1.0,1.0,0.0,6,Medium (4-8)
14926,0.0,0.0,0.0,4,Medium (4-8)
14938,1.0,0.0,1.0,8,Medium (4-8)
14939,0.6713860725233041,0.3152014104491349,0.35618466207416916,3,Short (1-3)
14943,0.5912352048230277,0.1934264036172708,0.3978088012057569,5,Medium (4-8)
14949,0.9060254355346824,0.0,0.9060254355346824,5,Medium (4-8)
14951,0.9197207891481876,0.2371977127692962,0.6825230763788914,4,Medium (4-8)
14963,0.5,0.0,0.5,6,Medium (4-8)
14965,0.5531464700081437,0.248165744965618,0.30498072504252566,6,Medium (4-8)
14966,0.123151194370365,0.1301266833307005,-0.006975488960335494,3,Short (1-3)
14967,0.0,0.0,0.0,4,Medium (4-8)
14968,1.0,1.0,0.0,8,Medium (4-8)
14989,0.5296347172140421,0.169580102636808,0.3600546145772341,8,Medium (4-8)
14991,1.0,1.0,0.0,5,Medium (4-8)
14993,1.0,0.1951900249960508,0.8048099750039492,3,Short (1-3)
14999,0.3956467236022118,0.2184074368181641,0.1772392867840477,7,Medium (4-8)
150,1.0,0.0,1.0,3,Short (1-3)
15004,0.9217868789962071,0.0,0.9217868789962071,5,Medium (4-8)
15011,0.5,1.0,-0.5,12,Long (9+)
15012,0.715663226334951,0.1681275362711174,0.5475356900638336,4,Medium (4-8)
15015,1.0,1.0,0.0,4,Medium (4-8)
1502,1.0,1.0,0.0,7,Medium (4-8)
15022,1.0,1.0,0.0,5,Medium (4-8)
15023,1.0,1.0,0.0,5,Medium (4-8)
15024,0.0,0.2371977127692962,-0.2371977127692962,4,Medium (4-8)
15027,0.6052602440527057,0.3868528072345416,0.21840743681816416,9,Long (9+)
15041,0.0,0.0,0.0,8,Medium (4-8)
15044,0.6309297535714575,0.6309297535714575,0.0,6,Medium (4-8)
15048,1.0,0.6131471927654584,0.38685280723454163,4,Medium (4-8)
15050,1.0,1.0,0.0,9,Long (9+)
15054,0.7758480050487349,0.7090365651256826,0.06681143992305227,5,Medium (4-8)
1506,0.2151507968807836,0.2139862647345275,0.0011645321462560865,6,Medium (4-8)
15061,0.9674679834891692,0.8278123145308894,0.13965566895827974,5,Medium (4-8)
15073,0.6217937096682962,0.933819260234181,-0.3120255505658849,7,Medium (4-8)
15074,1.0,0.5706417189553201,0.4293582810446799,4,Medium (4-8)
15077,0.430676558073393,1.0,-0.569323441926607,4,Medium (4-8)
15099,1.0,0.5,0.5,5,Medium (4-8)
151,1.0,0.5,0.5,3,Short (1-3)
1510,0.9217868789962071,0.2021073465005475,0.7196795324956596,5,Medium (4-8)
15104,0.2960819109658652,0.0,0.2960819109658652,5,Medium (4-8)
15107,0.3333333333333333,0.3010299956639812,0.03230333766935212,6,Medium (4-8)
15109,0.0,0.0,0.0,3,Short (1-3)
15110,1.0,1.0,0.0,5,Medium (4-8)
15111,0.3333333333333333,0.3562071871080222,-0.022873853774688868,6,Medium (4-8)
15113,1.0,1.0,0.0,5,Medium (4-8)
15114,0.6052602440527057,0.4911492931622974,0.11411095089040835,6,Medium (4-8)
15115,0.8503449055347546,0.430624116386567,0.4197207891481876,6,Medium (4-8)
15121,0.8207658584763088,0.713772726109045,0.10699313236726382,4,Medium (4-8)
15145,0.5,0.0,0.5,7,Medium (4-8)
15147,0.3333333333333333,0.0,0.3333333333333333,7,Medium (4-8)
1515,0.6309297535714575,0.6309297535714575,0.0,6,Medium (4-8)
15153,0.3333333333333333,0.430676558073393,-0.09734322474005969,10,Long (9+)
15165,0.6309297535714575,0.0,0.6309297535714575,5,Medium (4-8)
15172,1.0,0.0,1.0,6,Medium (4-8)
1520,0.6131471927654584,0.2371977127692962,0.3759494799961622,4,Medium (4-8)
15203,0.0,0.0,0.0,5,Medium (4-8)
15210,0.6934264036172708,0.2371977127692962,0.4562286908479746,5,Medium (4-8)
15215,1.0,0.0,1.0,5,Medium (4-8)
15217,0.9197207891481876,0.3868528072345416,0.5328679819136459,4,Medium (4-8)
15221,0.932521091954824,0.2021073465005475,0.7304137454542765,5,Medium (4-8)
15222,0.8772153153380493,0.2640681225725909,0.6131471927654584,4,Medium (4-8)
15232,0.5249810332008933,0.1934264036172708,0.3315546295836225,3,Short (1-3)
15238,0.9010126104210696,0.2346393630113782,0.6663732474096914,8,Medium (4-8)
15242,0.0,0.0,0.0,4,Medium (4-8)
15245,0.5765708893292185,0.1175161047564271,0.4590547845727914,9,Long (9+)
1526,0.6131471927654584,0.1772392867840477,0.43590790598141066,4,Medium (4-8)
15261,0.5802792108518124,0.8315546295836225,-0.25127541873181003,4,Medium (4-8)
15266,0.8318724637288826,0.2519013208597108,0.5799711428691718,8,Medium (4-8)
15274,0.0,0.1564262420075854,-0.1564262420075854,5,Medium (4-8)
15275,1.0,0.8503449055347546,0.1496550944652454,6,Medium (4-8)
15283,0.6309297535714575,0.3562071871080222,0.27472256646343535,6,Medium (4-8)
15288,0.9197207891481876,0.9197207891481876,0.0,6,Medium (4-8)
15295,0.5,0.0,0.5,4,Medium (4-8)
15300,0.1772392867840477,0.0,0.1772392867840477,5,Medium (4-8)
15304,0.7039180890341347,0.2021073465005475,0.5018107425335872,9,Long (9+)
15314,0.6508562437134188,0.5846156829012061,0.06624056081221263,6,Medium (4-8)
15318,0.346209643223856,0.0,0.346209643223856,6,Medium (4-8)
15323,0.6131471927654584,0.3868528072345416,0.2262943855309168,8,Medium (4-8)
15325,0.0,0.2769189462922768,-0.2769189462922768,5,Medium (4-8)
15330,0.5,0.2890648263178879,0.21093517368211212,7,Medium (4-8)
1534,0.6509209298071326,0.5912352048230277,0.05968572498410485,5,Medium (4-8)
15340,1.0,0.5,0.5,5,Medium (4-8)
15345,0.8175295903539445,0.6934264036172708,0.12410318673667364,5,Medium (4-8)
15346,0.0,0.0,0.0,6,Medium (4-8)
1535,1.0,1.0,0.0,13,Long (9+)
15351,0.8503449055347546,0.5109559939712153,0.33938891156353934,4,Medium (4-8)
15352,0.430676558073393,1.0,-0.569323441926607,8,Medium (4-8)
15365,0.3868528072345416,0.2043823975884861,0.1824704096460555,6,Medium (4-8)
15369,1.0,0.0,1.0,7,Medium (4-8)
15371,0.3868528072345416,0.3065735963827292,0.08027921085181239,4,Medium (4-8)
15379,0.430676558073393,1.0,-0.569323441926607,4,Medium (4-8)
15386,0.3562071871080222,0.0,0.3562071871080222,6,Medium (4-8)
15387,1.0,1.0,0.0,9,Long (9+)
15391,0.6240505200038379,0.1772392867840477,0.44681123321979016,7,Medium (4-8)
15400,1.0,0.3562071871080222,0.6437928128919779,4,Medium (4-8)
15402,1.0,0.3868528072345416,0.6131471927654584,5,Medium (4-8)
15411,0.3868528072345416,0.3154648767857287,0.07138793044881286,5,Medium (4-8)
15415,0.3868528072345416,0.3333333333333333,0.05351947390120826,5,Medium (4-8)
15418,1.0,1.0,0.0,4,Medium (4-8)
15428,0.5307212739772434,0.5307212739772434,0.0,5,Medium (4-8)
1543,1.0,1.0,0.0,4,Medium (4-8)
15430,1.0,0.0,1.0,7,Medium (4-8)
15436,0.4357255443160135,0.1909208661789346,0.2448046781370789,8,Medium (4-8)
1544,1.0,1.0,0.0,6,Medium (4-8)
15446,1.0,0.3154648767857287,0.6845351232142713,7,Medium (4-8)
15448,0.0,0.0,0.0,4,Medium (4-8)
15455,1.0,1.0,0.0,6,Medium (4-8)
1546,0.3065735963827292,0.0,0.3065735963827292,3,Short (1-3)
15465,0.3562071871080222,0.0,0.3562071871080222,6,Medium (4-8)
15466,0.5706417189553201,0.4227898344066503,0.14785188454866982,5,Medium (4-8)
15469,1.0,0.6309297535714575,0.36907024642854247,8,Medium (4-8)
15471,1.0,1.0,0.0,4,Medium (4-8)
15472,0.3154648767857287,0.3562071871080222,-0.040742310322293473,6,Medium (4-8)
15473,0.8315546295836225,0.5714285040141098,0.26012612556951265,3,Short (1-3)
15482,1.0,0.0,1.0,12,Long (9+)
15488,0.3562071871080222,0.6309297535714575,-0.27472256646343535,6,Medium (4-8)
1549,1.0,0.0,1.0,3,Short (1-3)
15493,1.0,0.5706417189553201,0.4293582810446799,6,Medium (4-8)
15509,0.6039071644781281,0.6338412308988606,-0.029934066420732486,5,Medium (4-8)
15510,1.0,1.0,0.0,5,Medium (4-8)
15511,0.9010126104210696,0.9674679834891692,-0.06645537306809957,3,Short (1-3)
1567,0.4144299250118475,0.0,0.4144299250118475,4,Medium (4-8)
1569,0.9197207891481876,0.6131471927654584,0.3065735963827292,10,Long (9+)
1579,0.0,0.3562071871080222,-0.3562071871080222,6,Medium (4-8)
1584,0.6797310500037655,0.6797310500037655,0.0,6,Medium (4-8)
1586,0.6309297535714575,0.6309297535714575,0.0,7,Medium (4-8)
1590,0.0,0.0,0.0,3,Short (1-3)
1591,1.0,1.0,0.0,6,Medium (4-8)
1594,1.0,0.3868528072345416,0.6131471927654584,5,Medium (4-8)
1595,0.86034433104172,0.9469024295259744,-0.08655809848425433,4,Medium (4-8)
160,0.7653606369886217,0.7039180890341347,0.061442547954487,6,Medium (4-8)
1600,1.0,1.0,0.0,5,Medium (4-8)
1603,0.8772153153380493,0.0,0.8772153153380493,4,Medium (4-8)
1604,0.873659246283982,0.8587959739536173,0.014863272330364663,5,Medium (4-8)
1616,0.7095272044910244,0.9178287402913377,-0.2083015358003133,7,Medium (4-8)
1618,0.6096199500078984,0.6366824387328317,-0.02706248872493333,4,Medium (4-8)
162,0.4981892574664128,0.0,0.4981892574664128,4,Medium (4-8)
1623,1.0,0.5,0.5,4,Medium (4-8)
1626,0.9674679834891692,0.3084274278260313,0.6590405556631379,5,Medium (4-8)
1627,0.6309297535714575,0.0,0.6309297535714575,8,Medium (4-8)
163,0.6309297535714575,0.3154648767857287,0.3154648767857288,6,Medium (4-8)
1635,0.8940043068327738,0.3835663673713356,0.5104379394614382,8,Medium (4-8)
164,1.0,0.3868528072345416,0.6131471927654584,8,Medium (4-8)
1645,0.5012658353418871,0.0,0.5012658353418871,5,Medium (4-8)
1647,1.0,1.0,0.0,7,Medium (4-8)
1648,0.6508205185601091,0.4692787260227564,0.18154179253735275,5,Medium (4-8)
1658,0.2371977127692962,0.0,0.2371977127692962,5,Medium (4-8)
1661,1.0,1.0,0.0,5,Medium (4-8)
1666,0.6804558477306826,0.3923340572118411,0.28812179051884146,5,Medium (4-8)
1676,0.3868528072345416,0.0,0.3868528072345416,5,Medium (4-8)
1678,1.0,1.0,0.0,6,Medium (4-8)
1681,0.6934264036172708,0.2184074368181641,0.4750189667991067,6,Medium (4-8)
1686,0.0,0.0,0.0,5,Medium (4-8)
1702,0.3868528072345416,0.0,0.3868528072345416,10,Long (9+)
1703,1.0,0.6509209298071326,0.34907907019286744,5,Medium (4-8)
1710,0.932521091954824,0.4692787260227564,0.46324236593206763,5,Medium (4-8)
1721,1.0,1.0,0.0,7,Medium (4-8)
1725,0.6309297535714575,0.6309297535714575,0.0,8,Medium (4-8)
1736,0.0,0.0,0.0,10,Long (9+)
1741,0.3868528072345416,0.0,0.3868528072345416,7,Medium (4-8)
1745,1.0,0.5249810332008933,0.4750189667991067,5,Medium (4-8)
1750,1.0,0.3010299956639812,0.6989700043360187,5,Medium (4-8)
1761,1.0,0.3154648767857287,0.6845351232142713,4,Medium (4-8)
1763,1.0,0.8315546295836225,0.16844537041637753,6,Medium (4-8)
1769,0.6105456988825855,0.2960819109658652,0.31446378791672025,6,Medium (4-8)
1775,0.8321109942931567,0.2537257399688699,0.5783852543242869,7,Medium (4-8)
1778,0.0,0.0,0.0,4,Medium (4-8)
1793,0.9197207891481876,0.0,0.9197207891481876,4,Medium (4-8)
1796,1.0,1.0,0.0,7,Medium (4-8)
1797,0.6309297535714575,0.5,0.13092975357145753,6,Medium (4-8)
1798,0.905865301574308,0.24630238874073,0.659562912833578,5,Medium (4-8)
1800,0.0,0.0,0.0,3,Short (1-3)
1808,1.0,0.0,1.0,6,Medium (4-8)
1810,0.9469024295259744,0.9217868789962071,0.025115550529767217,5,Medium (4-8)
1811,1.0,1.0,0.0,6,Medium (4-8)
1812,0.6508205185601091,0.4692787260227564,0.18154179253735275,4,Medium (4-8)
1815,1.0,1.0,0.0,7,Medium (4-8)
1816,0.430676558073393,1.0,-0.569323441926607,5,Medium (4-8)
1827,1.0,0.8503449055347546,0.1496550944652454,5,Medium (4-8)
183,0.9197207891481876,0.8315546295836225,0.08816615956456508,9,Long (9+)
1835,1.0,0.6309297535714575,0.36907024642854247,7,Medium (4-8)
1839,1.0,1.0,0.0,7,Medium (4-8)
184,1.0,0.9197207891481876,0.08027921085181244,5,Medium (4-8)
1844,0.431733884398313,0.2021073465005475,0.2296265378977655,5,Medium (4-8)
1847,0.6934264036172708,0.6131471927654584,0.08027921085181244,6,Medium (4-8)
1861,0.9060254355346824,0.7039180890341347,0.20210734650054774,7,Medium (4-8)
1866,0.867749820489524,0.0,0.867749820489524,8,Medium (4-8)
1869,1.0,1.0,0.0,5,Medium (4-8)
187,0.5,0.0,0.5,4,Medium (4-8)
1870,0.8048099750039491,0.0,0.8048099750039491,4,Medium (4-8)
1872,0.2960819109658652,0.2960819109658652,0.0,5,Medium (4-8)
1874,0.5,0.0,0.5,8,Medium (4-8)
1875,0.2640681225725909,0.3956467236022118,-0.13157860102962093,5,Medium (4-8)
1876,0.9674679834891692,0.1564262420075854,0.8110417414815838,6,Medium (4-8)
188,1.0,1.0,0.0,5,Medium (4-8)
1888,0.6240505200038379,0.5706417189553201,0.05340880104851775,5,Medium (4-8)
1890,0.5,0.6309297535714575,-0.13092975357145753,5,Medium (4-8)
1891,1.0,0.6131471927654584,0.38685280723454163,4,Medium (4-8)
1895,0.8315546295836225,0.2640681225725909,0.5674865070110315,5,Medium (4-8)
1899,0.5267175784514114,0.2960819109658652,0.2306356674855462,7,Medium (4-8)
1900,0.7977228895450266,0.0,0.7977228895450266,4,Medium (4-8)
1905,0.3868528072345416,0.3562071871080222,0.03064562012651939,4,Medium (4-8)
1912,0.1564262420075854,0.1412669728598289,0.015159269147756504,4,Medium (4-8)
1913,1.0,0.3487022475035549,0.6512977524964452,8,Medium (4-8)
193,0.8248239677678635,0.7227265726449519,0.1020973951229116,7,Medium (4-8)
1931,1.0,1.0,0.0,13,Long (9+)
1933,0.3010299956639812,0.430676558073393,-0.1296465624094118,7,Medium (4-8)
1939,0.6309297535714575,0.5,0.13092975357145753,10,Long (9+)
1940,0.1356519734324477,0.1356519734324477,0.0,8,Medium (4-8)
1946,0.3295827480202853,0.0,0.3295827480202853,8,Medium (4-8)
1949,1.0,0.0,1.0,4,Medium (4-8)
1955,1.0,1.0,0.0,6,Medium (4-8)
1959,0.430676558073393,0.0,0.430676558073393,6,Medium (4-8)
196,0.6131471927654584,0.5109559939712153,0.1021911987942431,7,Medium (4-8)
1963,0.0,0.3154648767857287,-0.3154648767857287,8,Medium (4-8)
1966,0.6546154994739983,0.0,0.6546154994739983,4,Medium (4-8)
1967,1.0,1.0,0.0,9,Long (9+)
197,1.0,1.0,0.0,4,Medium (4-8)
1971,1.0,0.3868528072345416,0.6131471927654584,5,Medium (4-8)
1984,1.0,0.5,0.5,9,Long (9+)
1990,0.8503449055347546,0.448643819352159,0.4017010861825956,4,Medium (4-8)
1995,1.0,1.0,0.0,8,Medium (4-8)
1998,0.0,0.0,0.0,8,Medium (4-8)
1999,0.8529278650606567,0.0,0.8529278650606567,6,Medium (4-8)
2004,1.0,0.6309297535714575,0.36907024642854247,4,Medium (4-8)
2007,0.9197207891481876,0.6131471927654584,0.3065735963827292,11,Long (9+)
2017,0.3154648767857287,0.0,0.3154648767857287,5,Medium (4-8)
2024,1.0,0.3868528072345416,0.6131471927654584,4,Medium (4-8)
204,0.0,0.6131471927654584,-0.6131471927654584,5,Medium (4-8)
2045,0.3868528072345416,0.0,0.3868528072345416,9,Long (9+)
2048,0.6325004241086445,0.0,0.6325004241086445,4,Medium (4-8)
2049,1.0,1.0,0.0,5,Medium (4-8)
2053,1.0,1.0,0.0,7,Medium (4-8)
2062,0.9176551163528844,0.24630238874073,0.6713527276121545,5,Medium (4-8)
2066,0.6978817289434457,0.1671604549662022,0.5307212739772436,10,Long (9+)
207,0.2640681225725909,0.0,0.2640681225725909,5,Medium (4-8)
2076,1.0,1.0,0.0,5,Medium (4-8)
2078,0.6338412308988606,0.2920782154400332,0.34176301545882737,4,Medium (4-8)
2086,1.0,0.2890648263178879,0.7109351736821121,8,Medium (4-8)
2087,0.6713860725233041,0.7039180890341347,-0.0325320165108306,4,Medium (4-8)
2090,0.6309297535714575,0.0,0.6309297535714575,5,Medium (4-8)
2096,0.430676558073393,0.0,0.430676558073393,5,Medium (4-8)
2097,0.6131471927654584,0.6131471927654584,0.0,5,Medium (4-8)
210,0.6713860725233041,0.1815417925373526,0.4898442799859515,8,Medium (4-8)
2102,0.6462302129493456,0.0,0.6462302129493456,6,Medium (4-8)
2103,0.0,0.5,-0.5,5,Medium (4-8)
211,1.0,1.0,0.0,9,Long (9+)
2112,0.4592846660663049,0.1077891545245109,0.35149551154179404,4,Medium (4-8)
2113,0.3868528072345416,0.0,0.3868528072345416,5,Medium (4-8)
2114,1.0,0.3010299956639812,0.6989700043360187,5,Medium (4-8)
2115,1.0,0.0,1.0,5,Medium (4-8)
2117,1.0,1.0,0.0,6,Medium (4-8)
2120,0.8519590445170673,0.8179809735263114,0.03397807099075589,8,Medium (4-8)
2123,1.0,1.0,0.0,7,Medium (4-8)
2129,1.0,1.0,0.0,4,Medium (4-8)
2132,1.0,1.0,0.0,3,Short (1-3)
2133,1.0,0.6309297535714575,0.36907024642854247,5,Medium (4-8)
2140,0.8854598815714874,0.9060254355346824,-0.020565553963195038,5,Medium (4-8)
2141,0.5,0.0,0.5,5,Medium (4-8)
2143,0.0,0.0,0.0,7,Medium (4-8)
2147,0.9197207891481876,0.0,0.9197207891481876,5,Medium (4-8)
2156,0.6309297535714575,0.0,0.6309297535714575,6,Medium (4-8)
2164,0.8175295903539445,0.2184074368181641,0.5991221535357804,4,Medium (4-8)
2166,1.0,0.6309297535714575,0.36907024642854247,7,Medium (4-8)
2186,1.0,0.6309297535714575,0.36907024642854247,7,Medium (4-8)
2192,1.0,0.0,1.0,7,Medium (4-8)
2197,1.0,0.5881601264058984,0.41183987359410157,6,Medium (4-8)
2200,0.3868528072345416,0.2890648263178879,0.0977879809166537,9,Long (9+)
2203,0.3868528072345416,0.5,-0.11314719276545843,5,Medium (4-8)
222,0.2139862647345275,0.0,0.2139862647345275,5,Medium (4-8)
2224,0.3333333333333333,0.0,0.3333333333333333,6,Medium (4-8)
2225,0.0,0.0,0.0,5,Medium (4-8)
2234,1.0,1.0,0.0,5,Medium (4-8)
2239,0.6309297535714575,0.5,0.13092975357145753,7,Medium (4-8)
2241,1.0,0.6131471927654584,0.38685280723454163,7,Medium (4-8)
2252,0.9674679834891692,0.9674679834891692,0.0,6,Medium (4-8)
2255,1.0,1.0,0.0,6,Medium (4-8)
2261,0.8315546295836225,1.0,-0.16844537041637753,7,Medium (4-8)
2266,0.0,0.0,0.0,4,Medium (4-8)
2270,1.0,1.0,0.0,4,Medium (4-8)
2271,1.0,0.8503449055347546,0.1496550944652454,5,Medium (4-8)
2272,0.6508205185601091,0.6105456988825855,0.040274819677523666,6,Medium (4-8)
228,0.5012658353418871,0.0,0.5012658353418871,4,Medium (4-8)
2283,1.0,0.6131471927654584,0.38685280723454163,3,Short (1-3)
2287,0.3868528072345416,0.0,0.3868528072345416,5,Medium (4-8)
2290,0.0,0.0,0.0,8,Medium (4-8)
2291,0.3973220069685352,0.1951900249960508,0.20213198197248441,3,Short (1-3)
2292,1.0,0.0,1.0,5,Medium (4-8)
2294,0.6661998717660157,0.4461533376408799,0.2200465341251358,4,Medium (4-8)
2299,0.6309297535714575,1.0,-0.36907024642854247,4,Medium (4-8)
2301,1.0,0.2890648263178879,0.7109351736821121,4,Medium (4-8)
2312,1.0,1.0,0.0,4,Medium (4-8)
2314,0.3235866969737877,0.2960819109658652,0.0275047860079225,8,Medium (4-8)
2330,0.9469024295259744,0.617319681505689,0.3295827480202853,4,Medium (4-8)
2340,1.0,0.6309297535714575,0.36907024642854247,6,Medium (4-8)
2343,0.6309297535714575,0.2890648263178879,0.34186492725356965,6,Medium (4-8)
2345,0.6309297535714575,0.0,0.6309297535714575,6,Medium (4-8)
2353,0.3154648767857287,0.0,0.3154648767857287,3,Short (1-3)
2355,1.0,0.5437713091520254,0.45622869084797457,3,Short (1-3)
2356,1.0,0.0,1.0,8,Medium (4-8)
2367,1.0,1.0,0.0,5,Medium (4-8)
2370,0.0,0.0,0.0,4,Medium (4-8)
2375,0.4414924137367808,0.1390561795107756,0.3024362342260052,4,Medium (4-8)
2377,0.3065735963827292,0.3065735963827292,0.0,6,Medium (4-8)
238,0.0,0.0,0.0,3,Short (1-3)
2384,0.7777061538487877,0.4692787260227564,0.30842742782603133,6,Medium (4-8)
2393,0.5,1.0,-0.5,9,Long (9+)
2394,0.3868528072345416,0.3868528072345416,0.0,6,Medium (4-8)
2396,1.0,1.0,0.0,4,Medium (4-8)
2397,0.4367467095119258,0.4692787260227564,-0.0325320165108306,4,Medium (4-8)
2398,0.430676558073393,0.0,0.430676558073393,5,Medium (4-8)
2400,1.0,0.7864724919925569,0.21352750800744313,4,Medium (4-8)
2406,0.8772153153380493,0.2184074368181641,0.6588078785198852,6,Medium (4-8)
2416,0.5706417189553201,0.3065735963827292,0.26406812257259094,4,Medium (4-8)
2420,1.0,0.6309297535714575,0.36907024642854247,4,Medium (4-8)
2423,0.430676558073393,0.0,0.430676558073393,5,Medium (4-8)
2429,1.0,1.0,0.0,5,Medium (4-8)
243,1.0,1.0,0.0,5,Medium (4-8)
2430,0.4371994911049732,0.0,0.4371994911049732,8,Medium (4-8)
2432,0.5,0.0,0.5,8,Medium (4-8)
2438,0.6309297535714575,1.0,-0.36907024642854247,6,Medium (4-8)
244,1.0,0.0,1.0,8,Medium (4-8)
2445,0.830419897363192,0.9505310077117098,-0.12011111034851785,7,Medium (4-8)
2449,0.0,0.0,0.0,3,Short (1-3)
2450,1.0,0.0,1.0,4,Medium (4-8)
2454,1.0,1.0,0.0,7,Medium (4-8)
2461,1.0,0.6309297535714575,0.36907024642854247,6,Medium (4-8)
2464,0.7081372529387284,0.0,0.7081372529387284,5,Medium (4-8)
2474,0.8279110931067362,0.3091941646995599,0.5187169284071762,5,Medium (4-8)
2481,0.8503449055347546,0.9197207891481876,-0.06937588361343294,4,Medium (4-8)
2488,1.0,0.6509209298071326,0.34907907019286744,5,Medium (4-8)
2499,0.9197207891481876,0.7903864795495061,0.12933430959868142,6,Medium (4-8)
2502,0.6309297535714575,0.0,0.6309297535714575,5,Medium (4-8)
2505,1.0,0.5,0.5,5,Medium (4-8)
2516,0.0,0.0,0.0,4,Medium (4-8)
2533,1.0,0.4632423659320675,0.5367576340679325,7,Medium (4-8)
2539,1.0,1.0,0.0,5,Medium (4-8)
256,0.4637257479802832,0.1951900249960508,0.26853572298423245,6,Medium (4-8)
2570,0.0,0.0,0.0,6,Medium (4-8)
2579,0.6256646589861505,0.0,0.6256646589861505,7,Medium (4-8)
2580,1.0,1.0,0.0,5,Medium (4-8)
2584,0.8503449055347546,0.0,0.8503449055347546,5,Medium (4-8)
2595,0.3868528072345416,1.0,-0.6131471927654584,12,Long (9+)
2596,0.7653606369886217,0.6713860725233041,0.0939745644653176,6,Medium (4-8)
2598,0.9197207891481876,0.9197207891481876,0.0,9,Long (9+)
2602,1.0,1.0,0.0,6,Medium (4-8)
2611,0.6309297535714575,0.430676558073393,0.20025319549806453,4,Medium (4-8)
2619,0.6309297535714575,0.3562071871080222,0.27472256646343535,9,Long (9+)
262,1.0,1.0,0.0,6,Medium (4-8)
2625,0.430676558073393,0.0,0.430676558073393,3,Short (1-3)
2627,0.6309297535714575,1.0,-0.36907024642854247,7,Medium (4-8)
2628,0.2640681225725909,0.0,0.2640681225725909,5,Medium (4-8)
2631,0.3065735963827292,0.1845756967795681,0.1219978996031611,4,Medium (4-8)
2632,1.0,0.8315546295836225,0.16844537041637753,4,Medium (4-8)
2635,1.0,1.0,0.0,5,Medium (4-8)
2636,0.8710785440003369,0.4692787260227564,0.4017998179775805,11,Long (9+)
2641,0.6309297535714575,1.0,-0.36907024642854247,9,Long (9+)
2653,0.3868528072345416,0.0,0.3868528072345416,4,Medium (4-8)
2657,0.9531641314941092,0.08274602130532,0.8704181101887891,7,Medium (4-8)
2685,0.3868528072345416,0.0,0.3868528072345416,3,Short (1-3)
2694,0.3065735963827292,0.1772392867840477,0.12933430959868147,6,Medium (4-8)
2696,1.0,0.6052602440527057,0.39473975594729427,8,Medium (4-8)
2701,1.0,1.0,0.0,5,Medium (4-8)
2702,1.0,0.430676558073393,0.569323441926607,6,Medium (4-8)
2704,0.8175295903539445,0.8315546295836225,-0.014025039229678016,10,Long (9+)
2712,1.0,1.0,0.0,9,Long (9+)
2721,0.9052181617170642,0.421405413972183,0.48381274774488114,7,Medium (4-8)
2722,0.8838242945899706,0.3903800499921017,0.4934442445978689,6,Medium (4-8)
2723,0.6131471927654584,0.2371977127692962,0.3759494799961622,7,Medium (4-8)
2724,0.6131471927654584,0.6131471927654584,0.0,4,Medium (4-8)
2728,0.1412669728598289,0.1480409554829326,-0.006773982623103719,3,Short (1-3)
2734,0.6309297535714575,0.430676558073393,0.20025319549806453,5,Medium (4-8)
2739,0.77618726054832,0.1170625931379635,0.6591246674103565,7,Medium (4-8)
2745,0.932521091954824,0.0,0.932521091954824,7,Medium (4-8)
2750,1.0,0.5012658353418871,0.49873416465811293,12,Long (9+)
2753,1.0,0.6131471927654584,0.38685280723454163,4,Medium (4-8)
2758,1.0,1.0,0.0,5,Medium (4-8)
2759,0.6131471927654584,0.3868528072345416,0.2262943855309168,6,Medium (4-8)
276,0.8503449055347546,0.3065735963827292,0.5437713091520254,5,Medium (4-8)
2768,0.6309297535714575,0.3562071871080222,0.27472256646343535,6,Medium (4-8)
2777,1.0,0.6309297535714575,0.36907024642854247,4,Medium (4-8)
2780,0.7598336331031966,0.5585075862632192,0.20132604683997746,8,Medium (4-8)
2788,1.0,0.6131471927654584,0.38685280723454163,9,Long (9+)
2789,0.7122630665145961,0.5173087569496825,0.19495430956491366,4,Medium (4-8)
2798,1.0,1.0,0.0,5,Medium (4-8)
2803,0.6131471927654584,0.8175295903539445,-0.2043823975884861,4,Medium (4-8)
2811,1.0,1.0,0.0,4,Medium (4-8)
2816,0.8498259896365309,0.3897233752935701,0.4601026143429608,8,Medium (4-8)
2824,0.3065735963827292,0.3868528072345416,-0.08027921085181239,8,Medium (4-8)
2826,0.0,0.0,0.0,6,Medium (4-8)
2832,1.0,1.0,0.0,4,Medium (4-8)
284,0.4367467095119258,0.1564262420075854,0.28032046750434036,8,Medium (4-8)
2848,0.4632423659320675,0.2021073465005475,0.26113501943152,4,Medium (4-8)
2857,0.9197207891481876,0.6131471927654584,0.3065735963827292,6,Medium (4-8)
2858,1.0,0.6105456988825855,0.3894543011174145,7,Medium (4-8)
2860,1.0,1.0,0.0,5,Medium (4-8)
2867,0.6309297535714575,0.0,0.6309297535714575,6,Medium (4-8)
2869,1.0,1.0,0.0,5,Medium (4-8)
2875,0.6309297535714575,0.0,0.6309297535714575,5,Medium (4-8)
2879,0.0,0.0,0.0,6,Medium (4-8)
2893,1.0,1.0,0.0,8,Medium (4-8)
2896,0.5,0.0,0.5,7,Medium (4-8)
29,0.8315546295836225,0.3868528072345416,0.4447018223490809,5,Medium (4-8)
290,0.5,0.0,0.5,7,Medium (4-8)
2900,0.8772153153380493,0.482475559390755,0.3947397559472943,5,Medium (4-8)
2901,1.0,0.6309297535714575,0.36907024642854247,4,Medium (4-8)
2903,1.0,0.6309297535714575,0.36907024642854247,4,Medium (4-8)
2904,0.3562071871080222,1.0,-0.6437928128919779,5,Medium (4-8)
2911,1.0,1.0,0.0,7,Medium (4-8)
2915,0.2890648263178879,0.0,0.2890648263178879,5,Medium (4-8)
2931,0.5,0.0,0.5,9,Long (9+)
2936,0.982892081956688,0.6096199500078984,0.3732721319487896,6,Medium (4-8)
2942,0.6309297535714575,0.430676558073393,0.20025319549806453,4,Medium (4-8)
2948,1.0,0.6131471927654584,0.38685280723454163,6,Medium (4-8)
2955,1.0,0.5,0.5,6,Medium (4-8)
2960,1.0,0.1480409554829326,0.8519590445170674,5,Medium (4-8)
2961,0.2960819109658652,0.0,0.2960819109658652,6,Medium (4-8)
2964,0.3010299956639812,0.430676558073393,-0.1296465624094118,7,Medium (4-8)
2968,0.5135312443624667,0.6366824387328317,-0.12315119437036504,9,Long (9+)
2977,0.5640920940185894,0.6131471927654584,-0.049055098746868975,6,Medium (4-8)
2988,0.9674679834891692,1.0,-0.03253201651083082,5,Medium (4-8)
299,1.0,0.0,1.0,4,Medium (4-8)
2991,0.6934264036172708,0.7977228895450266,-0.10429648592775576,8,Medium (4-8)
2999,1.0,0.6309297535714575,0.36907024642854247,5,Medium (4-8)
3003,1.0,0.0,1.0,5,Medium (4-8)
3013,0.9197207891481876,0.0,0.9197207891481876,4,Medium (4-8)
3014,0.8539316501572937,0.7574391522808,0.09649249787649361,6,Medium (4-8)
3015,0.5706417189553201,0.0,0.5706417189553201,9,Long (9+)
3019,0.7844801364718913,0.4692787260227564,0.3152014104491349,7,Medium (4-8)
302,1.0,1.0,0.0,4,Medium (4-8)
3020,0.6257049680303419,0.2960819109658652,0.3296230570644767,3,Short (1-3)
3021,0.0,0.0,0.0,8,Medium (4-8)
3022,0.4367467095119258,0.5833416105149332,-0.14659490100300737,6,Medium (4-8)
3026,0.4034698846650846,0.626021691285488,-0.22255180662040341,6,Medium (4-8)
3033,0.6309297535714575,0.0,0.6309297535714575,6,Medium (4-8)
3034,1.0,1.0,0.0,7,Medium (4-8)
3039,0.0,0.0,0.0,3,Short (1-3)
3040,1.0,0.2640681225725909,0.7359318774274091,4,Medium (4-8)
3044,1.0,1.0,0.0,10,Long (9+)
3047,0.5912352048230277,0.8503449055347546,-0.2591097007117269,6,Medium (4-8)
3051,0.0,0.0,0.0,4,Medium (4-8)
3053,0.3333333333333333,0.0,0.3333333333333333,7,Medium (4-8)
3057,1.0,0.5,0.5,4,Medium (4-8)
306,0.3868528072345416,0.430676558073393,-0.04382375083885143,4,Medium (4-8)
3060,0.0,0.3562071871080222,-0.3562071871080222,6,Medium (4-8)
3061,1.0,0.1934264036172708,0.8065735963827292,5,Medium (4-8)
3073,1.0,0.5,0.5,9,Long (9+)
308,0.3868528072345416,0.3010299956639812,0.08582281157056038,4,Medium (4-8)
3081,0.0,0.5,-0.5,5,Medium (4-8)
3090,0.6049306994552042,0.0,0.6049306994552042,4,Medium (4-8)
3092,0.6366824387328317,0.4808336660235955,0.1558487727092362,11,Long (9+)
3093,1.0,1.0,0.0,6,Medium (4-8)
3097,1.0,0.7246262544989281,0.27537374550107185,13,Long (9+)
3098,1.0,1.0,0.0,8,Medium (4-8)
31,1.0,0.0,1.0,4,Medium (4-8)
3111,1.0,0.0,1.0,6,Medium (4-8)
3114,0.430676558073393,0.0,0.430676558073393,8,Medium (4-8)
3115,1.0,0.3065735963827292,0.6934264036172708,4,Medium (4-8)
3125,0.430676558073393,0.6309297535714575,-0.20025319549806453,4,Medium (4-8)
3126,0.6309297535714575,0.3868528072345416,0.24407694633691596,6,Medium (4-8)
3128,1.0,1.0,0.0,5,Medium (4-8)
3131,1.0,1.0,0.0,5,Medium (4-8)
3133,0.9197207891481876,0.8065735963827293,0.11314719276545826,6,Medium (4-8)
3140,0.3868528072345416,1.0,-0.6131471927654584,8,Medium (4-8)
3149,0.3868528072345416,0.2043823975884861,0.1824704096460555,4,Medium (4-8)
315,0.8318724637288826,0.8318724637288826,0.0,15,Long (9+)
3151,0.430676558073393,0.2890648263178879,0.14161173175550512,6,Medium (4-8)
3153,1.0,1.0,0.0,7,Medium (4-8)
3158,0.6816587806335841,0.1681275362711174,0.5135312443624667,6,Medium (4-8)
3164,0.2640681225725909,0.0,0.2640681225725909,5,Medium (4-8)
3165,0.8301054527851841,0.8223538668023914,0.007751585982792686,4,Medium (4-8)
3172,1.0,0.3562071871080222,0.6437928128919779,4,Medium (4-8)
3173,0.3065735963827292,0.0,0.3065735963827292,7,Medium (4-8)
3188,1.0,1.0,0.0,6,Medium (4-8)
3194,0.0,0.0,0.0,4,Medium (4-8)
32,0.2640681225725909,0.0,0.2640681225725909,5,Medium (4-8)
3203,0.5012658353418871,0.3868528072345416,0.1144130281073455,5,Medium (4-8)
3207,0.9178287402913377,0.0,0.9178287402913377,4,Medium (4-8)
3210,0.8772153153380493,0.8772153153380493,0.0,4,Medium (4-8)
3211,0.9197207891481876,0.5437713091520254,0.37594947999616213,4,Medium (4-8)
3212,1.0,1.0,0.0,6,Medium (4-8)
3218,0.974742952856788,0.3391602052736161,0.6355827475831719,6,Medium (4-8)
3231,0.0,0.0,0.0,5,Medium (4-8)
3234,0.2890648263178879,0.0,0.2890648263178879,6,Medium (4-8)
324,0.7365896932159578,0.6380228380792293,0.09856685513672847,4,Medium (4-8)
3265,0.6975637657739948,0.312706129752478,0.3848576360215168,5,Medium (4-8)
327,1.0,0.6131471927654584,0.38685280723454163,7,Medium (4-8)
3273,1.0,1.0,0.0,6,Medium (4-8)
3274,0.3010299956639812,0.0,0.3010299956639812,6,Medium (4-8)
3284,0.430676558073393,0.0,0.430676558073393,6,Medium (4-8)
3285,0.975788054854922,0.3391602052736161,0.6366278495813059,7,Medium (4-8)
3302,1.0,1.0,0.0,6,Medium (4-8)
3306,0.975788054854922,0.3980847300545424,0.5777033248003796,4,Medium (4-8)
3308,1.0,1.0,0.0,7,Medium (4-8)
3311,0.9469024295259744,0.6182885020492784,0.32861392747669593,5,Medium (4-8)
3319,1.0,1.0,0.0,5,Medium (4-8)
3337,0.6309297535714575,0.0,0.6309297535714575,7,Medium (4-8)
3338,1.0,0.8772153153380493,0.1227846846619507,4,Medium (4-8)
3341,0.7526136409516659,0.3422220729283414,0.41039156802332455,6,Medium (4-8)
3342,0.7095272044910244,0.0,0.7095272044910244,6,Medium (4-8)
3352,1.0,0.0,1.0,3,Short (1-3)
3355,1.0,0.3562071871080222,0.6437928128919779,4,Medium (4-8)
3357,0.9672068480996276,0.4434915012085205,0.5237153468911071,4,Medium (4-8)
3358,0.6052602440527057,0.5012658353418871,0.10399440871081866,5,Medium (4-8)
3362,0.5,0.0,0.5,4,Medium (4-8)
3364,1.0,1.0,0.0,4,Medium (4-8)
3371,1.0,0.5,0.5,5,Medium (4-8)
3379,1.0,1.0,0.0,6,Medium (4-8)
3391,1.0,1.0,0.0,6,Medium (4-8)
3393,1.0,0.0,1.0,4,Medium (4-8)
3399,0.0,0.0,0.0,3,Short (1-3)
34,0.3868528072345416,0.2043823975884861,0.1824704096460555,4,Medium (4-8)
3401,0.5049197748991976,0.7613569414627896,-0.25643716656359206,4,Medium (4-8)
3427,1.0,0.6309297535714575,0.36907024642854247,5,Medium (4-8)
3443,0.430676558073393,0.0,0.430676558073393,7,Medium (4-8)
3444,0.5,0.5,0.0,6,Medium (4-8)
3453,0.5,1.0,-0.5,6,Medium (4-8)
3456,0.3333333333333333,0.0,0.3333333333333333,8,Medium (4-8)
3459,0.6309297535714575,0.0,0.6309297535714575,5,Medium (4-8)
3461,1.0,1.0,0.0,4,Medium (4-8)
3472,1.0,0.9197207891481876,0.08027921085181244,8,Medium (4-8)
3474,0.0,0.0,0.0,4,Medium (4-8)
3479,0.0,0.0,0.0,10,Long (9+)
3481,1.0,1.0,0.0,7,Medium (4-8)
3483,1.0,0.430676558073393,0.569323441926607,4,Medium (4-8)
3489,0.3065735963827292,0.0,0.3065735963827292,7,Medium (4-8)
3492,1.0,1.0,0.0,6,Medium (4-8)
35,1.0,1.0,0.0,8,Medium (4-8)
3501,1.0,1.0,0.0,6,Medium (4-8)
3506,0.6309297535714575,0.0,0.6309297535714575,8,Medium (4-8)
3509,1.0,1.0,0.0,4,Medium (4-8)
3515,0.430676558073393,0.0,0.430676558073393,3,Short (1-3)
3522,0.0,0.3562071871080222,-0.3562071871080222,6,Medium (4-8)
3526,1.0,0.0,1.0,13,Long (9+)
3530,1.0,0.6131471927654584,0.38685280723454163,11,Long (9+)
3532,0.4161811555487308,0.2346393630113782,0.18154179253735261,4,Medium (4-8)
3537,0.9674679834891692,0.0,0.9674679834891692,4,Medium (4-8)
354,0.2836929289153804,0.0,0.2836929289153804,5,Medium (4-8)
3543,0.2640681225725909,0.2184074368181641,0.04566068575442678,5,Medium (4-8)
3546,0.0,0.3154648767857287,-0.3154648767857287,4,Medium (4-8)
355,0.6131471927654584,0.7977228895450266,-0.1845756967795682,5,Medium (4-8)
3551,0.0,0.0,0.0,6,Medium (4-8)
3557,0.8395700624665824,0.617319681505689,0.22225038096089333,4,Medium (4-8)
356,0.430676558073393,0.0,0.430676558073393,4,Medium (4-8)
3568,0.6131471927654584,0.6131471927654584,0.0,4,Medium (4-8)
3570,1.0,1.0,0.0,4,Medium (4-8)
3571,1.0,1.0,0.0,7,Medium (4-8)
3574,0.6309297535714575,0.0,0.6309297535714575,4,Medium (4-8)
3578,1.0,0.9197207891481876,0.08027921085181244,4,Medium (4-8)
3582,1.0,1.0,0.0,4,Medium (4-8)
3591,0.6309297535714575,0.0,0.6309297535714575,4,Medium (4-8)
3593,0.0,0.0,0.0,6,Medium (4-8)
3594,0.9197207891481876,0.9197207891481876,0.0,6,Medium (4-8)
3595,0.6309297535714575,0.6309297535714575,0.0,8,Medium (4-8)
3596,1.0,1.0,0.0,6,Medium (4-8)
3599,0.6508205185601091,0.3692678014667498,0.28155271709335933,7,Medium (4-8)
3600,0.6131471927654584,0.3065735963827292,0.3065735963827292,7,Medium (4-8)
3605,0.0,0.0,0.0,4,Medium (4-8)
3609,0.6309297535714575,0.0,0.6309297535714575,5,Medium (4-8)
3618,1.0,1.0,0.0,5,Medium (4-8)
3628,0.5,0.0,0.5,6,Medium (4-8)
363,0.4981892574664128,0.0,0.4981892574664128,8,Medium (4-8)
3637,1.0,1.0,0.0,8,Medium (4-8)
3638,1.0,1.0,0.0,7,Medium (4-8)
3639,0.4838128831667769,0.4227898344066503,0.0610230487601266,9,Long (9+)
364,1.0,0.3562071871080222,0.6437928128919779,6,Medium (4-8)
3640,0.0,0.0,0.0,6,Medium (4-8)
3645,1.0,1.0,0.0,4,Medium (4-8)
3646,1.0,0.2890648263178879,0.7109351736821121,7,Medium (4-8)
3655,0.8315546295836225,0.8503449055347546,-0.01879027595113214,7,Medium (4-8)
3656,1.0,0.6131471927654584,0.38685280723454163,5,Medium (4-8)
3657,0.0,0.0,0.0,4,Medium (4-8)
3663,1.0,1.0,0.0,4,Medium (4-8)
3675,0.7039180890341347,0.4692787260227564,0.23463936301137828,4,Medium (4-8)
3677,0.8816172070446371,0.3385669807178283,0.5430502263268088,5,Medium (4-8)
368,0.7653606369886217,0.7653606369886217,0.0,9,Long (9+)
3689,0.8503449055347546,0.5706417189553201,0.2797031865794345,7,Medium (4-8)
3691,0.5,0.0,0.5,4,Medium (4-8)
370,0.0,0.2371977127692962,-0.2371977127692962,5,Medium (4-8)
3700,0.3868528072345416,1.0,-0.6131471927654584,5,Medium (4-8)
3702,0.0,0.3562071871080222,-0.3562071871080222,6,Medium (4-8)
371,0.4420225084647931,0.7409096387260823,-0.2988871302612892,8,Medium (4-8)
3710,1.0,0.6309297535714575,0.36907024642854247,7,Medium (4-8)
3712,1.0,0.3333333333333333,0.6666666666666667,4,Medium (4-8)
3715,0.6309297535714575,0.3562071871080222,0.27472256646343535,10,Long (9+)
3717,1.0,0.430676558073393,0.569323441926607,7,Medium (4-8)
3721,0.0,0.0,0.0,8,Medium (4-8)
3725,0.7315682114753617,0.1128451413489352,0.6187230701264265,5,Medium (4-8)
3730,1.0,0.430676558073393,0.569323441926607,6,Medium (4-8)
3738,0.5640920940185894,0.8503449055347546,-0.2862528115161652,4,Medium (4-8)
3743,1.0,0.86034433104172,0.13965566895827997,5,Medium (4-8)
3744,0.3868528072345416,0.3010299956639812,0.08582281157056038,10,Long (9+)
3750,0.0,0.0,0.0,5,Medium (4-8)
3751,1.0,1.0,0.0,6,Medium (4-8)
3755,1.0,0.2371977127692962,0.7628022872307039,4,Medium (4-8)
3758,0.0,0.0,0.0,4,Medium (4-8)
3765,0.5294362295028773,0.0,0.5294362295028773,6,Medium (4-8)
3769,1.0,1.0,0.0,3,Short (1-3)
377,1.0,1.0,0.0,5,Medium (4-8)
3770,0.3824924438260484,0.2683637998873702,0.11412864393867822,4,Medium (4-8)
3772,0.0,0.0,0.0,7,Medium (4-8)
3774,0.3868528072345416,0.482475559390755,-0.09562275215621341,4,Medium (4-8)
3777,0.3868528072345416,0.3562071871080222,0.03064562012651939,3,Short (1-3)
378,0.0,0.3562071871080222,-0.3562071871080222,7,Medium (4-8)
3793,0.0,0.2371977127692962,-0.2371977127692962,5,Medium (4-8)
3795,1.0,0.0,1.0,10,Long (9+)
3796,1.0,0.8503449055347546,0.1496550944652454,5,Medium (4-8)
3800,0.6309297535714575,0.0,0.6309297535714575,4,Medium (4-8)
3807,0.7653606369886217,0.0,0.7653606369886217,5,Medium (4-8)
3824,0.9197207891481876,0.6131471927654584,0.3065735963827292,6,Medium (4-8)
3833,0.9447176050778178,0.4373103991125936,0.5074072059652242,6,Medium (4-8)
3834,0.6309297535714575,0.2890648263178879,0.34186492725356965,5,Medium (4-8)
3839,1.0,0.4367467095119258,0.5632532904880743,6,Medium (4-8)
3843,0.5706417189553201,0.2043823975884861,0.36625932136683403,3,Short (1-3)
3848,0.6105456988825855,0.5508095940041026,0.05973610487848291,4,Medium (4-8)
3849,1.0,0.6309297535714575,0.36907024642854247,5,Medium (4-8)
385,0.3868528072345416,0.0,0.3868528072345416,4,Medium (4-8)
3851,1.0,0.6309297535714575,0.36907024642854247,8,Medium (4-8)
3854,1.0,0.3010299956639812,0.6989700043360187,8,Medium (4-8)
3857,0.75369761125927,0.7757386182436072,-0.022041006984337197,5,Medium (4-8)
3862,0.9374130297304558,0.7864489426433972,0.15096408708705866,7,Medium (4-8)
3865,0.5307212739772434,0.5051284895111403,0.025592784466103136,4,Medium (4-8)
3875,0.6309297535714575,0.0,0.6309297535714575,6,Medium (4-8)
3877,1.0,0.6309297535714575,0.36907024642854247,5,Medium (4-8)
3883,0.430676558073393,0.0,0.430676558073393,8,Medium (4-8)
3888,1.0,1.0,0.0,9,Long (9+)
3892,1.0,0.6309297535714575,0.36907024642854247,6,Medium (4-8)
3894,0.2346393630113782,0.4692787260227564,-0.2346393630113782,3,Short (1-3)
3901,0.7903864795495061,0.3868528072345416,0.40353367231496456,11,Long (9+)
3910,0.5,0.0,0.5,6,Medium (4-8)
3917,1.0,0.1772392867840477,0.8227607132159522,7,Medium (4-8)
3925,0.0,0.0,0.0,7,Medium (4-8)
3934,0.5714285040141098,0.1772392867840477,0.3941892172300621,6,Medium (4-8)
3938,1.0,0.8772153153380493,0.1227846846619507,4,Medium (4-8)
3941,1.0,1.0,0.0,6,Medium (4-8)
3942,1.0,1.0,0.0,5,Medium (4-8)
3950,0.4911492931622974,0.1934264036172708,0.29772288954502657,6,Medium (4-8)
3953,0.6131471927654584,0.6131471927654584,0.0,6,Medium (4-8)
3958,1.0,0.812653045383133,0.187346954616867,6,Medium (4-8)
3977,1.0,0.1815417925373526,0.8184582074626474,6,Medium (4-8)
3982,0.9197207891481876,0.0,0.9197207891481876,3,Short (1-3)
3986,0.0,0.0,0.0,6,Medium (4-8)
3993,1.0,0.6309297535714575,0.36907024642854247,10,Long (9+)
3997,1.0,1.0,0.0,12,Long (9+)
3999,0.6309297535714575,0.6309297535714575,0.0,7,Medium (4-8)
4006,0.9197207891481876,0.6131471927654584,0.3065735963827292,4,Medium (4-8)
4010,1.0,0.5391065605018962,0.4608934394981038,6,Medium (4-8)
4019,0.5,0.430676558073393,0.069323441926607,5,Medium (4-8)
4024,0.3868528072345416,0.2184074368181641,0.16844537041637747,5,Medium (4-8)
4026,0.3750525152300759,0.0,0.3750525152300759,6,Medium (4-8)
4031,0.3253167083267513,0.0,0.3253167083267513,7,Medium (4-8)
4039,1.0,1.0,0.0,7,Medium (4-8)
4048,1.0,0.6131471927654584,0.38685280723454163,5,Medium (4-8)
405,1.0,1.0,0.0,7,Medium (4-8)
4050,0.8020378746650065,0.4492477985243744,0.3527900761406321,5,Medium (4-8)
4051,1.0,0.6309297535714575,0.36907024642854247,5,Medium (4-8)
4056,1.0,0.0,1.0,4,Medium (4-8)
4057,1.0,1.0,0.0,6,Medium (4-8)
4059,1.0,0.7653606369886217,0.23463936301137833,5,Medium (4-8)
4064,1.0,1.0,0.0,4,Medium (4-8)
4072,1.0,1.0,0.0,9,Long (9+)
4074,1.0,0.6309297535714575,0.36907024642854247,5,Medium (4-8)
4078,0.6992148198508501,0.7974049492783576,-0.09819012942750749,4,Medium (4-8)
4085,0.6309297535714575,1.0,-0.36907024642854247,5,Medium (4-8)
4088,0.370291336443826,0.2960819109658652,0.07420942547796078,9,Long (9+)
4102,0.6509209298071326,0.0,0.6509209298071326,9,Long (9+)
4106,0.6309297535714575,0.0,0.6309297535714575,8,Medium (4-8)
4111,0.5790560467042355,0.4580939004085911,0.12096214629564439,4,Medium (4-8)
4113,1.0,1.0,0.0,9,Long (9+)
4114,0.0,0.0,0.0,5,Medium (4-8)
4119,0.7977228895450266,0.1934264036172708,0.6042964859277558,5,Medium (4-8)
4122,1.0,0.0,1.0,5,Medium (4-8)
4130,0.6131471927654584,0.3868528072345416,0.2262943855309168,4,Medium (4-8)
4131,1.0,0.8503449055347546,0.1496550944652454,9,Long (9+)
4137,0.932521091954824,0.6713860725233041,0.26113501943151995,4,Medium (4-8)
4147,1.0,0.6309297535714575,0.36907024642854247,6,Medium (4-8)
4151,0.9565912771023182,0.169580102636808,0.7870111744655102,5,Medium (4-8)
4157,1.0,1.0,0.0,5,Medium (4-8)
416,0.3868528072345416,0.6131471927654584,-0.2262943855309168,7,Medium (4-8)
4166,1.0,0.0,1.0,9,Long (9+)
4167,0.6309297535714575,0.6309297535714575,0.0,6,Medium (4-8)
4169,0.0,0.0,0.0,7,Medium (4-8)
4170,0.3562071871080222,0.430676558073393,-0.07446937096537082,7,Medium (4-8)
4173,0.4692787260227564,0.7653606369886217,-0.2960819109658653,4,Medium (4-8)
4174,0.7977228895450266,0.3065735963827292,0.4911492931622974,4,Medium (4-8)
4175,0.6131471927654584,0.8175295903539445,-0.2043823975884861,5,Medium (4-8)
4183,1.0,1.0,0.0,6,Medium (4-8)
419,0.0,0.6309297535714575,-0.6309297535714575,7,Medium (4-8)
4199,1.0,0.5,0.5,3,Short (1-3)
42,1.0,1.0,0.0,4,Medium (4-8)
4203,0.7039180890341347,0.7653606369886217,-0.061442547954487,4,Medium (4-8)
4219,0.9197207891481876,0.8772153153380493,0.04250547381013825,5,Medium (4-8)
4223,1.0,1.0,0.0,3,Short (1-3)
4224,1.0,1.0,0.0,6,Medium (4-8)
423,1.0,0.5307212739772434,0.46927872602275655,4,Medium (4-8)
4230,0.6886342695939197,0.1681275362711174,0.5205067333228023,6,Medium (4-8)
4237,1.0,0.2890648263178879,0.7109351736821121,5,Medium (4-8)
4245,0.3562071871080222,0.0,0.3562071871080222,3,Short (1-3)
4258,0.6509209298071326,0.0,0.6509209298071326,5,Medium (4-8)
4266,1.0,1.0,0.0,4,Medium (4-8)
4271,0.932521091954824,0.1671604549662022,0.7653606369886219,6,Medium (4-8)
4276,0.6309297535714575,1.0,-0.36907024642854247,6,Medium (4-8)
4280,1.0,1.0,0.0,4,Medium (4-8)
4290,0.3154648767857287,0.0,0.3154648767857287,6,Medium (4-8)
4294,0.5855700749881525,0.5855700749881525,0.0,8,Medium (4-8)
4295,0.6871475159848289,0.5249161118977292,0.16223140408709968,3,Short (1-3)
4297,0.5802792108518124,0.3868528072345416,0.19342640361727087,4,Medium (4-8)
4303,0.8927537907700456,0.7246262544989281,0.16812753627111743,12,Long (9+)
4309,1.0,0.2640681225725909,0.7359318774274091,9,Long (9+)
431,1.0,0.4931948163033745,0.5068051836966255,6,Medium (4-8)
4312,0.4968460141484391,0.1264713513838285,0.3703746627646106,4,Medium (4-8)
4315,1.0,1.0,0.0,5,Medium (4-8)
4318,0.8218104166998353,0.3027779052904231,0.5190325114094123,7,Medium (4-8)
4322,0.2043823975884861,0.1934264036172708,0.0109559939712153,3,Short (1-3)
4328,0.1934264036172708,0.2184074368181641,-0.024981033200893316,4,Medium (4-8)
4331,0.3235866969737877,0.0,0.3235866969737877,5,Medium (4-8)
4336,1.0,0.6131471927654584,0.38685280723454163,8,Medium (4-8)
4338,0.5,0.0,0.5,5,Medium (4-8)
434,0.6934264036172708,0.2184074368181641,0.4750189667991067,4,Medium (4-8)
4342,0.9197207891481876,0.2640681225725909,0.6556526665755966,6,Medium (4-8)
4345,1.0,0.75369761125927,0.24630238874072996,8,Medium (4-8)
4348,0.8988898126139723,0.8318724637288826,0.0670173488850897,10,Long (9+)
435,0.8179809735263114,0.4525081529734507,0.3654728205528607,7,Medium (4-8)
4354,1.0,1.0,0.0,4,Medium (4-8)
4357,0.8278123145308894,0.6340499455108034,0.19376236902008603,7,Medium (4-8)
4361,0.6309297535714575,0.2890648263178879,0.34186492725356965,7,Medium (4-8)
4367,0.4981892574664128,0.6653497124326151,-0.1671604549662023,11,Long (9+)
437,0.5,0.6309297535714575,-0.13092975357145753,8,Medium (4-8)
4374,0.3868528072345416,0.0,0.3868528072345416,5,Medium (4-8)
4377,0.4935232796777481,0.4539036202482202,0.03961965942952794,6,Medium (4-8)
4380,1.0,0.3065735963827292,0.6934264036172708,5,Medium (4-8)
4388,0.4692787260227564,0.2960819109658652,0.17319681505689116,5,Medium (4-8)
4389,0.5307212739772434,0.2021073465005475,0.32861392747669593,6,Medium (4-8)
4391,0.430676558073393,0.3562071871080222,0.07446937096537082,4,Medium (4-8)
4397,0.3010299956639812,0.3154648767857287,-0.014434881121747511,4,Medium (4-8)
440,1.0,0.3333333333333333,0.6666666666666667,3,Short (1-3)
4400,1.0,0.4441228664487979,0.555877133551202,5,Medium (4-8)
4401,0.0,0.0,0.0,9,Long (9+)
4404,1.0,1.0,0.0,5,Medium (4-8)
4414,0.4981892574664128,0.30281242839865,0.19537682906776277,11,Long (9+)
4418,0.0,0.0,0.0,9,Long (9+)
4432,0.3868528072345416,0.0,0.3868528072345416,4,Medium (4-8)
4434,0.430676558073393,0.3868528072345416,0.04382375083885143,4,Medium (4-8)
4435,0.0,0.0,0.0,6,Medium (4-8)
4439,0.430676558073393,1.0,-0.569323441926607,5,Medium (4-8)
4448,0.3868528072345416,0.3065735963827292,0.08027921085181239,7,Medium (4-8)
446,0.4703652827859579,0.1208113026994942,0.3495539800864637,3,Short (1-3)
4468,1.0,0.0,1.0,4,Medium (4-8)
4473,0.9674679834891692,0.4692787260227564,0.4981892574664128,5,Medium (4-8)
4476,1.0,0.0,1.0,4,Medium (4-8)
4483,1.0,0.430676558073393,0.569323441926607,7,Medium (4-8)
4484,1.0,0.5,0.5,6,Medium (4-8)
4485,0.7653606369886217,0.2893079283427616,0.4760527086458601,4,Medium (4-8)
4489,0.6309297535714575,0.430676558073393,0.20025319549806453,4,Medium (4-8)
449,1.0,0.3868528072345416,0.6131471927654584,7,Medium (4-8)
4514,0.3562071871080222,0.0,0.3562071871080222,12,Long (9+)
4515,0.6816587806335841,0.24630238874073,0.43535639189285413,5,Medium (4-8)
4521,0.9228632535992204,0.6843515475204855,0.23851170607873484,8,Medium (4-8)
4523,0.430624116386567,0.0,0.430624116386567,9,Long (9+)
4525,0.4632423659320675,0.0,0.4632423659320675,7,Medium (4-8)
4538,0.6131471927654584,0.482475559390755,0.1306716333747034,10,Long (9+)
455,0.4556051495874603,0.0,0.4556051495874603,6,Medium (4-8)
4557,0.6309297535714575,0.5,0.13092975357145753,11,Long (9+)
4567,1.0,0.3868528072345416,0.6131471927654584,5,Medium (4-8)
4572,0.3065735963827292,0.6131471927654584,-0.3065735963827292,4,Medium (4-8)
4576,0.9217868789962071,0.3759063358712072,0.545880543125,5,Medium (4-8)
4577,0.0,0.0,0.0,5,Medium (4-8)
4583,0.6891352018239085,0.123151194370365,0.5659840074535435,6,Medium (4-8)
4585,0.8772153153380493,0.2371977127692962,0.6400176025687532,5,Medium (4-8)
4587,0.2021073465005475,0.1356519734324477,0.06645537306809982,7,Medium (4-8)
459,0.8175295903539445,1.0,-0.18247040964605554,4,Medium (4-8)
4590,0.4161811555487308,0.0,0.4161811555487308,4,Medium (4-8)
4596,0.5,0.6309297535714575,-0.13092975357145753,4,Medium (4-8)
4597,0.3044671974905181,0.0,0.3044671974905181,4,Medium (4-8)
4609,0.0,0.0,0.0,6,Medium (4-8)
4614,0.3868528072345416,0.2184074368181641,0.16844537041637747,8,Medium (4-8)
4615,0.0,0.3154648767857287,-0.3154648767857287,4,Medium (4-8)
4616,1.0,1.0,0.0,8,Medium (4-8)
462,0.5714285040141098,0.2184074368181641,0.3530210671959457,6,Medium (4-8)
4620,0.0,0.0,0.0,10,Long (9+)
4621,0.75369761125927,0.1681275362711174,0.5855700749881526,5,Medium (4-8)
4627,0.8927537907700456,0.5646074506121889,0.3281463401578567,9,Long (9+)
4630,0.3010299956639812,0.0,0.3010299956639812,5,Medium (4-8)
4639,0.430676558073393,0.0,0.430676558073393,5,Medium (4-8)
4644,0.5,1.0,-0.5,8,Medium (4-8)
4647,0.6131471927654584,0.0,0.6131471927654584,4,Medium (4-8)
4648,0.5012658353418871,1.0,-0.49873416465811293,6,Medium (4-8)
4649,0.7977228895450266,0.0,0.7977228895450266,7,Medium (4-8)
4651,0.0,0.3868528072345416,-0.3868528072345416,5,Medium (4-8)
4656,0.3868528072345416,0.0,0.3868528072345416,3,Short (1-3)
4659,1.0,1.0,0.0,4,Medium (4-8)
466,0.1460683498427064,0.0,0.1460683498427064,5,Medium (4-8)
4673,0.6309297535714575,0.0,0.6309297535714575,5,Medium (4-8)
4674,0.8065735963827293,0.5012658353418871,0.30530776104084223,8,Medium (4-8)
4677,1.0,0.6131471927654584,0.38685280723454163,4,Medium (4-8)
4679,0.3010299956639812,0.3333333333333333,-0.03230333766935212,4,Medium (4-8)
4683,1.0,1.0,0.0,5,Medium (4-8)
4692,0.0,0.2890648263178879,-0.2890648263178879,6,Medium (4-8)
4697,1.0,1.0,0.0,8,Medium (4-8)
4698,0.6131471927654584,0.3868528072345416,0.2262943855309168,10,Long (9+)
4699,0.0,0.3333333333333333,-0.3333333333333333,3,Short (1-3)
47,0.0,0.0,0.0,4,Medium (4-8)
4706,1.0,0.6309297535714575,0.36907024642854247,6,Medium (4-8)
4707,1.0,0.6052602440527057,0.39473975594729427,6,Medium (4-8)
471,1.0,0.5,0.5,6,Medium (4-8)
4719,1.0,1.0,0.0,4,Medium (4-8)
4721,1.0,1.0,0.0,9,Long (9+)
4724,0.1815417925373526,0.1671604549662022,0.014381337571150399,4,Medium (4-8)
4731,0.3154648767857287,0.3154648767857287,0.0,6,Medium (4-8)
4737,1.0,1.0,0.0,7,Medium (4-8)
4742,0.0,0.0,0.0,5,Medium (4-8)
4743,0.0,0.0,0.0,5,Medium (4-8)
4747,1.0,1.0,0.0,9,Long (9+)
4748,0.6934264036172708,0.0,0.6934264036172708,5,Medium (4-8)
4751,1.0,1.0,0.0,12,Long (9+)
4756,1.0,0.0,1.0,5,Medium (4-8)
4759,1.0,0.6934264036172708,0.3065735963827292,4,Medium (4-8)
4765,1.0,1.0,0.0,8,Medium (4-8)
4770,0.0,0.0731168384439099,-0.0731168384439099,3,Short (1-3)
4772,0.3333333333333333,1.0,-0.6666666666666667,5,Medium (4-8)
4773,1.0,0.2346393630113782,0.7653606369886218,7,Medium (4-8)
4777,0.6934264036172708,0.6509209298071326,0.04250547381013825,6,Medium (4-8)
478,0.0,0.0,0.0,6,Medium (4-8)
4783,0.6309297535714575,0.0,0.6309297535714575,4,Medium (4-8)
4785,0.7495275800817669,0.0,0.7495275800817669,4,Medium (4-8)
4792,0.0,0.0,0.0,6,Medium (4-8)
4796,1.0,1.0,0.0,5,Medium (4-8)
4808,1.0,1.0,0.0,7,Medium (4-8)
4811,1.0,1.0,0.0,8,Medium (4-8)
4819,1.0,0.8503449055347546,0.1496550944652454,6,Medium (4-8)
4830,1.0,1.0,0.0,8,Medium (4-8)
4831,1.0,1.0,0.0,4,Medium (4-8)
4840,0.6309297535714575,0.430676558073393,0.20025319549806453,4,Medium (4-8)
485,0.0,0.0,0.0,6,Medium (4-8)
4853,0.6131471927654584,0.0,0.6131471927654584,5,Medium (4-8)
4855,1.0,1.0,0.0,7,Medium (4-8)
4867,1.0,0.0,1.0,6,Medium (4-8)
4876,0.3868528072345416,0.0,0.3868528072345416,8,Medium (4-8)
4880,0.0,0.0,0.0,3,Short (1-3)
4885,0.6309297535714575,0.0,0.6309297535714575,5,Medium (4-8)
4887,0.8318724637288826,0.1301266833307005,0.7017457803981821,10,Long (9+)
4890,0.7227265726449519,0.4371994911049732,0.2855270815399787,5,Medium (4-8)
4891,0.6836550817096436,0.8971754588393882,-0.2135203771297446,3,Short (1-3)
4902,0.0,0.0,0.0,5,Medium (4-8)
4903,0.8687949224876582,0.6217937096682962,0.24700121281936205,8,Medium (4-8)
4908,0.1671604549662022,0.3836491390379002,-0.21648868407169802,4,Medium (4-8)
4917,0.1772392867840477,0.0,0.1772392867840477,8,Medium (4-8)
492,0.8315546295836225,0.1772392867840477,0.6543153427995747,5,Medium (4-8)
4922,0.8772153153380493,0.6131471927654584,0.26406812257259094,9,Long (9+)
4926,0.6309297535714575,0.3154648767857287,0.3154648767857288,5,Medium (4-8)
4930,0.0,0.0,0.0,4,Medium (4-8)
4935,1.0,1.0,0.0,4,Medium (4-8)
4937,0.6131471927654584,0.8175295903539445,-0.2043823975884861,5,Medium (4-8)
4939,0.6309297535714575,0.3868528072345416,0.24407694633691596,4,Medium (4-8)
4947,1.0,0.6309297535714575,0.36907024642854247,9,Long (9+)
4948,0.0,0.0,0.0,6,Medium (4-8)
4950,0.0,0.3154648767857287,-0.3154648767857287,4,Medium (4-8)
4951,1.0,1.0,0.0,5,Medium (4-8)
4953,1.0,1.0,0.0,6,Medium (4-8)
4958,1.0,0.6131471927654584,0.38685280723454163,4,Medium (4-8)
4961,1.0,1.0,0.0,6,Medium (4-8)
497,0.3759063358712072,0.4692787260227564,-0.09337239015154919,9,Long (9+)
4971,0.1671604549662022,0.0,0.1671604549662022,5,Medium (4-8)
4973,0.6240505200038379,0.1772392867840477,0.44681123321979016,4,Medium (4-8)
4980,0.6309297535714575,0.0,0.6309297535714575,3,Short (1-3)
4983,1.0,0.5,0.5,9,Long (9+)
4992,0.5,0.0,0.5,7,Medium (4-8)
4995,0.4838128831667769,0.0,0.4838128831667769,6,Medium (4-8)
4996,0.1671604549662022,0.2960819109658652,-0.12892145599966304,5,Medium (4-8)
5001,0.6309297535714575,1.0,-0.36907024642854247,5,Medium (4-8)
5006,0.3333333333333333,0.0,0.3333333333333333,4,Medium (4-8)
5007,0.448643819352159,0.0,0.448643819352159,4,Medium (4-8)
5015,0.8772153153380493,0.1772392867840477,0.6999760285540015,4,Medium (4-8)
5018,0.0,0.0,0.0,8,Medium (4-8)
5029,1.0,1.0,0.0,8,Medium (4-8)
5035,0.86034433104172,0.4632423659320675,0.3971019651096525,4,Medium (4-8)
5039,0.5,0.3956467236022118,0.10435327639778819,3,Short (1-3)
5046,1.0,0.9197207891481876,0.08027921085181244,4,Medium (4-8)
5047,0.4981892574664128,0.0,0.4981892574664128,4,Medium (4-8)
5048,0.3903800499921017,0.24630238874073,0.1440776612513717,9,Long (9+)
5051,0.1412669728598289,0.0,0.1412669728598289,8,Medium (4-8)
5054,0.6934264036172708,1.0,-0.3065735963827292,5,Medium (4-8)
5055,0.6309297535714575,0.2890648263178879,0.34186492725356965,6,Medium (4-8)
5057,1.0,1.0,0.0,10,Long (9+)
5064,0.9447176050778178,0.4144299250118475,0.5302876800659703,6,Medium (4-8)
5069,0.6131471927654584,0.8065735963827293,-0.19342640361727093,4,Medium (4-8)
5070,1.0,0.5,0.5,7,Medium (4-8)
5072,0.8020378746650065,0.7884936445584501,0.013544230106556476,4,Medium (4-8)
5076,1.0,0.9197207891481876,0.08027921085181244,5,Medium (4-8)
5077,0.0,0.0,0.0,5,Medium (4-8)
5082,1.0,0.6131471927654584,0.38685280723454163,6,Medium (4-8)
5084,0.4981892574664128,0.0,0.4981892574664128,6,Medium (4-8)
5088,0.4692787260227564,0.2021073465005475,0.2671713795222089,4,Medium (4-8)
5094,1.0,0.8503449055347546,0.1496550944652454,4,Medium (4-8)
5095,1.0,1.0,0.0,4,Medium (4-8)
5097,0.6309297535714575,0.430676558073393,0.20025319549806453,5,Medium (4-8)
5098,1.0,1.0,0.0,4,Medium (4-8)
5104,1.0,0.4838128831667769,0.516187116833223,6,Medium (4-8)
5106,1.0,1.0,0.0,9,Long (9+)
5107,0.6309297535714575,1.0,-0.36907024642854247,7,Medium (4-8)
5108,0.6309297535714575,0.6309297535714575,0.0,8,Medium (4-8)
5113,0.6309297535714575,1.0,-0.36907024642854247,5,Medium (4-8)
5115,1.0,1.0,0.0,5,Medium (4-8)
5120,1.0,1.0,0.0,7,Medium (4-8)
5122,0.8315546295836225,0.5802792108518124,0.25127541873181003,4,Medium (4-8)
5129,0.6713860725233041,0.8194270280062366,-0.1480409554829325,5,Medium (4-8)
5130,0.5802792108518124,0.6131471927654584,-0.03286798191364593,6,Medium (4-8)
5132,1.0,0.2640681225725909,0.7359318774274091,8,Medium (4-8)
5149,1.0,0.6309297535714575,0.36907024642854247,10,Long (9+)
5151,0.4413074093566386,0.0,0.4413074093566386,6,Medium (4-8)
5157,0.9197207891481876,0.6131471927654584,0.3065735963827292,7,Medium (4-8)
5163,1.0,0.3562071871080222,0.6437928128919779,5,Medium (4-8)
5164,1.0,1.0,0.0,5,Medium (4-8)
5167,1.0,1.0,0.0,5,Medium (4-8)
5174,0.5437713091520254,0.5706417189553201,-0.026870409803294693,6,Medium (4-8)
5177,1.0,0.0,1.0,5,Medium (4-8)
5186,0.8065735963827293,0.6131471927654584,0.19342640361727093,11,Long (9+)
5188,1.0,1.0,0.0,7,Medium (4-8)
519,0.6713860725233041,0.7039180890341347,-0.0325320165108306,5,Medium (4-8)
5190,0.6240505200038379,0.0,0.6240505200038379,3,Short (1-3)
5192,0.8772153153380493,0.0,0.8772153153380493,4,Medium (4-8)
520,0.3562071871080222,0.3868528072345416,-0.03064562012651939,4,Medium (4-8)
5202,1.0,1.0,0.0,6,Medium (4-8)
521,0.7653606369886217,0.6713860725233041,0.0939745644653176,3,Short (1-3)
5213,0.0,0.0,0.0,4,Medium (4-8)
5215,0.6309297535714575,0.0,0.6309297535714575,4,Medium (4-8)
5219,1.0,1.0,0.0,6,Medium (4-8)
522,0.1934264036172708,0.2184074368181641,-0.024981033200893316,8,Medium (4-8)
5224,1.0,1.0,0.0,4,Medium (4-8)
5232,1.0,0.3868528072345416,0.6131471927654584,6,Medium (4-8)
5235,0.8498259896365309,0.3445101807257704,0.5053158089107606,5,Medium (4-8)
5241,0.9060254355346824,0.8070380459557518,0.0989873895789306,10,Long (9+)
5245,1.0,1.0,0.0,5,Medium (4-8)
5251,0.3868528072345416,0.6509209298071326,-0.264068122572591,4,Medium (4-8)
5256,0.0,0.0,0.0,9,Long (9+)
5257,1.0,1.0,0.0,5,Medium (4-8)
5266,1.0,1.0,0.0,6,Medium (4-8)
5269,1.0,0.3154648767857287,0.6845351232142713,6,Medium (4-8)
5277,0.5,0.0,0.5,4,Medium (4-8)
5278,1.0,1.0,0.0,6,Medium (4-8)
5284,0.4574945261898616,0.3706656904013186,0.086828835788543,6,Medium (4-8)
5287,1.0,1.0,0.0,7,Medium (4-8)
5295,0.8665427526082052,0.6804558477306826,0.18608690487752266,4,Medium (4-8)
5297,0.2890648263178879,0.3562071871080222,-0.0671423607901343,4,Medium (4-8)
5300,0.430676558073393,0.0,0.430676558073393,7,Medium (4-8)
5302,0.5,0.0,0.5,6,Medium (4-8)
5314,0.6309297535714575,0.6309297535714575,0.0,6,Medium (4-8)
5315,1.0,1.0,0.0,6,Medium (4-8)
5316,0.0,0.430676558073393,-0.430676558073393,4,Medium (4-8)
5319,1.0,0.7903864795495061,0.20961352045049386,4,Medium (4-8)
5322,0.6309297535714575,1.0,-0.36907024642854247,4,Medium (4-8)
5323,0.6309297535714575,0.6309297535714575,0.0,5,Medium (4-8)
5325,1.0,1.0,0.0,6,Medium (4-8)
5327,0.9047172294870752,0.1175161047564271,0.7872011247306481,5,Medium (4-8)
5340,0.8503449055347546,0.6131471927654584,0.23719771276929624,8,Medium (4-8)
5341,0.2960819109658652,0.2960819109658652,0.0,4,Medium (4-8)
5343,0.5912352048230277,0.6934264036172708,-0.1021911987942431,4,Medium (4-8)
5347,0.8772153153380493,0.2184074368181641,0.6588078785198852,5,Medium (4-8)
5352,1.0,0.2346393630113782,0.7653606369886218,7,Medium (4-8)
5356,0.2184074368181641,0.6131471927654584,-0.39473975594729427,4,Medium (4-8)
5358,1.0,1.0,0.0,4,Medium (4-8)
5369,1.0,1.0,0.0,4,Medium (4-8)
5381,0.9197207891481876,0.8175295903539445,0.1021911987942431,4,Medium (4-8)
5384,0.2346393630113782,0.1480409554829326,0.08659840752844558,7,Medium (4-8)
5386,1.0,1.0,0.0,7,Medium (4-8)
5388,1.0,0.5,0.5,6,Medium (4-8)
5393,1.0,1.0,0.0,4,Medium (4-8)
5395,1.0,1.0,0.0,5,Medium (4-8)
5406,0.5,0.0,0.5,7,Medium (4-8)
5418,0.3868528072345416,0.0,0.3868528072345416,6,Medium (4-8)
5424,0.3333333333333333,0.6309297535714575,-0.2975964202381242,3,Short (1-3)
5430,0.6309297535714575,1.0,-0.36907024642854247,6,Medium (4-8)
5432,0.7030861797445797,0.1951900249960508,0.5078961547485289,6,Medium (4-8)
5443,0.3010299956639812,0.0,0.3010299956639812,6,Medium (4-8)
5448,1.0,1.0,0.0,4,Medium (4-8)
5453,0.4692787260227564,0.4692787260227564,0.0,7,Medium (4-8)
5457,0.8503449055347546,0.6131471927654584,0.23719771276929624,8,Medium (4-8)
5458,0.8772153153380493,0.3065735963827292,0.5706417189553201,4,Medium (4-8)
5460,0.3562071871080222,0.0,0.3562071871080222,4,Medium (4-8)
5463,1.0,1.0,0.0,4,Medium (4-8)
5476,1.0,0.0,1.0,8,Medium (4-8)
5482,1.0,1.0,0.0,6,Medium (4-8)
5490,0.8756458727267334,0.6886342695939197,0.18701160313281373,6,Medium (4-8)
5494,0.3333333333333333,0.0,0.3333333333333333,5,Medium (4-8)
5504,1.0,1.0,0.0,5,Medium (4-8)
551,1.0,1.0,0.0,7,Medium (4-8)
5518,0.2371977127692962,0.3780021003968389,-0.14080438762754272,7,Medium (4-8)
5522,0.854105797972385,0.626376385711402,0.22772941226098298,4,Medium (4-8)
5523,0.0,0.0,0.0,4,Medium (4-8)
5534,0.8772153153380493,0.5912352048230277,0.2859801105150216,9,Long (9+)
5536,1.0,0.5,0.5,5,Medium (4-8)
5541,1.0,0.4017998179775804,0.5982001820224196,4,Medium (4-8)
5544,0.6934264036172708,0.2371977127692962,0.4562286908479746,4,Medium (4-8)
5549,0.0,0.0,0.0,3,Short (1-3)
555,1.0,1.0,0.0,7,Medium (4-8)
5554,1.0,0.6131471927654584,0.38685280723454163,6,Medium (4-8)
5560,1.0,0.3065735963827292,0.6934264036172708,4,Medium (4-8)
5571,0.0,0.0,0.0,3,Short (1-3)
5574,1.0,1.0,0.0,5,Medium (4-8)
5576,1.0,1.0,0.0,4,Medium (4-8)
5587,1.0,1.0,0.0,6,Medium (4-8)
5606,0.5294362295028773,0.24630238874073,0.2831338407621473,5,Medium (4-8)
5608,0.0,0.0,0.0,8,Medium (4-8)
5609,0.6309297535714575,0.5,0.13092975357145753,6,Medium (4-8)
561,1.0,0.4911492931622974,0.5088507068377026,4,Medium (4-8)
5616,0.0,0.5,-0.5,6,Medium (4-8)
5618,0.3868528072345416,0.0,0.3868528072345416,3,Short (1-3)
5619,0.6309297535714575,0.3868528072345416,0.24407694633691596,11,Long (9+)
5631,1.0,1.0,0.0,4,Medium (4-8)
5634,0.8772153153380493,0.8175295903539445,0.05968572498410485,6,Medium (4-8)
5637,0.6309297535714575,0.430676558073393,0.20025319549806453,5,Medium (4-8)
5638,0.3065735963827292,0.0,0.3065735963827292,4,Medium (4-8)
564,1.0,0.8315546295836225,0.16844537041637753,4,Medium (4-8)
5641,1.0,0.6309297535714575,0.36907024642854247,7,Medium (4-8)
5648,1.0,1.0,0.0,5,Medium (4-8)
5659,1.0,1.0,0.0,8,Medium (4-8)
5671,0.0,0.6131471927654584,-0.6131471927654584,9,Long (9+)
5680,1.0,1.0,0.0,5,Medium (4-8)
5681,1.0,1.0,0.0,7,Medium (4-8)
5687,1.0,0.3010299956639812,0.6989700043360187,4,Medium (4-8)
57,0.6713860725233041,0.7039180890341347,-0.0325320165108306,7,Medium (4-8)
570,0.4838128831667769,0.6131471927654584,-0.12933430959868147,6,Medium (4-8)
5700,1.0,0.0,1.0,9,Long (9+)
5705,0.8318724637288826,0.7095272044910244,0.12234525923785822,6,Medium (4-8)
5706,0.5,0.3562071871080222,0.14379281289197782,7,Medium (4-8)
5715,0.7653606369886217,0.6713860725233041,0.0939745644653176,5,Medium (4-8)
572,0.6131471927654584,0.6131471927654584,0.0,5,Medium (4-8)
5722,0.2640681225725909,0.0,0.2640681225725909,4,Medium (4-8)
5727,0.0,0.0,0.0,8,Medium (4-8)
5753,1.0,0.6309297535714575,0.36907024642854247,6,Medium (4-8)
5759,0.6309297535714575,1.0,-0.36907024642854247,7,Medium (4-8)
5765,0.3333333333333333,0.0,0.3333333333333333,3,Short (1-3)
5772,1.0,1.0,0.0,4,Medium (4-8)
5774,0.6131471927654584,0.6131471927654584,0.0,6,Medium (4-8)
5776,1.0,1.0,0.0,6,Medium (4-8)
578,0.0,0.0,0.0,4,Medium (4-8)
5787,1.0,0.2043823975884861,0.7956176024115139,6,Medium (4-8)
5796,1.0,0.5,0.5,6,Medium (4-8)
5797,0.3836491390379002,0.4441228664487979,-0.06047372741089768,4,Medium (4-8)
5801,0.8104089071229301,0.0,0.8104089071229301,3,Short (1-3)
5802,1.0,0.3065735963827292,0.6934264036172708,6,Medium (4-8)
5806,0.3065735963827292,0.2640681225725909,0.042505473810138306,8,Medium (4-8)
581,0.9674679834891692,0.1671604549662022,0.800307528522967,4,Medium (4-8)
5816,1.0,0.6131471927654584,0.38685280723454163,4,Medium (4-8)
5825,0.7227265726449519,0.4461533376408799,0.276573235004072,8,Medium (4-8)
5834,1.0,0.3868528072345416,0.6131471927654584,11,Long (9+)
5835,0.3154648767857287,0.0,0.3154648767857287,6,Medium (4-8)
5838,0.430676558073393,0.0,0.430676558073393,6,Medium (4-8)
5840,1.0,1.0,0.0,5,Medium (4-8)
5842,1.0,0.6309297535714575,0.36907024642854247,5,Medium (4-8)
5848,0.3562071871080222,0.0,0.3562071871080222,5,Medium (4-8)
5850,0.3562071871080222,0.3868528072345416,-0.03064562012651939,4,Medium (4-8)
5856,0.0,0.0,0.0,6,Medium (4-8)
5861,1.0,1.0,0.0,6,Medium (4-8)
5878,0.0,0.0,0.0,7,Medium (4-8)
5879,1.0,1.0,0.0,6,Medium (4-8)
5888,1.0,0.9197207891481876,0.08027921085181244,5,Medium (4-8)
5894,1.0,1.0,0.0,6,Medium (4-8)
5897,0.6309297535714575,0.6309297535714575,0.0,6,Medium (4-8)
5899,0.0,0.0,0.0,6,Medium (4-8)
5900,1.0,0.0,1.0,6,Medium (4-8)
5902,0.6934264036172708,0.1845756967795681,0.5088507068377027,5,Medium (4-8)
5906,0.9197207891481876,0.6131471927654584,0.3065735963827292,8,Medium (4-8)
5920,0.6309297535714575,0.0,0.6309297535714575,6,Medium (4-8)
5928,1.0,0.3562071871080222,0.6437928128919779,6,Medium (4-8)
5930,1.0,0.6039071644781281,0.3960928355218719,6,Medium (4-8)
5941,1.0,0.6309297535714575,0.36907024642854247,4,Medium (4-8)
5944,0.0,0.0,0.0,6,Medium (4-8)
595,0.9609247825245576,0.9668342083190152,-0.0059094257944576345,4,Medium (4-8)
5954,1.0,1.0,0.0,10,Long (9+)
5955,0.3065735963827292,0.6131471927654584,-0.3065735963827292,7,Medium (4-8)
5961,0.3333333333333333,0.6309297535714575,-0.2975964202381242,8,Medium (4-8)
5965,0.5,0.0,0.5,4,Medium (4-8)
5967,0.2890648263178879,0.0,0.2890648263178879,5,Medium (4-8)
597,1.0,1.0,0.0,4,Medium (4-8)
5974,1.0,0.9197207891481876,0.08027921085181244,5,Medium (4-8)
5977,1.0,1.0,0.0,4,Medium (4-8)
5978,1.0,1.0,0.0,5,Medium (4-8)
5989,0.0,0.0,0.0,6,Medium (4-8)
5993,1.0,0.3333333333333333,0.6666666666666667,6,Medium (4-8)
60,0.5,1.0,-0.5,6,Medium (4-8)
6002,0.5,0.0,0.5,3,Short (1-3)
6005,0.5,0.0,0.5,6,Medium (4-8)
6013,0.8194270280062366,0.2960819109658652,0.5233451170403713,7,Medium (4-8)
6022,0.0,0.0,0.0,8,Medium (4-8)
6030,0.3010299956639812,0.0,0.3010299956639812,6,Medium (4-8)
6036,0.6309297535714575,0.2890648263178879,0.34186492725356965,4,Medium (4-8)
6041,0.6309297535714575,0.3154648767857287,0.3154648767857288,8,Medium (4-8)
6042,0.1845756967795681,0.8772153153380493,-0.6926396185584812,8,Medium (4-8)
6046,1.0,0.430676558073393,0.569323441926607,6,Medium (4-8)
6048,0.0,0.1845756967795681,-0.1845756967795681,8,Medium (4-8)
605,1.0,1.0,0.0,5,Medium (4-8)
6055,0.6309297535714575,0.0,0.6309297535714575,5,Medium (4-8)
6057,0.6131471927654584,0.3065735963827292,0.3065735963827292,8,Medium (4-8)
606,0.3154648767857287,0.0,0.3154648767857287,11,Long (9+)
6068,0.6766372988929881,0.1951900249960508,0.4814472738969373,5,Medium (4-8)
6069,1.0,1.0,0.0,6,Medium (4-8)
6070,1.0,1.0,0.0,8,Medium (4-8)
6074,0.2890648263178879,0.0,0.2890648263178879,6,Medium (4-8)
6076,0.6131471927654584,0.2640681225725909,0.3490790701928675,4,Medium (4-8)
6080,0.6131471927654584,0.0,0.6131471927654584,5,Medium (4-8)
6084,1.0,1.0,0.0,8,Medium (4-8)
6096,0.6131471927654584,0.8772153153380493,-0.26406812257259094,6,Medium (4-8)
6101,1.0,0.5640920940185894,0.4359079059814106,4,Medium (4-8)
6105,0.6309297535714575,0.0,0.6309297535714575,6,Medium (4-8)
6106,0.5,0.6309297535714575,-0.13092975357145753,6,Medium (4-8)
6108,0.6309297535714575,0.0,0.6309297535714575,7,Medium (4-8)
611,1.0,0.3154648767857287,0.6845351232142713,4,Medium (4-8)
6115,0.5,0.0,0.5,4,Medium (4-8)
6116,1.0,0.8318724637288826,0.16812753627111743,4,Medium (4-8)
6119,0.0,0.0,0.0,7,Medium (4-8)
6128,1.0,0.6309297535714575,0.36907024642854247,8,Medium (4-8)
6130,0.4161811555487308,0.4525081529734507,-0.0363269974247199,5,Medium (4-8)
6139,0.2371977127692962,0.0,0.2371977127692962,8,Medium (4-8)
6146,0.9217868789962071,0.932521091954824,-0.010734212958616873,7,Medium (4-8)
6147,0.2184074368181641,0.0,0.2184074368181641,6,Medium (4-8)
6156,0.4692787260227564,0.1356519734324477,0.3336267525903087,6,Medium (4-8)
6167,0.3154648767857287,0.0,0.3154648767857287,5,Medium (4-8)
618,0.6112833214150002,0.0,0.6112833214150002,6,Medium (4-8)
6180,0.5,0.3868528072345416,0.11314719276545843,6,Medium (4-8)
6183,0.7903864795495061,0.6934264036172708,0.09696007593223532,6,Medium (4-8)
6185,1.0,1.0,0.0,8,Medium (4-8)
6186,1.0,0.6096199500078984,0.39038004999210163,8,Medium (4-8)
6187,0.2890648263178879,0.0,0.2890648263178879,4,Medium (4-8)
6199,1.0,1.0,0.0,4,Medium (4-8)
6206,0.0,0.0,0.0,6,Medium (4-8)
6207,0.0,0.0,0.0,3,Short (1-3)
6213,1.0,0.7365896932159578,0.2634103067840422,3,Short (1-3)
6215,1.0,0.4684505201610769,0.5315494798389231,3,Short (1-3)
6217,0.9708923176105698,0.4852285551163225,0.4856637624942473,7,Medium (4-8)
6225,0.0,0.1934264036172708,-0.1934264036172708,6,Medium (4-8)
6230,0.2371977127692962,0.0,0.2371977127692962,4,Medium (4-8)
6232,0.0,0.3333333333333333,-0.3333333333333333,4,Medium (4-8)
6234,0.6309297535714575,0.3010299956639812,0.32989975790747633,4,Medium (4-8)
6239,0.8503449055347546,0.2371977127692962,0.6131471927654584,4,Medium (4-8)
6241,0.8503449055347546,0.3868528072345416,0.46349209830021304,4,Medium (4-8)
6242,0.6309297535714575,0.0,0.6309297535714575,5,Medium (4-8)
6250,0.6309297535714575,0.430676558073393,0.20025319549806453,5,Medium (4-8)
6254,0.8315546295836225,0.8772153153380493,-0.04566068575442683,4,Medium (4-8)
6256,1.0,1.0,0.0,4,Medium (4-8)
6259,1.0,0.6366824387328317,0.3633175612671683,4,Medium (4-8)
6260,0.9930783166417602,0.4430895440946125,0.5499887725471477,7,Medium (4-8)
6266,1.0,0.3154648767857287,0.6845351232142713,5,Medium (4-8)
6268,0.0,0.0,0.0,6,Medium (4-8)
6270,1.0,0.6309297535714575,0.36907024642854247,7,Medium (4-8)
6278,0.8772153153380493,0.6131471927654584,0.26406812257259094,7,Medium (4-8)
6286,0.8503449055347546,0.6131471927654584,0.23719771276929624,6,Medium (4-8)
629,1.0,0.5032251913410369,0.49677480865896306,8,Medium (4-8)
6290,0.9558295932317544,0.8597408875863228,0.0960887056454316,5,Medium (4-8)
6292,0.0,0.0,0.0,4,Medium (4-8)
6293,1.0,1.0,0.0,9,Long (9+)
6299,0.73164900573283,0.4852285551163225,0.24642045061650747,6,Medium (4-8)
6303,1.0,1.0,0.0,7,Medium (4-8)
6304,0.2346393630113782,0.0,0.2346393630113782,5,Medium (4-8)
632,0.9674679834891692,0.6508205185601091,0.31664746492906004,4,Medium (4-8)
6324,0.7039180890341347,0.6508205185601091,0.053097570474025524,8,Medium (4-8)
6331,0.6508205185601091,0.1815417925373526,0.46927872602275655,8,Medium (4-8)
6332,0.6309297535714575,0.0,0.6309297535714575,4,Medium (4-8)
6333,1.0,1.0,0.0,5,Medium (4-8)
6337,1.0,1.0,0.0,5,Medium (4-8)
634,0.3377593199329953,0.30281242839865,0.03494689153434527,4,Medium (4-8)
6343,1.0,1.0,0.0,7,Medium (4-8)
6345,0.0,0.0,0.0,6,Medium (4-8)
6347,0.24630238874073,0.8396538878217249,-0.5933514990809949,4,Medium (4-8)
6348,1.0,1.0,0.0,6,Medium (4-8)
6349,1.0,0.5706417189553201,0.4293582810446799,6,Medium (4-8)
6357,0.0,0.0,0.0,8,Medium (4-8)
636,0.2716774977597197,0.3156484524795145,-0.043970954719794786,6,Medium (4-8)
6361,0.9550236580992476,0.298254219601818,0.6567694384974296,4,Medium (4-8)
6363,0.6309297535714575,0.3154648767857287,0.3154648767857288,7,Medium (4-8)
6364,0.0,0.3562071871080222,-0.3562071871080222,12,Long (9+)
6365,0.3154648767857287,1.0,-0.6845351232142713,4,Medium (4-8)
6367,0.0,0.3562071871080222,-0.3562071871080222,9,Long (9+)
6375,0.2960819109658652,0.5307212739772434,-0.23463936301137822,10,Long (9+)
6377,1.0,0.3868528072345416,0.6131471927654584,7,Medium (4-8)
6378,0.6309297535714575,1.0,-0.36907024642854247,9,Long (9+)
6382,0.3010299956639812,0.5,-0.1989700043360188,12,Long (9+)
639,1.0,0.6309297535714575,0.36907024642854247,4,Medium (4-8)
6390,0.6653497124326151,0.2960819109658652,0.36926780146674987,6,Medium (4-8)
6395,0.6713860725233041,0.4692787260227564,0.20210734650054768,6,Medium (4-8)
6403,0.3562071871080222,0.0,0.3562071871080222,5,Medium (4-8)
6407,0.5,0.0,0.5,5,Medium (4-8)
6421,0.1671604549662022,0.1564262420075854,0.01073421295861679,6,Medium (4-8)
6422,1.0,0.5,0.5,6,Medium (4-8)
6431,0.6309297535714575,1.0,-0.36907024642854247,5,Medium (4-8)
6434,1.0,0.0,1.0,6,Medium (4-8)
6435,0.0,0.0,0.0,6,Medium (4-8)
6437,0.7903864795495061,0.5,0.29038647954950614,7,Medium (4-8)
6440,0.1564262420075854,0.0,0.1564262420075854,5,Medium (4-8)
6442,0.2640681225725909,0.0,0.2640681225725909,10,Long (9+)
6458,0.0,1.0,-1.0,6,Medium (4-8)
6464,0.8451850618939637,0.0,0.8451850618939637,7,Medium (4-8)
6473,0.0,0.0,0.0,10,Long (9+)
6475,1.0,0.5,0.5,5,Medium (4-8)
6481,0.3562071871080222,0.0,0.3562071871080222,5,Medium (4-8)
649,0.4692787260227564,0.3836491390379002,0.08562958698485618,13,Long (9+)
6502,0.430676558073393,0.0,0.430676558073393,8,Medium (4-8)
6509,0.5855700749881525,0.3253167083267513,0.2602533666614012,5,Medium (4-8)
6512,0.0,0.0,0.0,6,Medium (4-8)
6517,0.0,0.0,0.0,5,Medium (4-8)
6527,0.9197207891481876,0.5912352048230277,0.32848558432515984,4,Medium (4-8)
6532,1.0,1.0,0.0,4,Medium (4-8)
6536,0.3868528072345416,1.0,-0.6131471927654584,7,Medium (4-8)
6538,1.0,1.0,0.0,3,Short (1-3)
6544,1.0,1.0,0.0,5,Medium (4-8)
6556,0.0,0.0,0.0,5,Medium (4-8)
6557,0.482475559390755,0.9197207891481876,-0.4372452297574326,6,Medium (4-8)
6558,0.6309297535714575,1.0,-0.36907024642854247,6,Medium (4-8)
6560,0.3065735963827292,0.0,0.3065735963827292,6,Medium (4-8)
657,1.0,1.0,0.0,4,Medium (4-8)
6582,0.6309297535714575,0.0,0.6309297535714575,3,Short (1-3)
6587,0.9469024295259744,0.6713860725233041,0.2755163570026703,4,Medium (4-8)
6588,1.0,1.0,0.0,4,Medium (4-8)
6590,0.932521091954824,0.6508205185601091,0.2817005733947149,5,Medium (4-8)
6592,0.4692787260227564,0.0,0.4692787260227564,5,Medium (4-8)
6594,0.3342333539402822,0.0,0.3342333539402822,4,Medium (4-8)
660,0.3391602052736161,0.3156484524795145,0.023511752794101615,5,Medium (4-8)
6613,0.5437713091520254,0.2043823975884861,0.33938891156353934,5,Medium (4-8)
6624,0.5855700749881525,0.6525874238732422,-0.0670173488850897,4,Medium (4-8)
6639,1.0,1.0,0.0,4,Medium (4-8)
6642,1.0,1.0,0.0,5,Medium (4-8)
6676,0.2640681225725909,0.3868528072345416,-0.1227846846619507,5,Medium (4-8)
6677,1.0,0.3065735963827292,0.6934264036172708,7,Medium (4-8)
6680,0.0,0.0,0.0,4,Medium (4-8)
6681,0.0,0.0,0.0,4,Medium (4-8)
6682,0.6309297535714575,0.0,0.6309297535714575,6,Medium (4-8)
6699,1.0,1.0,0.0,6,Medium (4-8)
67,1.0,1.0,0.0,4,Medium (4-8)
6701,1.0,0.6934264036172708,0.3065735963827292,5,Medium (4-8)
6703,0.0,0.0,0.0,6,Medium (4-8)
6706,0.3333333333333333,0.6309297535714575,-0.2975964202381242,5,Medium (4-8)
6708,0.8772153153380493,0.6131471927654584,0.26406812257259094,4,Medium (4-8)
6709,0.9197207891481876,0.0,0.9197207891481876,3,Short (1-3)
6710,0.5296347172140421,0.1312050775123417,0.3984296397017004,5,Medium (4-8)
6729,0.3868528072345416,0.0,0.3868528072345416,4,Medium (4-8)
6733,0.5,0.0,0.5,4,Medium (4-8)
6751,1.0,1.0,0.0,4,Medium (4-8)
6753,0.3333333333333333,0.0,0.3333333333333333,9,Long (9+)
6771,1.0,0.8772153153380493,0.1227846846619507,6,Medium (4-8)
6778,1.0,0.430676558073393,0.569323441926607,7,Medium (4-8)
6782,1.0,1.0,0.0,6,Medium (4-8)
6792,0.7653606369886217,0.4692787260227564,0.2960819109658653,9,Long (9+)
6794,0.8065735963827293,0.7977228895450266,0.008850706837702726,8,Medium (4-8)
6798,0.6309297535714575,0.5,0.13092975357145753,3,Short (1-3)
6800,0.3978088012057569,0.0,0.3978088012057569,5,Medium (4-8)
6808,0.3826803184943108,0.4564683833089639,-0.07378806481465311,5,Medium (4-8)
6825,1.0,0.6309297535714575,0.36907024642854247,5,Medium (4-8)
6826,1.0,0.0,1.0,3,Short (1-3)
6832,1.0,1.0,0.0,7,Medium (4-8)
6838,0.9674679834891692,0.617319681505689,0.3501483019834801,5,Medium (4-8)
6840,1.0,0.0,1.0,5,Medium (4-8)
6844,1.0,1.0,0.0,4,Medium (4-8)
6848,1.0,1.0,0.0,12,Long (9+)
6852,1.0,1.0,0.0,8,Medium (4-8)
6856,0.0,0.0,0.0,7,Medium (4-8)
6862,0.6309297535714575,0.0,0.6309297535714575,10,Long (9+)
6866,0.6462302129493456,0.3171937659698004,0.32903644697954515,5,Medium (4-8)
6867,1.0,0.8772153153380493,0.1227846846619507,4,Medium (4-8)
6874,0.8442380676954223,0.8886733622104969,-0.04443529451507455,4,Medium (4-8)
6878,1.0,0.8175295903539445,0.18247040964605554,4,Medium (4-8)
6880,1.0,0.3562071871080222,0.6437928128919779,4,Medium (4-8)
6887,0.6309297535714575,0.5,0.13092975357145753,5,Medium (4-8)
6889,0.3562071871080222,0.0,0.3562071871080222,3,Short (1-3)
689,1.0,0.6309297535714575,0.36907024642854247,4,Medium (4-8)
6891,0.3501483019834802,0.1480409554829326,0.20210734650054757,4,Medium (4-8)
6899,0.9197207891481876,0.3868528072345416,0.5328679819136459,7,Medium (4-8)
6905,1.0,0.3154648767857287,0.6845351232142713,5,Medium (4-8)
6918,0.9197207891481876,0.8315546295836225,0.08816615956456508,9,Long (9+)
6925,1.0,1.0,0.0,6,Medium (4-8)
6927,0.430624116386567,0.0,0.430624116386567,5,Medium (4-8)
6937,0.9469024295259744,0.9469024295259744,0.0,6,Medium (4-8)
6956,0.6309297535714575,1.0,-0.36907024642854247,6,Medium (4-8)
696,0.3154648767857287,0.430676558073393,-0.11521168128766429,5,Medium (4-8)
697,1.0,1.0,0.0,9,Long (9+)
6974,0.5,1.0,-0.5,4,Medium (4-8)
6981,0.0,0.0,0.0,5,Medium (4-8)
6983,0.6309297535714575,0.430676558073393,0.20025319549806453,4,Medium (4-8)
6984,1.0,0.6309297535714575,0.36907024642854247,5,Medium (4-8)
6989,1.0,1.0,0.0,5,Medium (4-8)
6990,1.0,1.0,0.0,8,Medium (4-8)
6994,0.3333333333333333,0.3868528072345416,-0.05351947390120826,4,Medium (4-8)
6995,1.0,1.0,0.0,9,Long (9+)
7001,0.430676558073393,0.0,0.430676558073393,4,Medium (4-8)
7007,0.6309297535714575,0.5,0.13092975357145753,5,Medium (4-8)
701,0.6309297535714575,0.5,0.13092975357145753,8,Medium (4-8)
7012,1.0,1.0,0.0,6,Medium (4-8)
7029,0.7653606369886217,0.1815417925373526,0.5838188444512691,4,Medium (4-8)
7030,1.0,1.0,0.0,5,Medium (4-8)
7031,0.3065735963827292,0.3868528072345416,-0.08027921085181239,4,Medium (4-8)
7034,0.8065735963827293,0.6131471927654584,0.19342640361727093,8,Medium (4-8)
7040,1.0,0.6309297535714575,0.36907024642854247,6,Medium (4-8)
7044,0.6309297535714575,1.0,-0.36907024642854247,13,Long (9+)
7045,1.0,1.0,0.0,7,Medium (4-8)
7049,0.9134015924715544,0.2960819109658652,0.6173196815056892,5,Medium (4-8)
7058,1.0,0.0,1.0,4,Medium (4-8)
7060,1.0,1.0,0.0,6,Medium (4-8)
7070,0.5,0.0,0.5,6,Medium (4-8)
7071,0.6309297535714575,0.6309297535714575,0.0,8,Medium (4-8)
7073,0.6309297535714575,0.5,0.13092975357145753,9,Long (9+)
7078,1.0,0.0,1.0,6,Medium (4-8)
7096,0.0,0.0,0.0,9,Long (9+)
7097,1.0,0.6309297535714575,0.36907024642854247,9,Long (9+)
7113,0.6052602440527057,0.2184074368181641,0.38685280723454163,6,Medium (4-8)
7120,1.0,0.8772153153380493,0.1227846846619507,8,Medium (4-8)
7123,0.430676558073393,0.0,0.430676558073393,7,Medium (4-8)
7129,0.615733440277688,0.3391602052736161,0.2765732350040718,5,Medium (4-8)
7132,1.0,1.0,0.0,6,Medium (4-8)
7133,1.0,1.0,0.0,4,Medium (4-8)
7137,0.6309297535714575,1.0,-0.36907024642854247,5,Medium (4-8)
7138,1.0,0.5,0.5,5,Medium (4-8)
7146,1.0,1.0,0.0,5,Medium (4-8)
716,0.6309297535714575,0.2890648263178879,0.34186492725356965,7,Medium (4-8)
7162,0.9197207891481876,0.2371977127692962,0.6825230763788914,7,Medium (4-8)
7164,0.0,0.0,0.0,4,Medium (4-8)
7166,0.430676558073393,0.3333333333333333,0.09734322474005969,4,Medium (4-8)
7167,0.6309297535714575,0.0,0.6309297535714575,7,Medium (4-8)
7172,1.0,0.0,1.0,5,Medium (4-8)
7176,1.0,1.0,0.0,4,Medium (4-8)
718,0.6309297535714575,0.2890648263178879,0.34186492725356965,5,Medium (4-8)
719,1.0,0.430676558073393,0.569323441926607,4,Medium (4-8)
7193,0.3868528072345416,0.0,0.3868528072345416,5,Medium (4-8)
7194,1.0,1.0,0.0,6,Medium (4-8)
7196,0.4415801103577823,0.2043823975884861,0.2371977127692962,5,Medium (4-8)
7201,0.8772153153380493,0.6131471927654584,0.26406812257259094,4,Medium (4-8)
7204,0.9217868789962071,0.9217868789962071,0.0,6,Medium (4-8)
7211,0.3868528072345416,0.6309297535714575,-0.24407694633691596,9,Long (9+)
7220,1.0,0.2640681225725909,0.7359318774274091,7,Medium (4-8)
7223,1.0,1.0,0.0,6,Medium (4-8)
7229,0.5,0.0,0.5,7,Medium (4-8)
723,0.0,0.0,0.0,4,Medium (4-8)
7231,1.0,1.0,0.0,4,Medium (4-8)
7232,0.6843515475204855,0.5531464700081437,0.1312050775123419,4,Medium (4-8)
724,0.9197207891481876,0.6131471927654584,0.3065735963827292,7,Medium (4-8)
7242,0.9558295932317544,0.8285418996677884,0.12728769356396608,8,Medium (4-8)
7245,0.6309297535714575,0.0,0.6309297535714575,4,Medium (4-8)
7249,0.8315546295836225,0.482475559390755,0.3490790701928675,4,Medium (4-8)
7251,1.0,1.0,0.0,4,Medium (4-8)
7253,0.3868528072345416,0.482475559390755,-0.09562275215621341,5,Medium (4-8)
7254,1.0,0.6309297535714575,0.36907024642854247,8,Medium (4-8)
7255,0.6934264036172708,0.0,0.6934264036172708,6,Medium (4-8)
7257,1.0,1.0,0.0,10,Long (9+)
7273,0.0,0.0,0.0,10,Long (9+)
7274,0.3333333333333333,0.0,0.3333333333333333,3,Short (1-3)
7281,1.0,1.0,0.0,5,Medium (4-8)
7282,0.0,0.5,-0.5,7,Medium (4-8)
7295,1.0,0.5,0.5,4,Medium (4-8)
73,0.5627057907248065,0.0,0.5627057907248065,5,Medium (4-8)
7300,0.5,0.0,0.5,3,Short (1-3)
7309,0.6309297535714575,0.2890648263178879,0.34186492725356965,5,Medium (4-8)
7317,1.0,1.0,0.0,4,Medium (4-8)
7320,0.6934264036172708,0.0,0.6934264036172708,6,Medium (4-8)
7325,1.0,0.430676558073393,0.569323441926607,4,Medium (4-8)
7326,0.6257049680303419,0.4692787260227564,0.15642624200758554,4,Medium (4-8)
733,0.9066276098484508,0.4692787260227564,0.4373488838256944,3,Short (1-3)
7334,0.6309297535714575,0.430676558073393,0.20025319549806453,6,Medium (4-8)
7340,0.4981892574664128,0.0,0.4981892574664128,5,Medium (4-8)
7346,1.0,0.8854598815714874,0.11454011842851264,5,Medium (4-8)
7352,0.0,0.3065735963827292,-0.3065735963827292,4,Medium (4-8)
7357,0.2640681225725909,0.3065735963827292,-0.042505473810138306,8,Medium (4-8)
7358,0.0,0.0,0.0,5,Medium (4-8)
7363,1.0,0.6309297535714575,0.36907024642854247,6,Medium (4-8)
7365,1.0,0.9619991470595832,0.038000852940416774,9,Long (9+)
7366,1.0,0.5,0.5,6,Medium (4-8)
7367,0.3868528072345416,0.0,0.3868528072345416,5,Medium (4-8)
7371,0.3903800499921017,0.0,0.3903800499921017,3,Short (1-3)
7372,0.6131471927654584,0.6131471927654584,0.0,10,Long (9+)
7374,1.0,0.0,1.0,5,Medium (4-8)
7376,0.9197207891481876,0.2371977127692962,0.6825230763788914,6,Medium (4-8)
7377,0.3868528072345416,0.0,0.3868528072345416,4,Medium (4-8)
7380,0.2371977127692962,0.4029831335977323,-0.16578542082843611,5,Medium (4-8)
7386,1.0,0.6309297535714575,0.36907024642854247,5,Medium (4-8)
7394,1.0,0.8318724637288826,0.16812753627111743,7,Medium (4-8)
7396,0.6309297535714575,0.430676558073393,0.20025319549806453,10,Long (9+)
740,1.0,0.0,1.0,5,Medium (4-8)
7407,1.0,1.0,0.0,6,Medium (4-8)
7412,0.867749820489524,0.2139862647345275,0.6537635557549965,6,Medium (4-8)
7413,0.0,0.3010299956639812,-0.3010299956639812,4,Medium (4-8)
7414,0.6525874238732422,0.0,0.6525874238732422,6,Medium (4-8)
7418,1.0,1.0,0.0,13,Long (9+)
7425,1.0,0.5,0.5,6,Medium (4-8)
7429,1.0,0.5,0.5,5,Medium (4-8)
7431,0.5,0.2890648263178879,0.21093517368211212,5,Medium (4-8)
7454,0.8706086854269929,0.5064767203222518,0.3641319651047411,4,Medium (4-8)
746,0.6309297535714575,0.0,0.6309297535714575,6,Medium (4-8)
7460,0.0,0.3868528072345416,-0.3868528072345416,5,Medium (4-8)
7463,0.0,0.0,0.0,8,Medium (4-8)
7468,1.0,1.0,0.0,6,Medium (4-8)
747,1.0,1.0,0.0,4,Medium (4-8)
7473,0.0,0.0,0.0,7,Medium (4-8)
7487,0.0,0.0,0.0,5,Medium (4-8)
7489,0.6309297535714575,0.0,0.6309297535714575,5,Medium (4-8)
7499,0.9134015924715544,0.3044671974905181,0.6089343949810363,4,Medium (4-8)
750,1.0,0.2640681225725909,0.7359318774274091,5,Medium (4-8)
7503,0.3333333333333333,0.0,0.3333333333333333,7,Medium (4-8)
7515,0.9197207891481876,1.0,-0.08027921085181244,6,Medium (4-8)
752,0.0,0.1772392867840477,-0.1772392867840477,4,Medium (4-8)
7532,0.3562071871080222,1.0,-0.6437928128919779,5,Medium (4-8)
7538,1.0,0.430676558073393,0.569323441926607,6,Medium (4-8)
7553,0.6509209298071326,0.6509209298071326,0.0,8,Medium (4-8)
7560,1.0,0.5802792108518124,0.41972078914818756,5,Medium (4-8)
7564,0.5706417189553201,0.6131471927654584,-0.04250547381013825,5,Medium (4-8)
7566,0.6364391809889587,0.0,0.6364391809889587,6,Medium (4-8)
7568,0.2184074368181641,0.3868528072345416,-0.16844537041637747,4,Medium (4-8)
7579,0.6309297535714575,0.5,0.13092975357145753,10,Long (9+)
759,1.0,1.0,0.0,6,Medium (4-8)
7590,0.6309297535714575,1.0,-0.36907024642854247,6,Medium (4-8)
7594,1.0,0.6309297535714575,0.36907024642854247,5,Medium (4-8)
7597,1.0,0.430676558073393,0.569323441926607,11,Long (9+)
7599,0.3868528072345416,0.0,0.3868528072345416,3,Short (1-3)
7603,1.0,0.6240505200038379,0.37594947999616213,7,Medium (4-8)
7605,1.0,1.0,0.0,5,Medium (4-8)
761,1.0,1.0,0.0,5,Medium (4-8)
7613,0.430676558073393,1.0,-0.569323441926607,9,Long (9+)
7615,1.0,0.0,1.0,5,Medium (4-8)
7616,1.0,1.0,0.0,6,Medium (4-8)
7618,0.9550236580992476,0.5205067333228022,0.43451692477644543,5,Medium (4-8)
762,0.3868528072345416,0.2640681225725909,0.1227846846619507,9,Long (9+)
7623,0.430676558073393,0.0,0.430676558073393,6,Medium (4-8)
7625,0.0,0.3562071871080222,-0.3562071871080222,4,Medium (4-8)
763,0.0,0.0,0.0,4,Medium (4-8)
7633,0.0,0.0,0.0,5,Medium (4-8)
7634,0.3868528072345416,0.0,0.3868528072345416,4,Medium (4-8)
7638,1.0,0.5,0.5,7,Medium (4-8)
765,1.0,1.0,0.0,4,Medium (4-8)
7654,1.0,0.6309297535714575,0.36907024642854247,4,Medium (4-8)
7655,0.0,0.0,0.0,3,Short (1-3)
7666,1.0,1.0,0.0,5,Medium (4-8)
7667,0.3562071871080222,0.0,0.3562071871080222,4,Medium (4-8)
7671,0.0,0.0,0.0,7,Medium (4-8)
7673,0.6309297535714575,0.0,0.6309297535714575,11,Long (9+)
7679,0.5249810332008933,0.2184074368181641,0.3065735963827292,5,Medium (4-8)
7684,0.6309297535714575,0.0,0.6309297535714575,6,Medium (4-8)
7688,0.0,0.0,0.0,5,Medium (4-8)
7698,0.4692787260227564,0.1412669728598289,0.3280117531629275,5,Medium (4-8)
77,0.3010299956639812,0.0,0.3010299956639812,7,Medium (4-8)
770,1.0,0.3065735963827292,0.6934264036172708,5,Medium (4-8)
7701,1.0,0.5,0.5,5,Medium (4-8)
7708,0.0,0.430676558073393,-0.430676558073393,12,Long (9+)
771,0.9197207891481876,0.6131471927654584,0.3065735963827292,9,Long (9+)
7713,1.0,1.0,0.0,6,Medium (4-8)
7718,1.0,1.0,0.0,4,Medium (4-8)
772,0.8772153153380493,0.8503449055347546,0.026870409803294693,4,Medium (4-8)
7723,1.0,1.0,0.0,4,Medium (4-8)
7724,0.7606395682357036,0.6386364459525711,0.12200312228313248,4,Medium (4-8)
7733,1.0,1.0,0.0,9,Long (9+)
7737,0.6240505200038379,0.1934264036172708,0.43062411638656706,5,Medium (4-8)
774,0.6131471927654584,0.2184074368181641,0.39473975594729427,3,Short (1-3)
7742,0.8315546295836225,0.1934264036172708,0.6381282259663517,4,Medium (4-8)
7749,0.9197207891481876,0.3868528072345416,0.5328679819136459,5,Medium (4-8)
7754,0.4692787260227564,0.0,0.4692787260227564,4,Medium (4-8)
7765,1.0,1.0,0.0,7,Medium (4-8)
7769,1.0,0.6309297535714575,0.36907024642854247,6,Medium (4-8)
7781,0.2890648263178879,0.0,0.2890648263178879,4,Medium (4-8)
7792,0.4217734095488644,0.2184074368181641,0.20336597273070028,4,Medium (4-8)
7801,1.0,1.0,0.0,8,Medium (4-8)
7805,0.5,1.0,-0.5,5,Medium (4-8)
7806,0.7328286204777911,0.5183322919267586,0.2144963285510325,6,Medium (4-8)
7807,0.0,0.0,0.0,7,Medium (4-8)
7809,1.0,0.0,1.0,4,Medium (4-8)
7812,0.6713860725233041,0.4367467095119258,0.23463936301137828,4,Medium (4-8)
7819,0.8065735963827293,1.0,-0.1934264036172707,13,Long (9+)
7821,1.0,1.0,0.0,4,Medium (4-8)
7823,0.9197207891481876,0.6131471927654584,0.3065735963827292,6,Medium (4-8)
7837,0.6309297535714575,0.5,0.13092975357145753,6,Medium (4-8)
7842,0.5,0.5,0.0,9,Long (9+)
7843,1.0,1.0,0.0,4,Medium (4-8)
785,0.6131471927654584,0.0,0.6131471927654584,7,Medium (4-8)
7863,1.0,1.0,0.0,6,Medium (4-8)
7864,0.6934264036172708,0.3065735963827292,0.38685280723454163,8,Medium (4-8)
7865,1.0,1.0,0.0,8,Medium (4-8)
7870,0.1934264036172708,0.0,0.1934264036172708,8,Medium (4-8)
7889,0.6131471927654584,0.6131471927654584,0.0,5,Medium (4-8)
7890,1.0,0.0,1.0,4,Medium (4-8)
7891,0.5,0.0,0.5,6,Medium (4-8)
7898,1.0,1.0,0.0,7,Medium (4-8)
7903,0.3889580943680543,0.2043823975884861,0.1845756967795682,4,Medium (4-8)
7912,0.3333333333333333,0.0,0.3333333333333333,3,Short (1-3)
7913,1.0,0.6309297535714575,0.36907024642854247,3,Short (1-3)
7915,0.6309297535714575,1.0,-0.36907024642854247,7,Medium (4-8)
7916,1.0,1.0,0.0,8,Medium (4-8)
7918,1.0,1.0,0.0,9,Long (9+)
7919,0.6309297535714575,0.0,0.6309297535714575,6,Medium (4-8)
792,1.0,0.6309297535714575,0.36907024642854247,4,Medium (4-8)
7931,1.0,1.0,0.0,11,Long (9+)
7935,0.8772153153380493,0.8772153153380493,0.0,4,Medium (4-8)
7938,0.6309297535714575,0.3333333333333333,0.2975964202381242,7,Medium (4-8)
7939,1.0,0.2640681225725909,0.7359318774274091,5,Medium (4-8)
7943,0.6309297535714575,0.6309297535714575,0.0,6,Medium (4-8)
7944,1.0,0.6309297535714575,0.36907024642854247,6,Medium (4-8)
7950,1.0,0.6309297535714575,0.36907024642854247,4,Medium (4-8)
7953,1.0,1.0,0.0,6,Medium (4-8)
7957,1.0,0.6309297535714575,0.36907024642854247,5,Medium (4-8)
7974,1.0,0.430676558073393,0.569323441926607,8,Medium (4-8)
7978,0.2960819109658652,0.1564262420075854,0.13965566895827983,7,Medium (4-8)
7980,1.0,0.3562071871080222,0.6437928128919779,4,Medium (4-8)
7981,1.0,0.9060254355346824,0.0939745644653176,4,Medium (4-8)
7982,1.0,0.0,1.0,6,Medium (4-8)
7986,1.0,1.0,0.0,4,Medium (4-8)
7995,1.0,0.6309297535714575,0.36907024642854247,5,Medium (4-8)
7996,1.0,1.0,0.0,5,Medium (4-8)
8000,1.0,1.0,0.0,4,Medium (4-8)
8016,0.9197207891481876,0.2043823975884861,0.7153383915597015,4,Medium (4-8)
802,0.6240505200038379,0.3868528072345416,0.2371977127692963,6,Medium (4-8)
8022,0.1772392867840477,0.0,0.1772392867840477,4,Medium (4-8)
8031,1.0,0.0,1.0,5,Medium (4-8)
8036,0.0,0.0,0.0,5,Medium (4-8)
8041,0.5249810332008933,0.2371977127692962,0.2877833204315971,11,Long (9+)
8056,0.0,0.0,0.0,5,Medium (4-8)
8057,0.6309297535714575,0.0,0.6309297535714575,4,Medium (4-8)
8058,0.6131471927654584,0.6131471927654584,0.0,5,Medium (4-8)
8059,0.9068250379649666,0.2050324181986208,0.7017926197663458,8,Medium (4-8)
8065,0.5,1.0,-0.5,5,Medium (4-8)
8066,1.0,1.0,0.0,8,Medium (4-8)
8073,0.6978817289434457,0.4967432029864875,0.2011385259569582,5,Medium (4-8)
8077,0.0,0.0,0.0,5,Medium (4-8)
8082,0.6240505200038379,0.3065735963827292,0.3174769236211087,6,Medium (4-8)
8083,0.5,0.3010299956639812,0.1989700043360188,5,Medium (4-8)
8085,0.0,0.0,0.0,8,Medium (4-8)
8089,0.6309297535714575,0.3868528072345416,0.24407694633691596,8,Medium (4-8)
8099,1.0,0.2043823975884861,0.7956176024115139,6,Medium (4-8)
8106,0.0,0.0,0.0,6,Medium (4-8)
812,1.0,0.6934264036172708,0.3065735963827292,4,Medium (4-8)
8124,0.6713860725233041,0.7039180890341347,-0.0325320165108306,8,Medium (4-8)
8125,1.0,1.0,0.0,6,Medium (4-8)
8127,0.5,0.430676558073393,0.069323441926607,4,Medium (4-8)
813,1.0,0.430676558073393,0.569323441926607,5,Medium (4-8)
8132,0.6039071644781281,0.1815417925373526,0.4223653719407755,5,Medium (4-8)
8134,1.0,1.0,0.0,5,Medium (4-8)
8137,0.6052602440527057,0.6131471927654584,-0.00788694871275264,4,Medium (4-8)
8138,1.0,0.0,1.0,4,Medium (4-8)
8148,1.0,1.0,0.0,4,Medium (4-8)
8149,1.0,1.0,0.0,6,Medium (4-8)
8153,1.0,1.0,0.0,5,Medium (4-8)
8163,0.6131471927654584,1.0,-0.38685280723454163,6,Medium (4-8)
8165,0.3868528072345416,0.6131471927654584,-0.2262943855309168,7,Medium (4-8)
8182,1.0,0.4692787260227564,0.5307212739772436,5,Medium (4-8)
8187,0.6309297535714575,0.0,0.6309297535714575,8,Medium (4-8)
8201,1.0,0.6309297535714575,0.36907024642854247,7,Medium (4-8)
8210,0.5,1.0,-0.5,7,Medium (4-8)
8212,1.0,0.3065735963827292,0.6934264036172708,6,Medium (4-8)
8216,0.6131471927654584,0.3065735963827292,0.3065735963827292,6,Medium (4-8)
8221,0.6309297535714575,0.0,0.6309297535714575,8,Medium (4-8)
8226,0.8503449055347546,0.8503449055347546,0.0,5,Medium (4-8)
8228,0.3333333333333333,0.0,0.3333333333333333,5,Medium (4-8)
823,0.3868528072345416,0.482475559390755,-0.09562275215621341,6,Medium (4-8)
8232,0.6309297535714575,1.0,-0.36907024642854247,5,Medium (4-8)
8237,1.0,1.0,0.0,9,Long (9+)
8240,0.3416424081865621,0.0,0.3416424081865621,5,Medium (4-8)
8241,1.0,1.0,0.0,6,Medium (4-8)
8247,0.7607566881222602,0.0,0.7607566881222602,4,Medium (4-8)
8250,0.3154648767857287,0.0,0.3154648767857287,7,Medium (4-8)
8252,0.3633175612671683,0.123151194370365,0.24016636689680332,5,Medium (4-8)
8253,0.2640681225725909,0.0,0.2640681225725909,4,Medium (4-8)
8255,0.1934264036172708,0.1772392867840477,0.016187116833223075,6,Medium (4-8)
8257,0.0,0.0,0.0,6,Medium (4-8)
8258,1.0,0.0,1.0,5,Medium (4-8)
8264,0.3391602052736161,0.2188505885308512,0.12030961674276491,4,Medium (4-8)
8265,1.0,0.6309297535714575,0.36907024642854247,4,Medium (4-8)
8276,1.0,0.0,1.0,3,Short (1-3)
8280,1.0,1.0,0.0,6,Medium (4-8)
8281,0.5,0.3333333333333333,0.16666666666666669,7,Medium (4-8)
8287,0.6309297535714575,0.0,0.6309297535714575,6,Medium (4-8)
8292,0.787646629489165,0.08274602130532,0.7049006081838449,4,Medium (4-8)
8293,1.0,1.0,0.0,5,Medium (4-8)
8295,0.3868528072345416,0.2640681225725909,0.1227846846619507,9,Long (9+)
8306,1.0,0.5,0.5,7,Medium (4-8)
831,0.6131471927654584,0.5802792108518124,0.03286798191364593,6,Medium (4-8)
8312,1.0,0.5,0.5,4,Medium (4-8)
8314,0.0,0.0,0.0,8,Medium (4-8)
8316,0.0,0.0,0.0,5,Medium (4-8)
8317,1.0,1.0,0.0,5,Medium (4-8)
8318,0.9197207891481876,0.3065735963827292,0.6131471927654584,4,Medium (4-8)
8319,0.4864687556375333,0.346209643223856,0.14025911241367728,6,Medium (4-8)
832,0.617319681505689,0.6257049680303419,-0.008385286524652869,4,Medium (4-8)
8321,1.0,0.8318724637288826,0.16812753627111743,5,Medium (4-8)
8322,0.3333333333333333,0.0,0.3333333333333333,4,Medium (4-8)
8326,1.0,1.0,0.0,5,Medium (4-8)
8333,0.6131471927654584,0.8315546295836225,-0.2184074368181641,6,Medium (4-8)
8336,0.4367467095119258,0.2346393630113782,0.2021073465005476,4,Medium (4-8)
8338,1.0,0.5,0.5,7,Medium (4-8)
8340,1.0,0.3333333333333333,0.6666666666666667,8,Medium (4-8)
8345,0.6366824387328317,0.1951900249960508,0.44149241373678094,4,Medium (4-8)
8350,0.9197207891481876,0.8772153153380493,0.04250547381013825,4,Medium (4-8)
8355,0.0,0.2043823975884861,-0.2043823975884861,5,Medium (4-8)
8356,0.3065735963827292,0.0,0.3065735963827292,8,Medium (4-8)
8379,0.0,0.430676558073393,-0.430676558073393,6,Medium (4-8)
8383,0.2184074368181641,0.2043823975884861,0.014025039229678016,6,Medium (4-8)
8384,0.6509209298071326,0.8772153153380493,-0.22629438553091674,7,Medium (4-8)
8385,1.0,1.0,0.0,4,Medium (4-8)
8386,0.8772153153380493,0.3868528072345416,0.49036250810350773,4,Medium (4-8)
8389,0.8829374068620365,0.983303248698947,-0.10036584183691055,4,Medium (4-8)
8390,0.4716276524567204,0.2346393630113782,0.2369882894453422,5,Medium (4-8)
8396,1.0,1.0,0.0,5,Medium (4-8)
8397,1.0,0.5,0.5,5,Medium (4-8)
84,0.0,0.0,0.0,6,Medium (4-8)
840,1.0,1.0,0.0,17,Long (9+)
8401,1.0,0.6309297535714575,0.36907024642854247,4,Medium (4-8)
8414,0.5307212739772434,0.1671604549662022,0.36356081901104126,5,Medium (4-8)
8415,1.0,0.6309297535714575,0.36907024642854247,7,Medium (4-8)
8417,0.3868528072345416,0.0,0.3868528072345416,4,Medium (4-8)
8418,0.0,0.0,0.0,7,Medium (4-8)
842,0.9197207891481876,0.6131471927654584,0.3065735963827292,8,Medium (4-8)
8421,1.0,1.0,0.0,4,Medium (4-8)
8428,0.0,0.2184074368181641,-0.2184074368181641,10,Long (9+)
8432,0.6934264036172708,0.0,0.6934264036172708,5,Medium (4-8)
8440,1.0,0.0,1.0,4,Medium (4-8)
8443,0.6131471927654584,0.0,0.6131471927654584,4,Medium (4-8)
8464,1.0,0.6309297535714575,0.36907024642854247,7,Medium (4-8)
8469,1.0,1.0,0.0,5,Medium (4-8)
847,0.6131471927654584,0.1934264036172708,0.41972078914818756,4,Medium (4-8)
8473,0.6934264036172708,0.5249810332008933,0.16844537041637753,6,Medium (4-8)
8487,0.0,0.0,0.0,5,Medium (4-8)
849,0.6713860725233041,0.1564262420075854,0.5149598305157187,5,Medium (4-8)
8490,0.0,0.0,0.0,6,Medium (4-8)
8491,0.3868528072345416,0.0,0.3868528072345416,4,Medium (4-8)
8493,1.0,0.1772392867840477,0.8227607132159522,8,Medium (4-8)
8495,1.0,0.0,1.0,8,Medium (4-8)
850,0.3152014104491349,0.0,0.3152014104491349,6,Medium (4-8)
8503,1.0,1.0,0.0,4,Medium (4-8)
8508,1.0,0.0,1.0,4,Medium (4-8)
8512,0.982892081956688,0.6366824387328317,0.3462096432238563,6,Medium (4-8)
8520,0.6131471927654584,0.3065735963827292,0.3065735963827292,7,Medium (4-8)
8521,0.0,0.0,0.0,4,Medium (4-8)
8522,0.430676558073393,0.0,0.430676558073393,4,Medium (4-8)
8523,1.0,1.0,0.0,4,Medium (4-8)
8526,1.0,1.0,0.0,4,Medium (4-8)
8527,0.0,0.0,0.0,3,Short (1-3)
8528,0.8503449055347546,0.5012658353418871,0.34907907019286755,5,Medium (4-8)
853,0.3065735963827292,0.6131471927654584,-0.3065735963827292,7,Medium (4-8)
8531,0.0,0.0,0.0,3,Short (1-3)
8540,0.3868528072345416,0.6131471927654584,-0.2262943855309168,8,Medium (4-8)
8544,0.6309297535714575,0.0,0.6309297535714575,4,Medium (4-8)
8552,0.0,0.0,0.0,3,Short (1-3)
8559,0.9674679834891692,0.9674679834891692,0.0,8,Medium (4-8)
8564,0.8503449055347546,0.2184074368181641,0.6319374687165905,5,Medium (4-8)
8571,0.8772153153380493,0.448643819352159,0.4285714959858903,8,Medium (4-8)
8573,1.0,0.5,0.5,3,Short (1-3)
8574,0.6309297535714575,0.3154648767857287,0.3154648767857288,9,Long (9+)
8578,0.6934264036172708,0.448643819352159,0.2447825842651118,4,Medium (4-8)
8579,0.6309297535714575,1.0,-0.36907024642854247,6,Medium (4-8)
8586,1.0,1.0,0.0,4,Medium (4-8)
8588,1.0,0.6309297535714575,0.36907024642854247,4,Medium (4-8)
8590,0.9930783166417602,0.2917883373452057,0.7012899792965545,7,Medium (4-8)
8593,0.4852658227346317,0.0,0.4852658227346317,4,Medium (4-8)
8597,0.3562071871080222,0.3562071871080222,0.0,4,Medium (4-8)
8599,0.6257049680303419,0.1671604549662022,0.45854451306413974,4,Medium (4-8)
860,0.5706417189553201,0.0,0.5706417189553201,8,Medium (4-8)
8605,0.5,0.0,0.5,5,Medium (4-8)
8606,0.6309297535714575,0.2890648263178879,0.34186492725356965,3,Short (1-3)
8610,0.7653606369886217,1.0,-0.23463936301137833,4,Medium (4-8)
8613,0.5391065605018962,0.2960819109658652,0.24302464953603098,4,Medium (4-8)
8622,0.3978088012057569,0.0,0.3978088012057569,5,Medium (4-8)
8625,0.3010299956639812,0.3868528072345416,-0.08582281157056038,6,Medium (4-8)
8628,1.0,1.0,0.0,5,Medium (4-8)
864,0.4776237035032179,0.0,0.4776237035032179,10,Long (9+)
8642,0.3333333333333333,0.3154648767857287,0.017868456547604605,8,Medium (4-8)
8651,0.1815417925373526,0.0,0.1815417925373526,5,Medium (4-8)
8652,0.0,0.0,0.0,4,Medium (4-8)
8659,1.0,0.0,1.0,5,Medium (4-8)
866,1.0,1.0,0.0,6,Medium (4-8)
8660,1.0,0.3868528072345416,0.6131471927654584,7,Medium (4-8)
8661,1.0,1.0,0.0,4,Medium (4-8)
8664,0.9558295932317544,0.8756458727267334,0.08018372050502098,4,Medium (4-8)
8669,0.0,0.0,0.0,5,Medium (4-8)
867,1.0,1.0,0.0,4,Medium (4-8)
8673,1.0,0.3868528072345416,0.6131471927654584,4,Medium (4-8)
8679,0.3562071871080222,0.0,0.3562071871080222,5,Medium (4-8)
8680,0.6309297535714575,0.2890648263178879,0.34186492725356965,9,Long (9+)
8682,0.892210845475489,0.8325036712789009,0.05970717419658811,6,Medium (4-8)
8684,0.430676558073393,0.0,0.430676558073393,4,Medium (4-8)
870,0.4161811555487308,0.4161811555487308,0.0,4,Medium (4-8)
8705,1.0,0.3065735963827292,0.6934264036172708,5,Medium (4-8)
8709,1.0,0.6309297535714575,0.36907024642854247,3,Short (1-3)
8711,1.0,1.0,0.0,7,Medium (4-8)
8717,0.3235866969737877,0.0,0.3235866969737877,7,Medium (4-8)
8720,1.0,0.5714285040141098,0.42857149598589017,5,Medium (4-8)
8721,0.3333333333333333,0.5,-0.16666666666666669,6,Medium (4-8)
8730,0.8503449055347546,0.0,0.8503449055347546,5,Medium (4-8)
8731,1.0,1.0,0.0,4,Medium (4-8)
8739,1.0,0.5,0.5,4,Medium (4-8)
8746,1.0,0.3868528072345416,0.6131471927654584,5,Medium (4-8)
875,1.0,0.0,1.0,4,Medium (4-8)
8753,0.8503449055347546,0.9197207891481876,-0.06937588361343294,5,Medium (4-8)
8757,1.0,0.9267582364714126,0.07324176352858736,5,Medium (4-8)
8761,1.0,0.3010299956639812,0.6989700043360187,10,Long (9+)
8766,1.0,1.0,0.0,7,Medium (4-8)
8779,0.0,0.3333333333333333,-0.3333333333333333,3,Short (1-3)
878,1.0,1.0,0.0,5,Medium (4-8)
8781,0.9674679834891692,0.9674679834891692,0.0,4,Medium (4-8)
8797,1.0,0.3868528072345416,0.6131471927654584,7,Medium (4-8)
8799,1.0,0.6934264036172708,0.3065735963827292,6,Medium (4-8)
88,0.2184074368181641,0.0,0.2184074368181641,9,Long (9+)
8802,0.7495275800817669,0.787702056960637,-0.0381744768788701,5,Medium (4-8)
8806,0.3562071871080222,0.0,0.3562071871080222,8,Medium (4-8)
8809,0.0,0.0,0.0,6,Medium (4-8)
8820,0.8772153153380493,0.0,0.8772153153380493,5,Medium (4-8)
8825,0.7246262544989281,0.4144299250118475,0.31019632948708065,7,Medium (4-8)
8830,0.6309297535714575,0.3562071871080222,0.27472256646343535,6,Medium (4-8)
8833,0.6309297535714575,0.3333333333333333,0.2975964202381242,6,Medium (4-8)
8835,1.0,1.0,0.0,4,Medium (4-8)
8836,0.430676558073393,0.5,-0.069323441926607,6,Medium (4-8)
8840,0.6240505200038379,0.6131471927654584,0.010903327238379501,8,Medium (4-8)
8843,0.3562071871080222,0.0,0.3562071871080222,5,Medium (4-8)
8849,0.3868528072345416,0.0,0.3868528072345416,5,Medium (4-8)
8856,1.0,1.0,0.0,4,Medium (4-8)
8857,1.0,0.7864724919925569,0.21352750800744313,4,Medium (4-8)
8864,1.0,1.0,0.0,6,Medium (4-8)
8870,1.0,0.430676558073393,0.569323441926607,5,Medium (4-8)
8873,1.0,0.5,0.5,4,Medium (4-8)
8888,1.0,1.0,0.0,5,Medium (4-8)
889,0.6131471927654584,0.6131471927654584,0.0,8,Medium (4-8)
8895,0.6309297535714575,0.0,0.6309297535714575,5,Medium (4-8)
8896,0.2809726776200527,0.123151194370365,0.1578214832496877,4,Medium (4-8)
890,0.3010299956639812,0.0,0.3010299956639812,4,Medium (4-8)
8903,0.3154648767857287,0.0,0.3154648767857287,10,Long (9+)
8904,0.5392968862278849,0.6024169559021868,-0.06312006967430195,7,Medium (4-8)
8913,0.6309297535714575,0.0,0.6309297535714575,6,Medium (4-8)
8918,1.0,1.0,0.0,5,Medium (4-8)
8922,0.430676558073393,0.0,0.430676558073393,9,Long (9+)
8923,0.430676558073393,0.3333333333333333,0.09734322474005969,4,Medium (4-8)
8924,0.9197207891481876,0.9197207891481876,0.0,5,Medium (4-8)
8929,0.8048099750039491,0.2691828628414762,0.5356271121624729,6,Medium (4-8)
8937,0.8529278650606567,0.4692787260227564,0.38364913903790027,4,Medium (4-8)
8942,0.3868528072345416,0.0,0.3868528072345416,8,Medium (4-8)
8943,0.7227265726449519,0.5087403079104241,0.21398626473452775,4,Medium (4-8)
8947,0.6131471927654584,0.6131471927654584,0.0,6,Medium (4-8)
8950,0.8503449055347546,0.1845756967795681,0.6657692087551865,13,Long (9+)
8954,0.0,0.0,0.0,3,Short (1-3)
8957,0.8065735963827293,0.3868528072345416,0.4197207891481877,6,Medium (4-8)
8960,0.6548086577531307,0.2338647044573662,0.4209439532957645,4,Medium (4-8)
8963,1.0,1.0,0.0,12,Long (9+)
8968,0.9674679834891692,0.2346393630113782,0.732828620477791,6,Medium (4-8)
897,0.1845756967795681,0.0,0.1845756967795681,8,Medium (4-8)
8971,1.0,1.0,0.0,3,Short (1-3)
8984,0.9197207891481876,0.7977228895450266,0.12199789960316099,6,Medium (4-8)
8986,1.0,1.0,0.0,5,Medium (4-8)
8997,1.0,0.7977228895450266,0.20227711045497343,6,Medium (4-8)
8999,1.0,1.0,0.0,7,Medium (4-8)
9002,0.430676558073393,0.0,0.430676558073393,4,Medium (4-8)
9004,1.0,1.0,0.0,12,Long (9+)
9009,1.0,0.3868528072345416,0.6131471927654584,4,Medium (4-8)
9011,0.3065735963827292,0.0,0.3065735963827292,4,Medium (4-8)
9013,0.0,0.0,0.0,7,Medium (4-8)
9021,0.7653606369886217,0.8278123145308894,-0.06245167754226777,7,Medium (4-8)
9022,0.3562071871080222,0.0,0.3562071871080222,5,Medium (4-8)
9027,1.0,0.3868528072345416,0.6131471927654584,7,Medium (4-8)
9033,1.0,0.0,1.0,5,Medium (4-8)
9035,0.9197207891481876,0.6131471927654584,0.3065735963827292,6,Medium (4-8)
9036,0.9674679834891692,0.5498407734605131,0.4176272100286561,5,Medium (4-8)
904,0.0,0.0,0.0,3,Short (1-3)
9055,1.0,1.0,0.0,5,Medium (4-8)
9056,0.932521091954824,0.6508205185601091,0.2817005733947149,5,Medium (4-8)
9063,0.9197207891481876,0.8065735963827293,0.11314719276545826,3,Short (1-3)
9068,0.3868528072345416,0.0,0.3868528072345416,4,Medium (4-8)
9070,1.0,1.0,0.0,3,Short (1-3)
9073,1.0,0.0,1.0,7,Medium (4-8)
9080,1.0,1.0,0.0,5,Medium (4-8)
9081,0.3868528072345416,0.0,0.3868528072345416,4,Medium (4-8)
9092,0.6309297535714575,1.0,-0.36907024642854247,10,Long (9+)
9096,1.0,0.6052602440527057,0.39473975594729427,3,Short (1-3)
9098,1.0,0.6309297535714575,0.36907024642854247,9,Long (9+)
9109,0.6309297535714575,1.0,-0.36907024642854247,11,Long (9+)
911,1.0,1.0,0.0,4,Medium (4-8)
9113,0.9674679834891692,0.4017998179775804,0.5656681655115887,6,Medium (4-8)
9116,0.0,0.3010299956639812,-0.3010299956639812,6,Medium (4-8)
912,0.8772153153380493,0.8065735963827293,0.07064171895532001,5,Medium (4-8)
9120,1.0,1.0,0.0,4,Medium (4-8)
9121,1.0,0.6131471927654584,0.38685280723454163,4,Medium (4-8)
9124,0.6131471927654584,1.0,-0.38685280723454163,5,Medium (4-8)
9129,0.6131471927654584,0.6131471927654584,0.0,4,Medium (4-8)
9130,1.0,1.0,0.0,5,Medium (4-8)
9133,1.0,0.5,0.5,9,Long (9+)
9136,0.3551588773328819,0.360054614577234,-0.004895737244352105,5,Medium (4-8)
9138,1.0,1.0,0.0,5,Medium (4-8)
9142,1.0,1.0,0.0,4,Medium (4-8)
9145,0.3868528072345416,0.0,0.3868528072345416,5,Medium (4-8)
9154,0.6309297535714575,0.3154648767857287,0.3154648767857288,4,Medium (4-8)
9155,0.430676558073393,0.3154648767857287,0.11521168128766429,5,Medium (4-8)
9156,1.0,0.5109559939712153,0.48904400602878473,7,Medium (4-8)
9160,1.0,1.0,0.0,4,Medium (4-8)
9161,1.0,0.9197207891481876,0.08027921085181244,12,Long (9+)
9171,0.9197207891481876,0.5437713091520254,0.37594947999616213,8,Medium (4-8)
9186,1.0,1.0,0.0,4,Medium (4-8)
9194,0.6131471927654584,0.2371977127692962,0.3759494799961622,4,Medium (4-8)
9198,0.5437713091520254,0.0,0.5437713091520254,5,Medium (4-8)
9206,0.9447176050778178,0.9047172294870752,0.04000037559074254,6,Medium (4-8)
9210,1.0,1.0,0.0,5,Medium (4-8)
9218,1.0,0.5307212739772434,0.46927872602275655,4,Medium (4-8)
9233,0.6309297535714575,0.6309297535714575,0.0,5,Medium (4-8)
9237,0.6309297535714575,0.0,0.6309297535714575,4,Medium (4-8)
9240,1.0,0.0,1.0,4,Medium (4-8)
926,1.0,1.0,0.0,6,Medium (4-8)
9272,0.6309297535714575,0.6309297535714575,0.0,6,Medium (4-8)
928,0.0,0.0,0.0,3,Short (1-3)
9287,0.6309297535714575,0.5,0.13092975357145753,5,Medium (4-8)
9289,0.3253167083267513,0.1390561795107756,0.1862605288159757,10,Long (9+)
929,1.0,1.0,0.0,4,Medium (4-8)
9290,1.0,1.0,0.0,6,Medium (4-8)
9292,1.0,1.0,0.0,5,Medium (4-8)
9295,0.8315546295836225,1.0,-0.16844537041637753,6,Medium (4-8)
9296,1.0,1.0,0.0,4,Medium (4-8)
9298,1.0,0.0,1.0,9,Long (9+)
9300,0.0,0.0,0.0,6,Medium (4-8)
9302,0.6131471927654584,0.6131471927654584,0.0,7,Medium (4-8)
9303,0.6797310500037655,0.3836491390379002,0.29608191096586534,4,Medium (4-8)
9308,0.0,0.3154648767857287,-0.3154648767857287,5,Medium (4-8)
9320,1.0,1.0,0.0,6,Medium (4-8)
9326,0.1077891545245109,0.0,0.1077891545245109,3,Short (1-3)
9334,1.0,0.6309297535714575,0.36907024642854247,8,Medium (4-8)
9338,1.0,0.430676558073393,0.569323441926607,3,Short (1-3)
9340,0.7328286204777911,0.519301112470348,0.21352750800744302,6,Medium (4-8)
9349,0.6131471927654584,0.6131471927654584,0.0,8,Medium (4-8)
935,1.0,1.0,0.0,4,Medium (4-8)
9354,0.2960819109658652,0.3379680345449381,-0.0418861235790729,8,Medium (4-8)
9367,1.0,0.9197207891481876,0.08027921085181244,6,Medium (4-8)
9370,1.0,1.0,0.0,4,Medium (4-8)
9380,0.5,0.430676558073393,0.069323441926607,6,Medium (4-8)
9385,0.0,0.0,0.0,9,Long (9+)
9388,0.1934264036172708,0.0,0.1934264036172708,3,Short (1-3)
9393,1.0,0.0,1.0,15,Long (9+)
9395,0.8065735963827293,0.8503449055347546,-0.04377130915202532,6,Medium (4-8)
940,1.0,0.0,1.0,4,Medium (4-8)
9406,1.0,0.0,1.0,4,Medium (4-8)
9407,1.0,0.0,1.0,4,Medium (4-8)
9412,0.6131471927654584,0.6131471927654584,0.0,4,Medium (4-8)
9415,1.0,0.5,0.5,4,Medium (4-8)
9418,1.0,1.0,0.0,6,Medium (4-8)
9424,0.6309297535714575,0.0,0.6309297535714575,7,Medium (4-8)
9427,0.0,0.2890648263178879,-0.2890648263178879,6,Medium (4-8)
943,1.0,0.6309297535714575,0.36907024642854247,7,Medium (4-8)
9432,1.0,0.0,1.0,3,Short (1-3)
9443,0.9060254355346824,0.6105456988825855,0.2954797366520969,4,Medium (4-8)
9451,0.3333333333333333,0.3868528072345416,-0.05351947390120826,3,Short (1-3)
9455,1.0,0.9197207891481876,0.08027921085181244,7,Medium (4-8)
9457,0.9060254355346824,0.0,0.9060254355346824,4,Medium (4-8)
9458,0.9197207891481876,0.8065735963827293,0.11314719276545826,4,Medium (4-8)
9462,1.0,1.0,0.0,9,Long (9+)
9472,1.0,1.0,0.0,5,Medium (4-8)
9476,0.3154648767857287,0.5,-0.1845351232142713,5,Medium (4-8)
9483,0.0,0.0,0.0,5,Medium (4-8)
9491,0.6992148198508501,0.6067795937417813,0.09243522610906885,9,Long (9+)
9492,0.3065735963827292,0.1845756967795681,0.1219978996031611,7,Medium (4-8)
9496,1.0,0.430676558073393,0.569323441926607,6,Medium (4-8)
9497,1.0,0.6364391809889587,0.3635608190110413,8,Medium (4-8)
9498,0.2346393630113782,0.0,0.2346393630113782,4,Medium (4-8)
9505,1.0,0.3065735963827292,0.6934264036172708,5,Medium (4-8)
9506,1.0,1.0,0.0,10,Long (9+)
9510,0.6309297535714575,0.5,0.13092975357145753,7,Medium (4-8)
9513,0.7461976723150332,0.9060254355346824,-0.1598277632196492,7,Medium (4-8)
9517,0.6309297535714575,0.5,0.13092975357145753,7,Medium (4-8)
9528,1.0,1.0,0.0,7,Medium (4-8)
953,0.3868528072345416,0.0,0.3868528072345416,6,Medium (4-8)
9533,0.3154648767857287,1.0,-0.6845351232142713,7,Medium (4-8)
9540,1.0,0.6309297535714575,0.36907024642854247,6,Medium (4-8)
9543,0.0,0.0,0.0,3,Short (1-3)
9549,1.0,0.6309297535714575,0.36907024642854247,4,Medium (4-8)
9551,0.5,1.0,-0.5,5,Medium (4-8)
9554,1.0,0.7977228895450266,0.20227711045497343,6,Medium (4-8)
9556,0.6131471927654584,0.8772153153380493,-0.26406812257259094,5,Medium (4-8)
9564,0.5,0.0,0.5,8,Medium (4-8)
9565,0.3903800499921017,0.24630238874073,0.1440776612513717,6,Medium (4-8)
9570,0.8503449055347546,0.3868528072345416,0.46349209830021304,7,Medium (4-8)
9574,0.4632423659320675,0.0,0.4632423659320675,7,Medium (4-8)
958,0.6934264036172708,0.0,0.6934264036172708,5,Medium (4-8)
9596,0.9674679834891692,0.9010126104210696,0.06645537306809957,10,Long (9+)
9597,0.1845756967795681,0.2184074368181641,-0.033831740038596014,4,Medium (4-8)
9599,1.0,0.8318724637288826,0.16812753627111743,7,Medium (4-8)
960,0.4776237035032179,0.3171937659698004,0.1604299375334175,4,Medium (4-8)
9603,0.8987025955356565,0.586202141404402,0.3125004541312545,8,Medium (4-8)
9606,0.6238470455881188,0.4034698846650846,0.22037716092303417,5,Medium (4-8)
9611,1.0,0.6309297535714575,0.36907024642854247,11,Long (9+)
9616,0.6309297535714575,0.0,0.6309297535714575,5,Medium (4-8)
9617,1.0,0.5,0.5,5,Medium (4-8)
9623,0.0,0.0,0.0,5,Medium (4-8)
9624,0.3333333333333333,0.5,-0.16666666666666669,5,Medium (4-8)
9625,0.6309297535714575,1.0,-0.36907024642854247,4,Medium (4-8)
9634,0.0,0.0,0.0,6,Medium (4-8)
9639,1.0,1.0,0.0,9,Long (9+)
9648,0.8065735963827293,0.7903864795495061,0.01618711683322316,5,Medium (4-8)
9650,1.0,1.0,0.0,9,Long (9+)
9655,1.0,0.0,1.0,5,Medium (4-8)
9656,0.6509209298071326,0.1934264036172708,0.45749452618986175,7,Medium (4-8)
9660,1.0,1.0,0.0,4,Medium (4-8)
9661,0.8772153153380493,1.0,-0.1227846846619507,5,Medium (4-8)
9662,1.0,0.9197207891481876,0.08027921085181244,6,Medium (4-8)
9663,0.8315546295836225,0.3065735963827292,0.5249810332008933,4,Medium (4-8)
9669,0.0,0.3562071871080222,-0.3562071871080222,5,Medium (4-8)
9672,0.430676558073393,0.430676558073393,0.0,8,Medium (4-8)
9686,1.0,1.0,0.0,7,Medium (4-8)
9694,0.5,1.0,-0.5,7,Medium (4-8)
9695,1.0,0.6309297535714575,0.36907024642854247,9,Long (9+)
97,1.0,1.0,0.0,5,Medium (4-8)
970,1.0,0.5,0.5,4,Medium (4-8)
9705,0.430676558073393,0.0,0.430676558073393,5,Medium (4-8)
971,1.0,1.0,0.0,6,Medium (4-8)
9711,1.0,0.4692787260227564,0.5307212739772436,4,Medium (4-8)
9714,0.6309297535714575,0.6309297535714575,0.0,6,Medium (4-8)
9729,1.0,1.0,0.0,6,Medium (4-8)
973,1.0,0.0,1.0,6,Medium (4-8)
9732,1.0,1.0,0.0,5,Medium (4-8)
9735,1.0,1.0,0.0,4,Medium (4-8)
9740,0.3010299956639812,0.0,0.3010299956639812,7,Medium (4-8)
9745,0.0,0.3562071871080222,-0.3562071871080222,9,Long (9+)
9752,0.430676558073393,0.0,0.430676558073393,5,Medium (4-8)
976,1.0,0.430676558073393,0.569323441926607,7,Medium (4-8)
9769,1.0,0.2640681225725909,0.7359318774274091,5,Medium (4-8)
9772,1.0,0.0,1.0,5,Medium (4-8)
9781,0.0,0.0,0.0,4,Medium (4-8)
9789,0.8772153153380493,1.0,-0.1227846846619507,6,Medium (4-8)
979,1.0,0.0,1.0,6,Medium (4-8)
9796,0.0,0.0,0.0,7,Medium (4-8)
9797,1.0,0.3868528072345416,0.6131471927654584,5,Medium (4-8)
9798,0.8899603164338973,0.2519013208597108,0.6380589955741864,7,Medium (4-8)
98,0.0,0.0,0.0,4,Medium (4-8)
9802,0.430676558073393,1.0,-0.569323441926607,11,Long (9+)
981,1.0,0.6309297535714575,0.36907024642854247,6,Medium (4-8)
9818,1.0,0.6934264036172708,0.3065735963827292,8,Medium (4-8)
9829,1.0,0.8175295903539445,0.18247040964605554,6,Medium (4-8)
9843,0.6934264036172708,0.0,0.6934264036172708,7,Medium (4-8)
9852,0.3183412193664158,0.0,0.3183412193664158,5,Medium (4-8)
9853,0.0,0.0,0.0,9,Long (9+)
9857,0.4637257479802832,0.3253167083267513,0.1384090396535319,8,Medium (4-8)
9866,1.0,0.9197207891481876,0.08027921085181244,9,Long (9+)
987,0.2346393630113782,0.0,0.2346393630113782,4,Medium (4-8)
9870,0.430676558073393,0.0,0.430676558073393,8,Medium (4-8)
9874,1.0,0.3868528072345416,0.6131471927654584,5,Medium (4-8)
9879,0.6934264036172708,0.2184074368181641,0.4750189667991067,6,Medium (4-8)
9885,1.0,1.0,0.0,5,Medium (4-8)
9890,0.9427731067700876,0.7864489426433972,0.15632416412669048,7,Medium (4-8)
9891,0.1772392867840477,0.6131471927654584,-0.43590790598141066,7,Medium (4-8)
9892,0.0,0.3868528072345416,-0.3868528072345416,5,Medium (4-8)
9899,1.0,0.6131471927654584,0.38685280723454163,6,Medium (4-8)
9901,1.0,1.0,0.0,5,Medium (4-8)
9903,0.0,0.0,0.0,6,Medium (4-8)
9905,0.2184074368181641,0.0,0.2184074368181641,4,Medium (4-8)
9906,1.0,1.0,0.0,4,Medium (4-8)
9919,0.7653606369886217,0.6005491084563833,0.16481152853223835,4,Medium (4-8)
9926,1.0,0.6131471927654584,0.38685280723454163,5,Medium (4-8)
9932,0.3868528072345416,0.2371977127692962,0.1496550944652454,8,Medium (4-8)
9945,1.0,1.0,0.0,4,Medium (4-8)
9950,0.6131471927654584,0.6131471927654584,0.0,5,Medium (4-8)
9952,1.0,0.5,0.5,4,Medium (4-8)
9960,1.0,1.0,0.0,6,Medium (4-8)
9965,1.0,0.9197207891481876,0.08027921085181244,6,Medium (4-8)
9966,0.2640681225725909,0.0,0.2640681225725909,4,Medium (4-8)
9970,0.8503449055347546,0.1845756967795681,0.6657692087551865,5,Medium (4-8)
9972,0.9197207891481876,0.2371977127692962,0.6825230763788914,5,Medium (4-8)
9977,0.0,0.0,0.0,4,Medium (4-8)
9978,0.3342462045068264,0.0,0.3342462045068264,4,Medium (4-8)
9979,0.6934264036172708,0.0,0.6934264036172708,8,Medium (4-8)
9982,1.0,1.0,0.0,12,Long (9+)
9987,1.0,1.0,0.0,6,Medium (4-8)
9997,0.6131471927654584,0.6131471927654584,0.0,5,Medium (4-8)
