qid,ndcg10,recall10,recall100,mrr,num_relevant
0,0.0,0.0,0.5,0.022727272727272728,2
10000,0.0,0.0,0.0,0.0,1
10003,0.0,0.0,0.3333333333333333,0.021739130434782608,3
10011,0.9049278636531481,1.0,1.0,1.0,6
10027,1.0,1.0,1.0,1.0,1
10031,0.0,0.0,0.75,0.08333333333333333,4
10034,0.0,0.0,1.0,0.016129032258064516,1
10038,0.0,0.0,1.0,0.07142857142857142,1
10039,0.6309297535714575,1.0,1.0,0.5,1
10040,0.20210734650054757,0.3333333333333333,0.3333333333333333,0.25,3
10042,0.8175295903539445,1.0,1.0,1.0,2
10057,1.0,1.0,1.0,1.0,1
10061,1.0,1.0,1.0,1.0,1
1007,0.15642624200758548,0.3333333333333333,1.0,0.14285714285714285,3
10070,0.0,0.0,1.0,0.09090909090909091,1
10074,0.0,0.0,1.0,0.022727272727272728,2
10075,1.0,1.0,1.0,1.0,1
10079,1.0,1.0,1.0,1.0,1
10081,0.0,0.0,0.0,0.0,1
10087,0.3562071871080222,1.0,1.0,0.16666666666666666,1
10088,0.0,0.0,0.25,0.018518518518518517,4
10090,0.8710785440003369,1.0,1.0,1.0,3
10103,0.43067655807339306,1.0,1.0,0.25,1
10104,1.0,1.0,1.0,1.0,1
10114,0.0,0.0,1.0,0.07692307692307693,2
10116,0.7039180890341347,0.6666666666666666,1.0,1.0,3
10121,0.0,0.0,1.0,0.045454545454545456,1
10142,0.5,1.0,1.0,0.3333333333333333,1
10145,0.21840743681816419,0.5,1.0,0.16666666666666666,2
10148,0.0,0.0,1.0,0.014285714285714285,1
10150,0.18457569677956817,0.5,1.0,0.1111111111111111,2
10155,1.0,1.0,1.0,1.0,1
10162,0.6663732474096913,1.0,1.0,0.5,3
10165,0.0,0.0,1.0,0.037037037037037035,1
10169,0.6309297535714575,1.0,1.0,0.5,1
10171,0.7653606369886217,0.6666666666666666,0.6666666666666666,1.0,3
10172,0.0,0.0,0.0,0.0,1
10174,0.0,0.0,1.0,0.05263157894736842,2
10175,0.6131471927654584,0.5,1.0,1.0,2
10185,1.0,1.0,1.0,1.0,1
10194,0.24630238874073,0.25,0.5,0.5,4
10198,0.7328286204777911,1.0,1.0,0.5,3
10203,0.0,0.0,1.0,0.029411764705882353,1
10205,0.3065735963827292,0.5,1.0,0.3333333333333333,2
10209,0.17723928678404774,0.5,1.0,0.1,2
10212,0.0,0.0,1.0,0.018867924528301886,1
10217,0.0,0.0,1.0,0.08333333333333333,1
1023,0.3065735963827292,0.5,1.0,0.3333333333333333,2
10230,0.43067655807339306,1.0,1.0,0.25,1
10237,0.19342640361727081,0.5,0.5,0.125,2
10242,0.6131471927654584,0.5,0.5,1.0,2
10247,0.5274486902992358,0.75,1.0,0.5,4
10250,0.3065735963827292,0.5,1.0,0.3333333333333333,2
10251,0.2640681225725909,0.5,0.5,0.25,2
10253,1.0,1.0,1.0,1.0,1
10254,0.0,0.0,0.8,0.09090909090909091,5
10257,0.38685280723454163,1.0,1.0,0.2,1
10259,1.0,1.0,1.0,1.0,1
10271,0.6309297535714575,1.0,1.0,0.5,1
10272,0.9197207891481876,1.0,1.0,1.0,2
10276,0.9134015924715543,1.0,1.0,1.0,3
10286,0.0,0.0,0.0,0.0,1
10287,0.43067655807339306,1.0,1.0,0.25,1
10291,0.4632423659320675,0.6666666666666666,1.0,0.5,3
10294,1.0,1.0,1.0,1.0,1
10297,1.0,1.0,1.0,1.0,1
1030,0.3903800499921017,0.25,0.75,1.0,4
10301,0.5531464700081437,0.4,1.0,1.0,5
10306,1.0,1.0,1.0,1.0,1
1031,0.0,0.0,0.0,0.0,2
10314,1.0,1.0,1.0,1.0,1
10320,0.0,0.0,0.0,0.0,1
10330,0.0,0.0,1.0,0.01694915254237288,1
10331,0.6240505200038379,1.0,1.0,0.5,2
10332,1.0,1.0,1.0,1.0,1
10333,0.3333333333333333,1.0,1.0,0.14285714285714285,1
10334,1.0,1.0,1.0,1.0,2
10335,0.6099667568096199,0.6666666666666666,1.0,1.0,9
10340,0.6978817289434457,1.0,1.0,0.5,3
10342,0.38685280723454163,0.5,0.5,0.5,2
1035,1.0,1.0,1.0,1.0,1
10361,0.43067655807339306,1.0,1.0,0.25,1
10366,0.6713860725233041,0.6666666666666666,1.0,1.0,3
10368,0.6309297535714575,1.0,1.0,0.5,1
10378,0.5,1.0,1.0,0.3333333333333333,1
10380,0.0,0.0,1.0,0.07692307692307693,2
10382,1.0,1.0,1.0,1.0,1
10385,0.8503449055347546,1.0,1.0,1.0,2
10398,0.0,0.0,1.0,0.030303030303030304,1
104,0.0,0.0,1.0,0.015873015873015872,1
10401,1.0,1.0,1.0,1.0,1
10403,0.0,0.0,0.0,0.0,1
10415,0.7653606369886217,0.6666666666666666,0.6666666666666666,1.0,3
10416,0.7977228895450266,1.0,1.0,1.0,2
10418,1.0,1.0,1.0,1.0,3
10427,1.0,1.0,1.0,1.0,1
10438,0.3010299956639812,1.0,1.0,0.1111111111111111,1
1044,1.0,1.0,1.0,1.0,2
10444,0.20210734650054757,0.3333333333333333,0.3333333333333333,0.25,3
10449,0.123151194370365,0.25,1.0,0.125,4
10451,0.0,0.0,0.3333333333333333,0.01818181818181818,3
10456,0.8385465274895063,1.0,1.0,1.0,3
10459,0.0,0.0,0.0,0.0,2
10476,0.31546487678572877,1.0,1.0,0.125,1
1048,0.0,0.0,0.0,0.0,1
10486,0.0,0.0,0.0,0.0,1
1049,0.0,0.0,1.0,0.030303030303030304,1
10490,0.38685280723454163,0.5,1.0,0.5,2
10506,0.26836379988737025,0.3333333333333333,1.0,0.3333333333333333,6
1051,0.5,1.0,1.0,0.3333333333333333,1
10514,0.0,0.0,0.3333333333333333,0.015873015873015872,3
10515,1.0,1.0,1.0,1.0,1
10516,1.0,1.0,1.0,1.0,3
10526,0.0,0.0,1.0,0.02702702702702703,1
10527,1.0,1.0,1.0,1.0,1
10529,0.49820370960044086,0.75,1.0,0.5,4
10543,1.0,1.0,1.0,1.0,1
10552,0.8315546295836225,1.0,1.0,1.0,2
10553,0.7036997876179215,1.0,1.0,0.5,4
10563,0.8315546295836225,1.0,1.0,1.0,2
10573,0.0,0.0,0.6666666666666666,0.029411764705882353,3
10574,1.0,1.0,1.0,1.0,1
10576,0.6509209298071326,1.0,1.0,0.5,2
10582,0.5790560467042355,0.8,1.0,0.5,5
10590,0.30260241349881345,0.16666666666666666,0.6666666666666666,1.0,6
10595,0.6131471927654584,0.5,0.5,1.0,2
10596,1.0,1.0,1.0,1.0,1
1060,0.38685280723454163,1.0,1.0,0.2,1
10601,0.0,0.0,1.0,0.08333333333333333,3
10606,0.9197207891481876,1.0,1.0,1.0,2
10609,0.43067655807339306,1.0,1.0,0.25,1
10616,0.6131471927654584,0.5,1.0,1.0,2
10618,0.0,0.0,1.0,0.03333333333333333,1
1062,0.0,0.0,0.5,0.01639344262295082,2
10624,0.6131471927654584,0.5,1.0,1.0,2
1064,0.6131471927654584,0.5,1.0,1.0,2
10641,0.18457569677956817,0.5,1.0,0.1111111111111111,2
10651,0.8175295903539445,1.0,1.0,1.0,2
10653,0.6131471927654584,0.5,0.5,1.0,2
10664,0.0,0.0,0.8,0.08333333333333333,5
10665,0.6309297535714575,1.0,1.0,0.5,1
10681,1.0,1.0,1.0,1.0,2
10683,0.6309297535714575,1.0,1.0,0.5,1
10685,1.0,1.0,1.0,1.0,2
10692,0.0,0.0,0.2857142857142857,0.01818181818181818,7
10698,0.0,0.0,0.0,0.0,3
107,0.1480409554829326,0.3333333333333333,0.6666666666666666,0.125,3
1070,0.6309297535714575,1.0,1.0,0.5,1
10710,0.5307212739772434,0.6666666666666666,1.0,0.5,3
10717,0.6620586166096418,0.6666666666666666,1.0,1.0,6
10722,1.0,1.0,1.0,1.0,1
10728,0.23719771276929622,0.5,1.0,0.2,2
10732,1.0,1.0,1.0,1.0,1
10738,0.369453583111095,0.5,1.0,0.5,4
10739,1.0,1.0,1.0,1.0,1
10743,0.0,0.0,0.6666666666666666,0.030303030303030304,3
10746,0.6131471927654584,0.5,1.0,1.0,2
1075,0.0,0.0,0.0,0.0,1
10754,0.6366824387328317,0.5,0.5,1.0,4
10760,0.812653045383133,1.0,1.0,1.0,3
10761,1.0,1.0,1.0,1.0,1
10764,0.43067655807339306,1.0,1.0,0.25,1
10766,0.18457569677956817,0.5,1.0,0.1111111111111111,2
10768,0.3084274278260313,0.6666666666666666,1.0,0.16666666666666666,3
10772,1.0,1.0,1.0,1.0,2
10774,0.0,0.0,1.0,0.058823529411764705,1
1078,0.0,0.0,0.0,0.0,1
10785,0.5249810332008933,1.0,1.0,0.3333333333333333,2
10786,0.0,0.0,1.0,0.09090909090909091,4
10791,0.15101961822780524,0.25,0.25,0.2,4
108,0.0,0.0,0.0,0.0,1
10806,1.0,1.0,1.0,1.0,2
10811,1.0,1.0,1.0,1.0,1
10823,0.8503449055347546,1.0,1.0,1.0,2
10825,0.0,0.0,0.0,0.0,2
10846,0.0,0.0,0.0,0.0,1
10849,0.617319681505689,0.6666666666666666,0.6666666666666666,1.0,3
10862,0.19342640361727081,0.5,1.0,0.125,2
10868,0.0,0.0,0.0,0.0,1
10870,0.13565197343244778,0.3333333333333333,1.0,0.1,3
10878,0.3010299956639812,1.0,1.0,0.1111111111111111,1
10892,0.0,0.0,0.5,0.06666666666666667,2
10897,0.23719771276929622,0.5,1.0,0.2,2
10899,1.0,1.0,1.0,1.0,1
1090,0.6131471927654584,0.5,1.0,1.0,2
10912,0.0,0.0,0.0,0.0,1
10913,1.0,1.0,1.0,1.0,3
10922,1.0,1.0,1.0,1.0,1
10927,0.0,0.0,1.0,0.05263157894736842,2
10930,1.0,1.0,1.0,1.0,4
10936,0.38685280723454163,0.5,1.0,0.5,2
10945,0.0,0.0,0.5,0.013513513513513514,2
10947,1.0,1.0,1.0,1.0,2
1096,0.3853585682515056,0.5,1.0,0.5,4
10966,1.0,1.0,1.0,1.0,2
10977,0.0,0.0,1.0,0.011494252873563218,1
10979,0.8200261225503443,0.8,1.0,1.0,5
110,0.0,0.0,1.0,0.04,2
11004,0.43067655807339306,1.0,1.0,0.25,1
11008,0.0,0.0,0.5,0.01282051282051282,2
11013,1.0,1.0,1.0,1.0,1
1102,0.24630238874073,0.25,0.75,0.5,4
11025,0.0,0.0,1.0,0.02857142857142857,1
11028,1.0,1.0,1.0,1.0,1
11032,0.9325210919548239,1.0,1.0,1.0,3
11033,0.0,0.0,1.0,0.07692307692307693,2
11036,0.0,0.0,1.0,0.014285714285714285,1
11041,0.38685280723454163,1.0,1.0,0.2,1
11044,0.9176551163528843,1.0,1.0,1.0,4
11055,0.3391602052736161,0.2,0.6,1.0,5
1106,0.3333333333333333,1.0,1.0,0.14285714285714285,1
11069,0.0,0.0,1.0,0.03571428571428571,1
11075,1.0,1.0,1.0,1.0,1
11081,0.9469024295259745,1.0,1.0,1.0,3
11082,0.0,0.0,1.0,0.08333333333333333,1
11084,1.0,1.0,1.0,1.0,1
11093,0.29007579773858083,0.5,1.0,0.2,4
11095,0.0,0.0,1.0,0.09090909090909091,1
11108,0.5392968862278849,0.6,1.0,1.0,5
11115,1.0,1.0,1.0,1.0,1
11116,1.0,1.0,1.0,1.0,1
11117,0.4671671770926196,0.8,1.0,0.2,5
11119,0.13905617951077562,0.25,1.0,0.16666666666666666,4
11121,0.21840743681816419,0.5,1.0,0.16666666666666666,2
11129,0.2960819109658652,0.3333333333333333,1.0,0.5,3
1113,0.3010299956639812,1.0,1.0,0.1111111111111111,1
11140,0.6309297535714575,1.0,1.0,0.5,1
11146,0.644824486427155,0.5,1.0,1.0,6
11151,0.0,0.0,0.75,0.02702702702702703,4
11154,0.3562071871080222,1.0,1.0,0.16666666666666666,1
11161,0.0,0.0,0.0,0.0,2
11164,0.5,1.0,1.0,0.3333333333333333,1
11166,0.0,0.0,0.0,0.0,1
11171,0.0,0.0,0.5,0.05263157894736842,2
11179,0.6571532078621984,0.6666666666666666,1.0,1.0,6
11183,0.664550862590272,0.75,1.0,1.0,4
11188,1.0,1.0,1.0,1.0,2
11193,0.0,0.0,0.0,0.0,1
11198,0.2640681225725909,0.5,0.5,0.25,2
112,0.0,0.0,0.0,0.0,1
11200,0.3044671974905181,0.6666666666666666,1.0,0.14285714285714285,3
11204,0.6131471927654584,0.5,0.5,1.0,2
11208,0.0,0.0,0.3333333333333333,0.010752688172043012,3
11210,0.0,0.0,0.0,0.0,2
11213,1.0,1.0,1.0,1.0,1
11220,0.0,0.0,0.0,0.0,2
11226,0.6309297535714575,1.0,1.0,0.5,1
11229,1.0,1.0,1.0,1.0,3
11230,0.6309297535714575,1.0,1.0,0.5,1
11235,0.6309297535714575,1.0,1.0,0.5,1
11237,0.20210734650054757,0.3333333333333333,0.6666666666666666,0.25,3
11239,0.0,0.0,1.0,0.07142857142857142,3
1124,0.0,0.0,0.5,0.0136986301369863,2
11246,0.0,0.0,1.0,0.02040816326530612,1
11247,0.5087403079104241,0.4,1.0,1.0,5
11251,0.601312434202259,0.5,1.0,1.0,6
11257,0.0,0.0,1.0,0.012987012987012988,1
11266,1.0,1.0,1.0,1.0,2
11273,0.42177340954886444,1.0,1.0,0.2,2
11277,0.6131471927654584,0.5,1.0,1.0,2
1128,1.0,1.0,1.0,1.0,1
11282,0.5,1.0,1.0,0.3333333333333333,1
11289,0.0,0.0,1.0,0.034482758620689655,2
11290,0.0,0.0,0.5,0.09090909090909091,2
1130,0.0,0.0,0.0,0.0,4
11305,0.0,0.0,1.0,0.016129032258064516,1
11306,0.0,0.0,0.25,0.041666666666666664,4
11318,0.0,0.0,0.0,0.0,1
11319,0.0,0.0,0.75,0.07692307692307693,4
1133,1.0,1.0,1.0,1.0,1
11335,0.6309297535714575,1.0,1.0,0.5,1
11353,0.0,0.0,0.0,0.0,1
11358,0.9197207891481876,1.0,1.0,1.0,2
1136,0.5012658353418871,1.0,1.0,0.25,2
11360,0.0,0.0,1.0,0.06666666666666667,1
11363,0.0,0.0,1.0,0.06666666666666667,2
11368,0.6975637657739948,0.75,1.0,1.0,4
11369,0.46927872602275644,0.3333333333333333,0.3333333333333333,1.0,3
11371,0.0,0.0,1.0,0.07692307692307693,1
1138,1.0,1.0,1.0,1.0,1
1140,0.15642624200758548,0.3333333333333333,0.6666666666666666,0.14285714285714285,3
11401,1.0,1.0,1.0,1.0,1
11410,0.43067655807339306,1.0,1.0,0.25,1
11411,0.0,0.0,1.0,0.030303030303030304,1
11414,0.0,0.0,0.6666666666666666,0.06666666666666667,3
11415,0.7039180890341347,0.6666666666666666,1.0,1.0,3
11417,0.0,0.0,1.0,0.0625,1
11418,0.0,0.0,0.0,0.0,2
1143,1.0,1.0,1.0,1.0,1
1144,0.0,0.0,0.0,0.0,1
11443,0.3333333333333333,1.0,1.0,0.14285714285714285,1
11456,0.0,0.0,1.0,0.038461538461538464,1
11457,0.3903800499921017,0.25,0.75,1.0,4
11469,0.0,0.0,0.0,0.0,2
11473,0.6309297535714575,1.0,1.0,0.5,1
11476,0.2893079283427616,0.6666666666666666,1.0,0.125,3
11479,0.0,0.0,0.6,0.09090909090909091,5
1148,0.8899603164338973,1.0,1.0,1.0,4
11488,0.46927872602275644,0.3333333333333333,1.0,1.0,3
11489,0.23463936301137822,0.3333333333333333,1.0,0.3333333333333333,3
11503,0.0,0.0,0.0,0.0,1
11507,0.11706259313796354,0.16666666666666666,0.3333333333333333,0.2,6
1151,1.0,1.0,1.0,1.0,1
11514,0.19519002499605084,0.25,0.25,0.3333333333333333,4
11515,0.38685280723454163,0.5,1.0,0.5,2
11521,1.0,1.0,1.0,1.0,1
11522,0.6240505200038379,1.0,1.0,0.5,2
11524,0.0,0.0,1.0,0.037037037037037035,2
1153,0.3010299956639812,1.0,1.0,0.1111111111111111,1
11542,0.4899692203633839,1.0,1.0,0.2,3
11546,0.0,0.0,1.0,0.05555555555555555,3
11547,0.6366824387328317,0.5,0.75,1.0,4
11549,1.0,1.0,1.0,1.0,1
11557,0.6309297535714575,1.0,1.0,0.5,1
11559,1.0,1.0,1.0,1.0,1
11561,0.13120507751234178,0.2,0.8,0.2,5
11563,0.3562071871080222,1.0,1.0,0.16666666666666666,1
11566,0.39780880120575696,1.0,1.0,0.14285714285714285,2
11570,0.9493885684853097,1.0,1.0,1.0,4
11579,0.17723928678404774,0.5,1.0,0.1,2
11580,1.0,1.0,1.0,1.0,2
11583,0.4144299250118475,0.5,0.5,0.5,4
11597,0.0,0.0,1.0,0.09090909090909091,2
11598,0.0,0.0,0.0,0.0,1
11609,0.48247555939075504,1.0,1.0,0.25,2
11610,0.3903800499921017,0.25,0.75,1.0,4
11611,0.0,0.0,1.0,0.05263157894736842,1
11613,0.0,0.0,1.0,0.06666666666666667,2
11624,1.0,1.0,1.0,1.0,1
11625,0.4373103991125936,0.75,1.0,0.25,4
1163,0.8318724637288826,0.75,1.0,1.0,4
11642,0.0,0.0,1.0,0.06666666666666667,1
11643,0.18457569677956817,0.5,1.0,0.1111111111111111,2
11655,0.9197207891481876,1.0,1.0,1.0,2
11660,0.0,0.0,0.0,0.0,5
11663,0.6509209298071326,1.0,1.0,0.5,2
11664,1.0,1.0,1.0,1.0,1
11666,0.5012658353418871,1.0,1.0,0.25,2
11668,1.0,1.0,1.0,1.0,1
11669,0.6309297535714575,1.0,1.0,0.5,1
11670,0.0,0.0,1.0,0.030303030303030304,1
11672,0.20210734650054757,0.3333333333333333,1.0,0.25,3
11680,0.6309297535714575,1.0,1.0,0.5,1
11683,0.19342640361727081,0.5,1.0,0.125,2
11698,0.8508957228074242,0.7777777777777778,1.0,1.0,9
11703,1.0,1.0,1.0,1.0,1
11709,0.21840743681816419,0.5,1.0,0.16666666666666666,2
1172,0.6131471927654584,0.5,0.5,1.0,2
11736,0.0,0.0,1.0,0.03125,3
11739,0.0,0.0,0.0,0.0,1
11745,0.38685280723454163,1.0,1.0,0.2,1
11748,1.0,1.0,1.0,1.0,1
11753,1.0,1.0,1.0,1.0,1
11755,0.0,0.0,1.0,0.07692307692307693,2
11766,0.15642624200758548,0.3333333333333333,0.3333333333333333,0.14285714285714285,3
11769,0.6131471927654584,0.5,1.0,1.0,2
11770,0.6131471927654584,0.5,1.0,1.0,2
11787,0.0,0.0,0.0,0.0,1
11789,0.38685280723454163,0.5,1.0,0.5,2
11791,0.9197207891481876,1.0,1.0,1.0,2
118,0.0,0.0,0.0,0.0,1
11807,0.5109559939712153,1.0,1.0,0.3333333333333333,2
11810,0.6309297535714575,1.0,1.0,0.5,1
11821,0.7316362001126298,0.6666666666666666,0.6666666666666666,1.0,6
11828,0.5,1.0,1.0,0.3333333333333333,1
11831,0.0,0.0,1.0,0.05263157894736842,2
11836,0.31546487678572877,1.0,1.0,0.125,1
1185,1.0,1.0,1.0,1.0,1
11851,0.20438239758848611,0.5,1.0,0.14285714285714285,2
11852,1.0,1.0,1.0,1.0,1
11857,0.23463936301137822,0.3333333333333333,1.0,0.3333333333333333,3
11860,0.4808659172767282,0.6,1.0,0.5,5
11871,0.8315546295836225,1.0,1.0,1.0,2
11873,0.0,0.0,0.5,0.043478260869565216,2
11874,0.6309297535714575,1.0,1.0,0.5,1
11876,0.369453583111095,0.5,1.0,0.5,4
11882,0.0,0.0,1.0,0.017543859649122806,1
11902,0.3010299956639812,1.0,1.0,0.1111111111111111,1
11905,0.38685280723454163,1.0,1.0,0.2,1
11909,0.0,0.0,1.0,0.09090909090909091,3
11911,0.37800210039683896,1.0,1.0,0.125,2
11916,0.48522855511632257,0.4,0.6,1.0,5
11918,1.0,1.0,1.0,1.0,1
11920,0.5982819568741946,0.6,1.0,1.0,5
11922,0.3903800499921017,0.25,0.5,1.0,4
11931,1.0,1.0,1.0,1.0,1
11935,0.6509209298071326,1.0,1.0,0.5,2
1194,1.0,1.0,1.0,1.0,2
11942,0.3333333333333333,1.0,1.0,0.14285714285714285,1
11957,0.5654495432396527,0.75,1.0,0.5,4
11964,0.9550236580992476,1.0,1.0,1.0,4
1197,0.26852556974265224,0.25,0.875,0.5,8
11975,0.5853898393086269,1.0,1.0,0.5,3
1198,1.0,1.0,1.0,1.0,1
11984,0.7653606369886217,0.6666666666666666,1.0,1.0,3
11992,1.0,1.0,1.0,1.0,1
11993,0.38685280723454163,0.5,1.0,0.5,2
11997,1.0,1.0,1.0,1.0,4
12009,0.0,0.0,1.0,0.021739130434782608,1
12011,0.6131471927654584,0.5,0.5,1.0,2
12012,0.0,0.0,0.0,0.0,1
12014,0.2442584792702138,0.4,1.0,0.2,5
12017,0.0,0.0,0.0,0.0,1
12022,1.0,1.0,1.0,1.0,1
12034,0.0,0.0,1.0,0.0625,1
12037,0.16812753627111746,0.25,1.0,0.25,4
12041,0.6309297535714575,1.0,1.0,0.5,1
12051,0.13565197343244778,0.3333333333333333,0.3333333333333333,0.1,3
12057,0.10699313236726378,0.2,0.6,0.125,5
12063,0.6131471927654584,0.5,1.0,1.0,2
12066,0.23719771276929622,0.5,1.0,0.2,2
1207,0.0,0.0,1.0,0.038461538461538464,3
12082,0.4637257479802832,0.75,1.0,0.3333333333333333,4
12094,0.38685280723454163,0.5,1.0,0.5,2
12104,0.7653606369886217,0.6666666666666666,1.0,1.0,3
12116,0.0,0.0,0.75,0.0625,4
12129,0.0,0.0,0.8,0.08333333333333333,5
12138,1.0,1.0,1.0,1.0,1
12139,1.0,1.0,1.0,1.0,2
12151,1.0,1.0,1.0,1.0,3
12157,0.38685280723454163,0.5,0.5,0.5,2
12160,0.6380228380792293,0.75,1.0,1.0,4
12162,0.0,0.0,0.0,0.0,1
12165,0.11706259313796354,0.16666666666666666,0.6666666666666666,0.2,6
12166,1.0,1.0,1.0,1.0,1
12169,0.7653606369886217,0.6666666666666666,1.0,1.0,3
12172,0.0,0.0,0.0,0.0,2
12174,0.8597408875863228,1.0,1.0,1.0,4
12184,0.3379680345449381,0.6666666666666666,1.0,0.2,3
12196,0.2960819109658652,0.3333333333333333,1.0,0.5,3
12203,0.8315546295836225,1.0,1.0,1.0,2
12204,0.5307212739772434,0.6666666666666666,1.0,0.5,3
12205,1.0,1.0,1.0,1.0,1
12209,0.0,0.0,0.5,0.01282051282051282,2
12213,0.30281242839865,0.6666666666666666,1.0,0.16666666666666666,3
12220,0.0,0.0,1.0,0.034482758620689655,1
12221,0.0,0.0,0.5,0.05555555555555555,4
12224,0.6787622294601761,1.0,1.0,0.5,3
12225,0.16716045496620227,0.3333333333333333,0.6666666666666666,0.16666666666666666,3
12226,0.3562071871080222,1.0,1.0,0.16666666666666666,1
12234,0.6131471927654584,0.5,0.5,1.0,2
12246,0.9060254355346823,1.0,1.0,1.0,3
12249,0.3333333333333333,1.0,1.0,0.14285714285714285,1
1225,0.21840743681816419,0.5,1.0,0.16666666666666666,2
12259,0.5043113635726367,0.6666666666666666,0.8333333333333334,0.5,6
12260,0.0,0.0,0.5,0.07692307692307693,2
12266,0.6131471927654584,0.5,1.0,1.0,2
1227,1.0,1.0,1.0,1.0,3
12279,0.0,0.0,1.0,0.0625,2
12282,0.6131471927654584,0.5,1.0,1.0,2
12285,0.0,0.0,1.0,0.030303030303030304,1
12293,0.9197207891481876,1.0,1.0,1.0,2
12295,0.499800561367962,1.0,1.0,0.25,3
12296,0.3562071871080222,1.0,1.0,0.16666666666666666,1
12298,0.43067655807339306,1.0,1.0,0.25,1
12314,0.13012668333070054,0.25,1.0,0.14285714285714285,4
12320,1.0,1.0,1.0,1.0,1
12329,0.1480409554829326,0.3333333333333333,1.0,0.125,3
12333,0.8013122149737618,0.8,1.0,1.0,5
12335,0.7316362001126298,0.6666666666666666,1.0,1.0,6
12340,0.4917715788042037,0.42857142857142855,0.8571428571428571,1.0,7
12347,1.0,1.0,1.0,1.0,1
12349,0.3562071871080222,1.0,1.0,0.16666666666666666,1
1235,0.0,0.0,1.0,0.03571428571428571,1
12351,0.0,0.0,1.0,0.08333333333333333,1
12356,0.43067655807339306,1.0,1.0,0.25,1
12359,0.5,1.0,1.0,0.3333333333333333,1
12366,0.0,0.0,0.5,0.022222222222222223,2
12369,0.3333333333333333,1.0,1.0,0.14285714285714285,1
1237,0.38356636737133565,0.4,0.4,0.5,5
12373,0.6309297535714575,1.0,1.0,0.5,1
12379,0.6309297535714575,1.0,1.0,0.5,1
1238,1.0,1.0,1.0,1.0,1
12384,0.6309297535714575,1.0,1.0,0.5,1
1239,1.0,1.0,1.0,1.0,1
12392,0.0,0.0,1.0,0.04,2
12394,0.7365896932159578,0.75,1.0,1.0,4
12399,0.21840743681816419,0.5,1.0,0.16666666666666666,2
1240,0.7668091220635322,0.75,1.0,1.0,4
12415,0.8104089071229301,1.0,1.0,1.0,4
1244,0.36926780146674987,0.6666666666666666,1.0,0.25,3
12440,0.2529427027676571,0.125,1.0,1.0,8
1245,0.8772153153380493,1.0,1.0,1.0,2
12454,0.0,0.0,0.0,0.0,1
12455,0.6887841483036672,0.6666666666666666,1.0,1.0,6
12459,0.41618115554873086,0.6666666666666666,0.6666666666666666,0.3333333333333333,3
1247,1.0,1.0,1.0,1.0,1
12472,0.0,0.0,1.0,0.09090909090909091,2
12480,0.0,0.0,0.25,0.029411764705882353,4
12481,0.43067655807339306,1.0,1.0,0.25,1
12482,0.41618115554873086,0.6666666666666666,1.0,0.3333333333333333,3
12488,0.0,0.0,1.0,0.03225806451612903,1
125,0.5,1.0,1.0,0.3333333333333333,1
12500,0.6131471927654584,0.5,0.5,1.0,2
12509,0.8772153153380493,1.0,1.0,1.0,2
1251,0.7087212693585175,0.75,1.0,1.0,4
12510,0.2640681225725909,0.5,1.0,0.25,2
12519,0.38685280723454163,0.5,1.0,0.5,2
1252,0.430624116386567,1.0,1.0,0.2,2
12524,0.9330795243082165,1.0,1.0,1.0,5
12526,1.0,1.0,1.0,1.0,1
1253,1.0,1.0,1.0,1.0,4
12530,0.0,0.0,0.0,0.0,3
12535,1.0,1.0,1.0,1.0,1
12536,0.0,0.0,0.0,0.0,2
12540,0.0,0.0,0.3333333333333333,0.047619047619047616,3
12545,1.0,1.0,1.0,1.0,1
12553,1.0,1.0,1.0,1.0,1
12556,0.5,1.0,1.0,0.3333333333333333,1
12560,1.0,1.0,1.0,1.0,1
12563,0.6131471927654584,0.5,1.0,1.0,2
12571,1.0,1.0,1.0,1.0,1
12572,0.3333333333333333,1.0,1.0,0.14285714285714285,1
12574,0.0,0.0,0.2,0.015625,5
1258,0.8539316501572937,0.8,1.0,1.0,5
12597,0.38685280723454163,0.5,1.0,0.5,2
126,0.31546487678572877,1.0,1.0,0.125,1
12605,0.0,0.0,1.0,0.041666666666666664,1
12607,0.5321408435198608,0.4,1.0,1.0,10
12615,0.5640920940185894,1.0,1.0,0.5,2
12625,0.6309297535714575,1.0,1.0,0.5,1
12643,0.0,0.0,1.0,0.05,1
12646,1.0,1.0,1.0,1.0,1
12649,0.0,0.0,0.0,0.0,1
12651,0.0,0.0,1.0,0.0625,2
12655,1.0,1.0,1.0,1.0,2
12657,0.0,0.0,1.0,0.02702702702702703,1
12660,0.38685280723454163,1.0,1.0,0.2,1
12665,1.0,1.0,1.0,1.0,1
12669,0.0,0.0,0.0,0.0,3
12670,0.0,0.0,0.6666666666666666,0.02857142857142857,3
12671,0.16716045496620227,0.3333333333333333,0.6666666666666666,0.16666666666666666,3
12672,0.0,0.0,0.0,0.0,2
12680,0.24630238874073,0.25,1.0,0.5,4
12692,1.0,1.0,1.0,1.0,1
1270,1.0,1.0,1.0,1.0,1
12705,0.30078518014914984,0.4,1.0,0.3333333333333333,5
12709,0.39007412760022164,0.3333333333333333,1.0,1.0,6
12712,0.7653606369886217,0.6666666666666666,1.0,1.0,3
12714,1.0,1.0,1.0,1.0,1
12720,0.9197207891481876,1.0,1.0,1.0,2
12721,0.0,0.0,1.0,0.058823529411764705,2
12723,0.3903800499921017,0.25,0.5,1.0,4
12727,0.6131471927654584,0.5,1.0,1.0,2
12729,0.46927872602275644,0.3333333333333333,1.0,1.0,3
12730,1.0,1.0,1.0,1.0,1
12739,0.6309297535714575,1.0,1.0,0.5,1
12754,0.6240505200038379,1.0,1.0,0.5,2
12755,0.5,1.0,1.0,0.3333333333333333,1
12758,0.0,0.0,1.0,0.07142857142857142,1
12764,0.9565912771023182,1.0,1.0,1.0,5
12782,0.3903800499921017,0.25,1.0,1.0,4
12784,0.0,0.0,0.0,0.0,1
12787,0.0,0.0,0.0,0.0,2
12790,0.6509209298071326,1.0,1.0,0.5,2
12793,0.4367467095119258,0.6666666666666666,1.0,0.3333333333333333,3
12804,0.3562071871080222,1.0,1.0,0.16666666666666666,1
1281,0.38685280723454163,1.0,1.0,0.2,1
1282,0.18154179253735267,0.3333333333333333,0.6666666666666666,0.2,3
12821,0.1208113026994942,0.2,1.0,0.16666666666666666,5
12829,0.0874717141014082,0.16666666666666666,1.0,0.1,6
12836,0.0,0.0,0.6666666666666666,0.05263157894736842,3
1284,0.38685280723454163,0.5,0.5,0.5,2
12841,0.0,0.0,1.0,0.05,1
12842,0.8772153153380493,1.0,1.0,1.0,2
12849,1.0,1.0,1.0,1.0,1
12866,0.2836929289153804,0.6666666666666666,1.0,0.125,3
12875,0.3065735963827292,0.5,1.0,0.3333333333333333,2
1288,0.0,0.0,0.0,0.0,1
12880,0.3562071871080222,1.0,1.0,0.16666666666666666,1
12889,0.8503449055347546,1.0,1.0,1.0,2
12898,0.0,0.0,0.0,0.0,1
12902,0.8200261225503443,0.8,1.0,1.0,5
12910,0.735916889650613,0.6666666666666666,1.0,1.0,6
12918,0.0,0.0,1.0,0.023255813953488372,2
12920,0.0,0.0,0.8333333333333334,0.03571428571428571,6
12921,0.0,0.0,0.0,0.0,1
1293,0.20438239758848611,0.5,1.0,0.14285714285714285,2
12939,0.11284514134893527,0.25,0.75,0.1,4
12944,1.0,1.0,1.0,1.0,2
12947,0.8315546295836225,1.0,1.0,1.0,2
12949,1.0,1.0,1.0,1.0,1
1296,0.34337431936037655,0.6666666666666666,1.0,0.25,3
12963,0.0,0.0,1.0,0.047619047619047616,1
12967,0.38364913903790027,0.6666666666666666,0.6666666666666666,0.25,3
12971,0.2640681225725909,0.5,1.0,0.25,2
1298,0.3235866969737877,0.6666666666666666,1.0,0.16666666666666666,3
12982,1.0,1.0,1.0,1.0,1
12983,0.0,0.0,0.0,0.0,2
12987,0.6366824387328317,0.5,1.0,1.0,4
13005,1.0,1.0,1.0,1.0,1
13011,1.0,1.0,1.0,1.0,1
13013,0.0,0.0,0.3333333333333333,0.05263157894736842,3
13018,0.41618115554873086,0.6666666666666666,1.0,0.3333333333333333,3
13031,1.0,1.0,1.0,1.0,1
13034,0.3333333333333333,1.0,1.0,0.14285714285714285,1
13039,0.0,0.0,1.0,0.02040816326530612,2
13043,0.13905617951077562,0.25,0.75,0.16666666666666666,4
13046,1.0,1.0,1.0,1.0,1
13047,0.0,0.0,1.0,0.03225806451612903,1
13049,0.38685280723454163,0.5,0.5,0.5,2
13052,0.0,0.0,1.0,0.09090909090909091,1
13056,0.0,0.0,1.0,0.09090909090909091,1
13059,0.0,0.0,0.0,0.0,2
13062,0.19342640361727081,0.5,1.0,0.125,2
13066,0.40179981797758046,0.6666666666666666,0.6666666666666666,0.3333333333333333,3
13067,0.5058175983477707,0.8,1.0,0.3333333333333333,5
13069,0.39106560501896365,0.6666666666666666,0.6666666666666666,0.3333333333333333,3
1308,0.0,0.0,0.25,0.014705882352941176,4
13092,1.0,1.0,1.0,1.0,1
13097,1.0,1.0,1.0,1.0,1
13099,0.5307212739772434,0.6666666666666666,1.0,0.5,3
1310,0.5,1.0,1.0,0.3333333333333333,1
13102,0.3903800499921017,0.25,1.0,1.0,4
13108,0.13565197343244778,0.3333333333333333,0.6666666666666666,0.1,3
13112,0.0,0.0,1.0,0.03571428571428571,1
13113,0.7678620595110026,0.8,1.0,1.0,5
13115,0.3973220069685352,0.5,1.0,0.5,4
13118,0.8315546295836225,1.0,1.0,1.0,2
13131,1.0,1.0,1.0,1.0,2
13134,0.6934264036172708,1.0,1.0,0.5,2
13142,0.5,1.0,1.0,0.3333333333333333,1
13168,0.0,0.0,1.0,0.06666666666666667,1
13175,0.43067655807339306,1.0,1.0,0.25,1
13178,0.43067655807339306,1.0,1.0,0.25,1
13179,0.10699313236726378,0.2,0.4,0.125,5
13183,0.0,0.0,1.0,0.027777777777777776,1
13185,0.21840743681816419,0.5,1.0,0.16666666666666666,2
13186,0.6131471927654584,0.5,0.5,1.0,2
1320,0.14126697285982898,0.3333333333333333,1.0,0.1111111111111111,3
13200,0.16812753627111746,0.25,0.75,0.25,4
13201,1.0,1.0,1.0,1.0,1
13213,1.0,1.0,1.0,1.0,1
13215,0.38685280723454163,1.0,1.0,0.2,1
13219,0.0,0.0,0.0,0.0,2
13223,0.6309297535714575,1.0,1.0,0.5,1
13224,0.8048099750039491,0.75,1.0,1.0,4
13232,0.5855700749881525,0.5,1.0,1.0,4
13235,1.0,1.0,1.0,1.0,1
13237,0.8503449055347546,1.0,1.0,1.0,2
13255,0.46927872602275644,0.3333333333333333,1.0,1.0,3
13259,0.6131471927654584,0.5,1.0,1.0,2
1327,0.46927872602275644,0.3333333333333333,0.6666666666666666,1.0,3
13276,1.0,1.0,1.0,1.0,1
13280,1.0,1.0,1.0,1.0,1
13283,0.5,1.0,1.0,0.3333333333333333,1
13285,0.3562071871080222,1.0,1.0,0.16666666666666666,1
13286,0.38364913903790027,0.6666666666666666,0.6666666666666666,0.25,3
13293,1.0,1.0,1.0,1.0,1
13306,0.6309297535714575,1.0,1.0,0.5,1
13311,0.6309297535714575,1.0,1.0,0.5,1
13327,1.0,1.0,1.0,1.0,1
13329,1.0,1.0,1.0,1.0,1
1333,1.0,1.0,1.0,1.0,1
13331,0.16716045496620227,0.3333333333333333,0.3333333333333333,0.16666666666666666,3
13335,0.38685280723454163,1.0,1.0,0.2,1
1334,1.0,1.0,1.0,1.0,1
13340,1.0,1.0,1.0,1.0,1
13342,0.46927872602275644,0.3333333333333333,0.6666666666666666,1.0,3
13354,1.0,1.0,1.0,1.0,2
13360,0.6309297535714575,1.0,1.0,0.5,1
13380,0.0,0.0,0.5,0.0136986301369863,2
13383,1.0,1.0,1.0,1.0,1
13396,0.9010126104210695,1.0,1.0,1.0,3
134,0.0,0.0,0.5,0.011235955056179775,2
13404,0.6131471927654584,0.5,1.0,1.0,2
13413,0.6309297535714575,1.0,1.0,0.5,1
1342,0.6131471927654584,0.5,1.0,1.0,2
13423,0.17723928678404774,0.5,1.0,0.1,2
13427,0.23719771276929622,0.5,1.0,0.2,2
13428,1.0,1.0,1.0,1.0,1
13433,0.0,0.0,0.0,0.0,1
13436,0.5,1.0,1.0,0.3333333333333333,1
13438,0.0,0.0,0.0,0.0,3
13441,0.41443699955334395,1.0,1.0,0.2,2
13444,0.0,0.0,0.0,0.0,1
13449,0.6366824387328317,0.5,1.0,1.0,4
13463,0.0,0.0,1.0,0.02127659574468085,1
13465,1.0,1.0,1.0,1.0,1
13480,0.0,0.0,1.0,0.09090909090909091,1
13482,1.0,1.0,1.0,1.0,1
13496,0.0,0.0,0.5,0.015151515151515152,2
13498,0.0,0.0,1.0,0.03225806451612903,2
13500,1.0,1.0,1.0,1.0,2
13504,1.0,1.0,1.0,1.0,1
13505,1.0,1.0,1.0,1.0,1
13512,0.8451850618939637,1.0,1.0,1.0,3
13514,0.0,0.0,1.0,0.02040816326530612,1
13526,0.0,0.0,1.0,0.09090909090909091,2
13527,0.0,0.0,0.0,0.0,1
13534,0.38268031849431083,0.6666666666666666,1.0,0.3333333333333333,3
1354,1.0,1.0,1.0,1.0,1
13557,0.2890648263178879,1.0,1.0,0.1,1
13567,1.0,1.0,1.0,1.0,1
13569,0.3065735963827292,0.5,1.0,0.3333333333333333,2
1357,0.9060254355346823,1.0,1.0,1.0,3
13573,0.21840743681816419,0.5,1.0,0.16666666666666666,2
13579,1.0,1.0,1.0,1.0,1
13583,0.6131471927654584,0.5,1.0,1.0,2
13596,0.6131471927654584,0.5,1.0,1.0,2
1360,0.0,0.0,0.0,0.0,4
13600,0.0,0.0,0.0,0.0,2
13606,1.0,1.0,1.0,1.0,1
13614,0.5,1.0,1.0,0.3333333333333333,1
13617,0.3562071871080222,1.0,1.0,0.16666666666666666,1
13630,0.0,0.0,1.0,0.06666666666666667,1
13631,1.0,1.0,1.0,1.0,1
13638,0.0,0.0,0.5,0.047619047619047616,2
13639,0.45749452618986164,1.0,1.0,0.25,2
13660,0.0,0.0,1.0,0.09090909090909091,1
13666,0.15642624200758548,0.3333333333333333,1.0,0.14285714285714285,3
13670,0.0,0.0,1.0,0.014084507042253521,1
13686,0.5249810332008933,1.0,1.0,0.3333333333333333,2
1369,0.2890648263178879,1.0,1.0,0.1,1
13691,0.0,0.0,1.0,0.07692307692307693,1
13694,0.6309297535714575,1.0,1.0,0.5,1
13695,0.430624116386567,1.0,1.0,0.2,2
13698,0.0,0.0,0.5,0.047619047619047616,2
13707,0.787702056960637,0.75,1.0,1.0,4
13710,0.5,1.0,1.0,0.3333333333333333,1
13711,0.0,0.0,1.0,0.03571428571428571,1
13717,0.0,0.0,0.3333333333333333,0.01282051282051282,3
13721,0.8315546295836225,1.0,1.0,1.0,2
13731,1.0,1.0,1.0,1.0,2
13733,1.0,1.0,1.0,1.0,1
13734,0.6131471927654584,0.5,1.0,1.0,2
13745,0.0,0.0,0.42857142857142855,0.037037037037037035,7
13759,1.0,1.0,1.0,1.0,1
13760,0.6309297535714575,1.0,1.0,0.5,1
1377,0.6131471927654584,0.5,0.5,1.0,2
13778,1.0,1.0,1.0,1.0,2
13779,0.0,0.0,1.0,0.03333333333333333,1
13782,0.0,0.0,0.0,0.0,1
13789,0.6131471927654584,0.5,1.0,1.0,2
13796,0.46927872602275644,0.3333333333333333,0.6666666666666666,1.0,3
13797,0.6380228380792293,0.75,0.75,1.0,4
1380,0.0,0.0,1.0,0.07142857142857142,1
13803,1.0,1.0,1.0,1.0,1
13811,0.20210734650054757,0.3333333333333333,0.6666666666666666,0.25,3
13813,0.6309297535714575,1.0,1.0,0.5,1
1382,0.0,0.0,0.0,0.0,1
13820,0.3044671974905181,0.6666666666666666,0.6666666666666666,0.14285714285714285,3
13830,0.21840743681816419,0.5,1.0,0.16666666666666666,2
13834,0.0,0.0,1.0,0.030303030303030304,3
13838,0.46927872602275644,0.3333333333333333,1.0,1.0,3
13840,0.8503449055347546,1.0,1.0,1.0,2
13845,0.31546487678572877,1.0,1.0,0.125,1
13852,0.0,0.0,0.5,0.03125,2
13864,1.0,1.0,1.0,1.0,1
13866,0.0,0.0,0.0,0.0,3
1387,0.0,0.0,0.0,0.0,2
13873,0.6309297535714575,1.0,1.0,0.5,1
13881,0.5,1.0,1.0,0.3333333333333333,1
13883,0.0,0.0,0.0,0.0,1
13885,0.18457569677956817,0.5,1.0,0.1111111111111111,2
13887,0.0,0.0,1.0,0.03333333333333333,1
1389,0.3010299956639812,1.0,1.0,0.1111111111111111,1
13910,0.23719771276929622,0.5,1.0,0.2,2
13913,0.0,0.0,1.0,0.07692307692307693,4
13918,0.0,0.0,0.0,0.0,2
13920,1.0,1.0,1.0,1.0,1
13925,0.5,1.0,1.0,0.3333333333333333,1
13930,0.9197207891481876,1.0,1.0,1.0,2
13937,0.0,0.0,1.0,0.05263157894736842,1
1394,0.6934264036172708,1.0,1.0,0.5,2
13947,0.15642624200758548,0.3333333333333333,1.0,0.14285714285714285,3
1395,1.0,1.0,1.0,1.0,1
13964,0.8503449055347546,1.0,1.0,1.0,2
13966,0.0,0.0,1.0,0.010309278350515464,1
1397,0.0,0.0,1.0,0.07692307692307693,1
13973,0.43067655807339306,1.0,1.0,0.25,1
14007,0.0,0.0,0.0,0.0,4
14015,0.9197207891481876,1.0,1.0,1.0,2
14019,0.0,0.0,1.0,0.03333333333333333,2
1402,0.0,0.0,1.0,0.05,1
14020,1.0,1.0,1.0,1.0,1
14021,0.3562071871080222,1.0,1.0,0.16666666666666666,1
14028,1.0,1.0,1.0,1.0,1
14030,0.6131471927654584,0.5,1.0,1.0,2
14038,1.0,1.0,1.0,1.0,1
14039,0.43067655807339306,1.0,1.0,0.25,1
1404,0.43067655807339306,1.0,1.0,0.25,1
14041,0.39757965193950456,0.42857142857142855,1.0,0.5,7
14042,1.0,1.0,1.0,1.0,1
14050,0.38685280723454163,0.5,1.0,0.5,2
14052,0.0,0.0,0.0,0.0,1
14054,0.17723928678404774,0.5,1.0,0.1,2
14056,0.3065735963827292,0.5,1.0,0.3333333333333333,2
1406,0.45221360703148816,0.4,1.0,1.0,5
14061,0.0,0.0,1.0,0.025,1
14062,0.6509209298071326,1.0,1.0,0.5,2
14078,0.0,0.0,0.6666666666666666,0.043478260869565216,3
14086,0.3562071871080222,1.0,1.0,0.16666666666666666,1
1409,0.9325210919548239,1.0,1.0,1.0,3
14094,0.6240505200038379,1.0,1.0,0.5,2
14095,1.0,1.0,1.0,1.0,1
14102,0.0,0.0,1.0,0.013513513513513514,1
14105,0.0,0.0,0.0,0.0,1
1411,0.6509209298071326,1.0,1.0,0.5,2
14116,1.0,1.0,1.0,1.0,1
1412,1.0,1.0,1.0,1.0,1
14120,0.6309297535714575,1.0,1.0,0.5,1
14121,0.7333729481001815,0.6666666666666666,1.0,1.0,9
14128,0.2640681225725909,0.5,1.0,0.25,2
14141,0.5855700749881525,0.5,1.0,1.0,4
14145,1.0,1.0,1.0,1.0,1
1415,0.8503449055347546,1.0,1.0,1.0,2
14154,0.0,0.0,0.0,0.0,1
14155,1.0,1.0,1.0,1.0,1
14158,0.5249161118977292,1.0,1.0,0.25,3
1416,0.6309297535714575,1.0,1.0,0.5,1
14162,0.35914753008966527,0.5,0.75,0.5,4
14170,0.0,0.0,1.0,0.08333333333333333,1
14171,0.0,0.0,1.0,0.017857142857142856,1
14176,1.0,1.0,1.0,1.0,2
14178,1.0,1.0,1.0,1.0,1
14185,0.9197207891481876,1.0,1.0,1.0,2
14188,1.0,1.0,1.0,1.0,1
14207,0.11284514134893527,0.25,1.0,0.1,4
1421,0.123151194370365,0.25,0.75,0.125,4
1422,0.20210734650054757,0.3333333333333333,1.0,0.25,3
14222,0.0,0.0,0.5,0.07692307692307693,2
14225,0.0,0.0,1.0,0.04,1
14228,0.0,0.0,0.5,0.06666666666666667,2
14238,1.0,1.0,1.0,1.0,1
14240,0.3903800499921017,0.25,1.0,1.0,4
14250,0.0,0.0,1.0,0.058823529411764705,1
14256,0.6105456988825855,0.6666666666666666,1.0,1.0,3
14263,0.0,0.0,0.0,0.0,1
1427,0.3010299956639812,1.0,1.0,0.1111111111111111,1
14273,0.8772153153380493,1.0,1.0,1.0,2
14275,1.0,1.0,1.0,1.0,1
14279,1.0,1.0,1.0,1.0,1
14281,0.0,0.0,0.6666666666666666,0.022727272727272728,3
14283,0.0,0.0,0.6,0.022222222222222223,5
14297,0.20438239758848611,0.5,1.0,0.14285714285714285,2
143,1.0,1.0,1.0,1.0,1
14310,0.0,0.0,0.0,0.0,1
14322,0.6934264036172708,1.0,1.0,0.5,2
1433,1.0,1.0,1.0,1.0,1
14334,0.19342640361727081,0.5,1.0,0.125,2
14338,0.38685280723454163,0.5,1.0,0.5,2
14344,1.0,1.0,1.0,1.0,2
14363,1.0,1.0,1.0,1.0,1
14380,0.19519002499605084,0.25,1.0,0.3333333333333333,4
14381,0.9047172294870751,1.0,1.0,1.0,4
14383,0.0,0.0,1.0,0.014084507042253521,1
14387,0.6309297535714575,1.0,1.0,0.5,1
1439,0.3065735963827292,0.5,1.0,0.3333333333333333,2
14394,1.0,1.0,1.0,1.0,4
14395,0.6309297535714575,1.0,1.0,0.5,1
14396,0.41443699955334395,1.0,1.0,0.2,2
14401,0.3010299956639812,1.0,1.0,0.1111111111111111,1
14404,0.2890648263178879,1.0,1.0,0.1,1
14408,0.529399628450727,0.6666666666666666,1.0,0.5,6
14423,1.0,1.0,1.0,1.0,1
14428,0.6447841584694202,1.0,1.0,0.5,3
14429,0.0,0.0,1.0,0.05263157894736842,1
14444,0.0,0.0,0.0,0.0,1
14446,0.0,0.0,1.0,0.0196078431372549,1
1445,0.20438239758848611,0.5,1.0,0.14285714285714285,2
14463,0.25657228426720274,0.5,0.75,0.16666666666666666,4
14464,0.910853251331002,1.0,1.0,1.0,4
14468,0.0,0.0,0.5,0.016666666666666666,2
14469,0.6309297535714575,1.0,1.0,0.5,1
14471,1.0,1.0,1.0,1.0,1
14472,0.0,0.0,1.0,0.058823529411764705,2
14482,1.0,1.0,1.0,1.0,1
14483,1.0,1.0,1.0,1.0,1
14495,0.5,1.0,1.0,0.3333333333333333,1
14497,1.0,1.0,1.0,1.0,1
1450,0.23463936301137822,0.3333333333333333,1.0,0.3333333333333333,3
14504,0.0,0.0,0.0,0.0,1
14505,0.3562071871080222,1.0,1.0,0.16666666666666666,1
14514,0.2960819109658652,0.3333333333333333,1.0,0.5,3
14515,0.3973220069685352,0.5,1.0,0.5,4
14517,0.430624116386567,1.0,1.0,0.2,2
14518,0.6131471927654584,0.5,1.0,1.0,2
1452,0.3562071871080222,1.0,1.0,0.16666666666666666,1
14527,0.38685280723454163,1.0,1.0,0.2,1
14536,0.3562071871080222,1.0,1.0,0.16666666666666666,1
14538,0.0,0.0,0.0,0.0,3
14539,1.0,1.0,1.0,1.0,1
14548,0.8503449055347546,1.0,1.0,1.0,2
14553,0.0843142342558857,0.125,1.0,0.14285714285714285,8
14564,0.13565197343244778,0.3333333333333333,1.0,0.1,3
14568,0.5855700749881525,0.5,0.5,1.0,4
14581,1.0,1.0,1.0,1.0,1
14585,0.3065735963827292,0.5,1.0,0.3333333333333333,2
1459,0.0,0.0,0.5,0.08333333333333333,2
14592,0.6309297535714575,1.0,1.0,0.5,1
14599,0.0,0.0,0.0,0.0,1
14604,0.6131471927654584,0.5,1.0,1.0,2
1461,0.6049306994552042,0.6666666666666666,1.0,1.0,3
14611,0.6380228380792293,0.75,1.0,1.0,4
14619,0.38685280723454163,1.0,1.0,0.2,1
1463,0.2640681225725909,0.5,0.5,0.25,2
14631,0.6309297535714575,1.0,1.0,0.5,1
14642,0.5,1.0,1.0,0.3333333333333333,1
14650,1.0,1.0,1.0,1.0,2
14651,0.8318724637288826,0.75,1.0,1.0,4
14659,0.0,0.0,0.0,0.0,2
1466,0.8262373741149447,1.0,1.0,1.0,4
14662,1.0,1.0,1.0,1.0,1
14686,0.5,1.0,1.0,0.3333333333333333,1
14687,1.0,1.0,1.0,1.0,1
14691,0.46927872602275644,0.3333333333333333,1.0,1.0,3
14697,0.7653606369886217,0.6666666666666666,0.6666666666666666,1.0,3
147,0.6787622294601761,1.0,1.0,0.5,3
14704,1.0,1.0,1.0,1.0,1
14716,0.3562071871080222,1.0,1.0,0.16666666666666666,1
14719,0.43067655807339306,1.0,1.0,0.25,1
14721,0.0,0.0,0.0,0.0,2
14722,0.3010299956639812,1.0,1.0,0.1111111111111111,1
14723,0.0,0.0,1.0,0.08333333333333333,4
14730,1.0,1.0,1.0,1.0,3
14731,1.0,1.0,1.0,1.0,1
14736,0.0,0.0,0.0,0.0,4
14747,1.0,1.0,1.0,1.0,1
14756,0.6131471927654584,0.5,0.5,1.0,2
14767,0.46927872602275644,0.3333333333333333,0.6666666666666666,1.0,3
14781,0.5,1.0,1.0,0.3333333333333333,1
14787,1.0,1.0,1.0,1.0,3
14789,0.38685280723454163,0.5,1.0,0.5,2
14802,0.0,0.0,1.0,0.017241379310344827,1
14804,0.6601396023754075,0.6,0.6,1.0,5
14816,0.619668607939653,1.0,1.0,0.5,3
14817,0.6309297535714575,1.0,1.0,0.5,1
14822,1.0,1.0,1.0,1.0,3
14832,0.3562071871080222,1.0,1.0,0.16666666666666666,1
14845,0.8772153153380493,1.0,1.0,1.0,2
1485,0.6309297535714575,1.0,1.0,0.5,1
14850,0.3065735963827292,0.5,1.0,0.3333333333333333,2
14851,0.0,0.0,1.0,0.018518518518518517,1
14856,0.2960819109658652,0.3333333333333333,0.3333333333333333,0.5,3
14859,0.5413996682199069,0.5,0.75,1.0,4
14861,0.6309297535714575,1.0,1.0,0.5,1
14869,0.0,0.0,1.0,0.01,1
1487,0.31546487678572877,1.0,1.0,0.125,1
1488,0.0,0.0,1.0,0.09090909090909091,3
14885,0.6309297535714575,1.0,1.0,0.5,1
1490,0.9828920819566879,1.0,1.0,1.0,4
14900,0.0,0.0,0.0,0.0,1
14905,1.0,1.0,1.0,1.0,1
14926,0.0,0.0,0.0,0.0,1
14938,0.0,0.0,1.0,0.06666666666666667,1
14939,0.3152014104491349,0.6666666666666666,1.0,0.16666666666666666,3
14943,0.19342640361727081,0.5,1.0,0.125,2
14949,0.0,0.0,0.6666666666666666,0.03125,3
14951,0.23719771276929622,0.5,1.0,0.2,2
14963,0.0,0.0,0.0,0.0,1
14965,0.24816574496561808,0.4,0.8,0.25,5
14966,0.13012668333070054,0.25,1.0,0.14285714285714285,4
14967,0.0,0.0,1.0,0.015625,1
14968,1.0,1.0,1.0,1.0,1
14989,0.16958010263680806,0.2,0.8,0.3333333333333333,5
14991,1.0,1.0,1.0,1.0,1
14993,0.19519002499605084,0.25,1.0,0.3333333333333333,4
14999,0.21840743681816419,0.5,1.0,0.16666666666666666,2
150,0.0,0.0,0.0,0.0,3
15004,0.0,0.0,1.0,0.0196078431372549,3
15011,1.0,1.0,1.0,1.0,1
15012,0.16812753627111746,0.25,1.0,0.25,4
15015,1.0,1.0,1.0,1.0,6
1502,1.0,1.0,1.0,1.0,2
15022,1.0,1.0,1.0,1.0,1
15023,1.0,1.0,1.0,1.0,1
15024,0.23719771276929622,0.5,0.5,0.2,2
15027,0.38685280723454163,0.5,0.5,0.5,2
15041,0.0,0.0,0.0,0.0,1
15044,0.6309297535714575,1.0,1.0,0.5,1
15048,0.6131471927654584,0.5,1.0,1.0,2
15050,1.0,1.0,1.0,1.0,3
15054,0.7090365651256826,0.7142857142857143,1.0,1.0,7
1506,0.21398626473452756,0.2,0.6,0.5,5
15061,0.8278123145308894,1.0,1.0,1.0,3
15073,0.933819260234181,1.0,1.0,1.0,5
15074,0.5706417189553201,1.0,1.0,0.3333333333333333,2
15077,1.0,1.0,1.0,1.0,1
15099,0.5,1.0,1.0,0.3333333333333333,1
151,0.5,1.0,1.0,0.3333333333333333,2
1510,0.20210734650054757,0.3333333333333333,1.0,0.25,3
15104,0.0,0.0,1.0,0.05555555555555555,3
15107,0.3010299956639812,1.0,1.0,0.1111111111111111,1
15109,0.0,0.0,1.0,0.058823529411764705,1
15110,1.0,1.0,1.0,1.0,1
15111,0.3562071871080222,1.0,1.0,0.16666666666666666,1
15113,1.0,1.0,1.0,1.0,1
15114,0.4911492931622974,1.0,1.0,0.3333333333333333,2
15115,0.430624116386567,1.0,1.0,0.2,2
15121,0.713772726109045,0.8,1.0,1.0,5
15145,0.0,0.0,1.0,0.012195121951219513,1
15147,0.0,0.0,0.0,0.0,1
1515,0.6309297535714575,1.0,1.0,0.5,1
15153,0.43067655807339306,1.0,1.0,0.25,1
15165,0.0,0.0,0.0,0.0,1
15172,0.0,0.0,1.0,0.07142857142857142,3
1520,0.23719771276929622,0.5,0.5,0.2,2
15203,0.0,0.0,1.0,0.0125,1
15210,0.23719771276929622,0.5,1.0,0.2,2
15215,0.0,0.0,1.0,0.06666666666666667,1
15217,0.38685280723454163,0.5,0.5,0.5,2
15221,0.20210734650054757,0.3333333333333333,1.0,0.25,3
15222,0.2640681225725909,0.5,1.0,0.25,2
15232,0.19342640361727081,0.5,0.5,0.125,2
15238,0.23463936301137822,0.3333333333333333,0.6666666666666666,0.3333333333333333,3
15242,0.0,0.0,0.0,0.0,1
15245,0.11751610475642714,0.25,1.0,0.1111111111111111,4
1526,0.17723928678404774,0.5,0.5,0.1,2
15261,0.8315546295836225,1.0,1.0,1.0,2
15266,0.25190132085971084,0.5,0.75,0.16666666666666666,4
15274,0.15642624200758548,0.3333333333333333,0.3333333333333333,0.14285714285714285,3
15275,0.8503449055347546,1.0,1.0,1.0,2
15283,0.3562071871080222,1.0,1.0,0.16666666666666666,1
15288,0.9197207891481876,1.0,1.0,1.0,2
15295,0.0,0.0,1.0,0.02631578947368421,1
15300,0.0,0.0,1.0,0.06666666666666667,2
15304,0.20210734650054757,0.3333333333333333,1.0,0.25,3
15314,0.5846156829012061,0.5,1.0,1.0,6
15318,0.0,0.0,0.5,0.03125,4
15323,0.38685280723454163,0.5,0.5,0.5,2
15325,0.2769189462922768,0.6666666666666666,1.0,0.1111111111111111,3
15330,0.2890648263178879,1.0,1.0,0.1,1
1534,0.5912352048230277,1.0,1.0,0.5,2
15340,0.5,1.0,1.0,0.3333333333333333,1
15345,0.6934264036172708,1.0,1.0,0.5,2
15346,0.0,0.0,1.0,0.014705882352941176,1
1535,1.0,1.0,1.0,1.0,1
15351,0.5109559939712153,1.0,1.0,0.3333333333333333,2
15352,1.0,1.0,1.0,1.0,1
15365,0.20438239758848611,0.5,1.0,0.14285714285714285,2
15369,0.0,0.0,1.0,0.08333333333333333,1
15371,0.3065735963827292,0.5,0.5,0.3333333333333333,2
15379,1.0,1.0,1.0,1.0,1
15386,0.0,0.0,1.0,0.04,1
15387,1.0,1.0,1.0,1.0,1
15391,0.17723928678404774,0.5,1.0,0.1,2
15400,0.3562071871080222,1.0,1.0,0.16666666666666666,1
15402,0.38685280723454163,0.5,1.0,0.5,2
15411,0.31546487678572877,1.0,1.0,0.125,1
15415,0.3333333333333333,1.0,1.0,0.14285714285714285,1
15418,1.0,1.0,1.0,1.0,1
15428,0.5307212739772434,0.6666666666666666,1.0,0.5,3
1543,1.0,1.0,1.0,1.0,2
15430,0.0,0.0,0.0,0.0,1
15436,0.19092086617893467,0.16666666666666666,1.0,0.5,6
1544,1.0,1.0,1.0,1.0,1
15446,0.31546487678572877,1.0,1.0,0.125,1
15448,0.0,0.0,0.0,0.0,3
15455,1.0,1.0,1.0,1.0,1
1546,0.0,0.0,0.0,0.0,2
15465,0.0,0.0,1.0,0.017857142857142856,1
15466,0.4227898344066503,1.0,1.0,0.16666666666666666,2
15469,0.6309297535714575,1.0,1.0,0.5,1
15471,1.0,1.0,1.0,1.0,1
15472,0.3562071871080222,1.0,1.0,0.16666666666666666,1
15473,0.5714285040141098,1.0,1.0,0.5,2
15482,0.0,0.0,1.0,0.025,1
15488,0.6309297535714575,1.0,1.0,0.5,1
1549,0.0,0.0,0.0,0.0,1
15493,0.5706417189553201,1.0,1.0,0.3333333333333333,2
15509,0.6338412308988606,1.0,1.0,0.5,3
15510,1.0,1.0,1.0,1.0,2
15511,0.9674679834891693,1.0,1.0,1.0,3
1567,0.0,0.0,1.0,0.07692307692307693,4
1569,0.6131471927654584,0.5,1.0,1.0,2
1579,0.3562071871080222,1.0,1.0,0.16666666666666666,1
1584,0.6797310500037655,1.0,1.0,0.5,3
1586,0.6309297535714575,1.0,1.0,0.5,1
1590,0.0,0.0,0.0,0.0,1
1591,1.0,1.0,1.0,1.0,1
1594,0.38685280723454163,1.0,1.0,0.2,1
1595,0.9469024295259745,1.0,1.0,1.0,3
160,0.7039180890341347,0.6666666666666666,1.0,1.0,3
1600,1.0,1.0,1.0,1.0,1
1603,0.0,0.0,1.0,0.07692307692307693,2
1604,0.8587959739536173,1.0,1.0,1.0,5
1616,0.9178287402913377,1.0,1.0,1.0,4
1618,0.6366824387328317,0.5,1.0,1.0,4
162,0.0,0.0,1.0,0.06666666666666667,3
1623,0.5,1.0,1.0,0.3333333333333333,1
1626,0.3084274278260313,0.6666666666666666,1.0,0.16666666666666666,3
1627,0.0,0.0,0.0,0.0,1
163,0.31546487678572877,1.0,1.0,0.125,1
1635,0.38356636737133565,0.4,1.0,0.5,5
164,0.38685280723454163,1.0,1.0,0.2,1
1645,0.0,0.0,0.0,0.0,2
1647,1.0,1.0,1.0,1.0,1
1648,0.46927872602275644,0.3333333333333333,1.0,1.0,3
1658,0.0,0.0,1.0,0.02564102564102564,2
1661,1.0,1.0,1.0,1.0,1
1666,0.39233405721184117,0.75,1.0,0.16666666666666666,4
1676,0.0,0.0,1.0,0.08333333333333333,1
1678,1.0,1.0,1.0,1.0,1
1681,0.21840743681816419,0.5,1.0,0.16666666666666666,2
1686,0.0,0.0,0.5,0.02127659574468085,2
1702,0.0,0.0,1.0,0.0196078431372549,1
1703,0.6509209298071326,1.0,1.0,0.5,2
1710,0.46927872602275644,0.3333333333333333,1.0,1.0,3
1721,1.0,1.0,1.0,1.0,1
1725,0.6309297535714575,1.0,1.0,0.5,1
1736,0.0,0.0,1.0,0.058823529411764705,1
1741,0.0,0.0,1.0,0.024390243902439025,1
1745,0.5249810332008933,1.0,1.0,0.3333333333333333,2
1750,0.3010299956639812,1.0,1.0,0.1111111111111111,1
1761,0.31546487678572877,1.0,1.0,0.125,1
1763,0.8315546295836225,1.0,1.0,1.0,2
1769,0.2960819109658652,0.3333333333333333,1.0,0.5,3
1775,0.2537257399688699,0.3333333333333333,1.0,0.25,9
1778,0.0,0.0,0.5,0.0625,2
1793,0.0,0.0,0.0,0.0,2
1796,1.0,1.0,1.0,1.0,1
1797,0.5,1.0,1.0,0.3333333333333333,1
1798,0.24630238874073,0.25,1.0,0.5,4
1800,0.0,0.0,0.0,0.0,1
1808,0.0,0.0,1.0,0.015384615384615385,1
1810,0.9217868789962071,1.0,1.0,1.0,3
1811,1.0,1.0,1.0,1.0,2
1812,0.46927872602275644,0.3333333333333333,0.3333333333333333,1.0,3
1815,1.0,1.0,1.0,1.0,2
1816,1.0,1.0,1.0,1.0,1
1827,0.8503449055347546,1.0,1.0,1.0,2
183,0.8315546295836225,1.0,1.0,1.0,2
1835,0.6309297535714575,1.0,1.0,0.5,1
1839,1.0,1.0,1.0,1.0,1
184,0.9197207891481876,1.0,1.0,1.0,2
1844,0.20210734650054757,0.3333333333333333,1.0,0.25,3
1847,0.6131471927654584,0.5,1.0,1.0,2
1861,0.7039180890341347,0.6666666666666666,1.0,1.0,3
1866,0.0,0.0,0.8,0.03125,5
1869,1.0,1.0,1.0,1.0,2
187,0.0,0.0,0.0,0.0,1
1870,0.0,0.0,0.75,0.045454545454545456,4
1872,0.2960819109658652,0.3333333333333333,0.6666666666666666,0.5,3
1874,0.0,0.0,1.0,0.023255813953488372,1
1875,0.39564672360221187,1.0,1.0,0.16666666666666666,2
1876,0.15642624200758548,0.3333333333333333,1.0,0.14285714285714285,3
188,1.0,1.0,1.0,1.0,1
1888,0.5706417189553201,1.0,1.0,0.3333333333333333,2
1890,0.6309297535714575,1.0,1.0,0.5,1
1891,0.6131471927654584,0.5,1.0,1.0,2
1895,0.2640681225725909,0.5,1.0,0.25,2
1899,0.2960819109658652,0.3333333333333333,0.3333333333333333,0.5,3
1900,0.0,0.0,0.5,0.08333333333333333,2
1905,0.3562071871080222,1.0,1.0,0.16666666666666666,1
1912,0.14126697285982898,0.3333333333333333,1.0,0.1111111111111111,3
1913,0.34870224750355494,0.6666666666666666,0.6666666666666666,0.2,3
193,0.7227265726449519,0.6,0.8,1.0,5
1931,1.0,1.0,1.0,1.0,1
1933,0.43067655807339306,1.0,1.0,0.25,1
1939,0.5,1.0,1.0,0.3333333333333333,1
1940,0.13565197343244778,0.3333333333333333,0.3333333333333333,0.1,3
1946,0.0,0.0,1.0,0.030303030303030304,3
1949,0.0,0.0,1.0,0.07692307692307693,1
1955,1.0,1.0,1.0,1.0,1
1959,0.0,0.0,1.0,0.017543859649122806,1
196,0.5109559939712153,1.0,1.0,0.3333333333333333,2
1963,0.31546487678572877,1.0,1.0,0.125,1
1966,0.0,0.0,1.0,0.07142857142857142,3
1967,1.0,1.0,1.0,1.0,1
197,1.0,1.0,1.0,1.0,1
1971,0.38685280723454163,1.0,1.0,0.2,1
1984,0.5,1.0,1.0,0.3333333333333333,1
1990,0.448643819352159,1.0,1.0,0.25,2
1995,1.0,1.0,1.0,1.0,1
1998,0.0,0.0,1.0,0.06666666666666667,1
1999,0.0,0.0,0.0,0.0,3
2004,0.6309297535714575,1.0,1.0,0.5,1
2007,0.6131471927654584,0.5,1.0,1.0,2
2017,0.0,0.0,1.0,0.03125,1
2024,0.38685280723454163,0.5,1.0,0.5,2
204,0.6131471927654584,0.5,0.5,1.0,2
2045,0.0,0.0,0.0,0.0,1
2048,0.0,0.0,0.0,0.0,4
2049,1.0,1.0,1.0,1.0,1
2053,1.0,1.0,1.0,1.0,1
2062,0.24630238874073,0.25,1.0,0.5,4
2066,0.16716045496620227,0.3333333333333333,1.0,0.16666666666666666,3
207,0.0,0.0,0.0,0.0,2
2076,1.0,1.0,1.0,1.0,1
2078,0.2920782154400332,0.6666666666666666,1.0,0.14285714285714285,3
2086,0.2890648263178879,1.0,1.0,0.1,1
2087,0.7039180890341347,0.6666666666666666,1.0,1.0,3
2090,0.0,0.0,1.0,0.09090909090909091,1
2096,0.0,0.0,1.0,0.045454545454545456,1
2097,0.6131471927654584,0.5,1.0,1.0,2
210,0.18154179253735267,0.3333333333333333,0.3333333333333333,0.2,3
2102,0.0,0.0,1.0,0.0625,3
2103,0.5,1.0,1.0,0.3333333333333333,1
211,1.0,1.0,1.0,1.0,1
2112,0.10778915452451093,0.16666666666666666,1.0,0.16666666666666666,6
2113,0.0,0.0,1.0,0.04,1
2114,0.3010299956639812,1.0,1.0,0.1111111111111111,1
2115,0.0,0.0,1.0,0.037037037037037035,2
2117,1.0,1.0,1.0,1.0,1
2120,0.8179809735263114,1.0,1.0,1.0,3
2123,1.0,1.0,1.0,1.0,1
2129,1.0,1.0,1.0,1.0,1
2132,1.0,1.0,1.0,1.0,1
2133,0.6309297535714575,1.0,1.0,0.5,1
2140,0.9060254355346823,1.0,1.0,1.0,3
2141,0.0,0.0,1.0,0.022222222222222223,1
2143,0.0,0.0,0.0,0.0,1
2147,0.0,0.0,0.5,0.024390243902439025,2
2156,0.0,0.0,1.0,0.09090909090909091,1
2164,0.21840743681816419,0.5,1.0,0.16666666666666666,2
2166,0.6309297535714575,1.0,1.0,0.5,1
2186,0.6309297535714575,1.0,1.0,0.5,1
2192,0.0,0.0,1.0,0.07142857142857142,3
2197,0.5881601264058984,1.0,1.0,0.5,3
2200,0.2890648263178879,1.0,1.0,0.1,1
2203,0.5,1.0,1.0,0.3333333333333333,1
222,0.0,0.0,0.4,0.058823529411764705,5
2224,0.0,0.0,1.0,0.03125,1
2225,0.0,0.0,1.0,0.02631578947368421,1
2234,1.0,1.0,1.0,1.0,1
2239,0.5,1.0,1.0,0.3333333333333333,1
2241,0.6131471927654584,0.5,1.0,1.0,2
2252,0.9674679834891693,1.0,1.0,1.0,3
2255,1.0,1.0,1.0,1.0,1
2261,1.0,1.0,1.0,1.0,2
2266,0.0,0.0,0.0,0.0,1
2270,1.0,1.0,1.0,1.0,1
2271,0.8503449055347546,1.0,1.0,1.0,2
2272,0.6105456988825855,0.6666666666666666,1.0,1.0,3
228,0.0,0.0,1.0,0.06666666666666667,2
2283,0.6131471927654584,0.5,0.5,1.0,2
2287,0.0,0.0,1.0,0.012987012987012988,1
2290,0.0,0.0,1.0,0.03225806451612903,1
2291,0.19519002499605084,0.25,1.0,0.3333333333333333,4
2292,0.0,0.0,0.3333333333333333,0.022222222222222223,3
2294,0.44615333764087994,0.4,1.0,1.0,5
2299,1.0,1.0,1.0,1.0,1
2301,0.2890648263178879,1.0,1.0,0.1,1
2312,1.0,1.0,1.0,1.0,1
2314,0.2960819109658652,0.3333333333333333,0.3333333333333333,0.5,3
2330,0.617319681505689,0.6666666666666666,0.6666666666666666,1.0,3
2340,0.6309297535714575,1.0,1.0,0.5,1
2343,0.2890648263178879,1.0,1.0,0.1,1
2345,0.0,0.0,1.0,0.05,1
2353,0.0,0.0,0.0,0.0,1
2355,0.5437713091520254,1.0,1.0,0.3333333333333333,2
2356,0.0,0.0,1.0,0.016666666666666666,1
2367,1.0,1.0,1.0,1.0,1
2370,0.0,0.0,1.0,0.07142857142857142,1
2375,0.13905617951077562,0.25,1.0,0.16666666666666666,4
2377,0.3065735963827292,0.5,1.0,0.3333333333333333,2
238,0.0,0.0,1.0,0.013888888888888888,2
2384,0.46927872602275644,0.3333333333333333,1.0,1.0,3
2393,1.0,1.0,1.0,1.0,1
2394,0.38685280723454163,0.5,1.0,0.5,2
2396,1.0,1.0,1.0,1.0,1
2397,0.46927872602275644,0.3333333333333333,1.0,1.0,3
2398,0.0,0.0,1.0,0.02631578947368421,1
2400,0.7864724919925569,1.0,1.0,1.0,3
2406,0.21840743681816419,0.5,1.0,0.16666666666666666,2
2416,0.3065735963827292,0.5,1.0,0.3333333333333333,2
2420,0.6309297535714575,1.0,1.0,0.5,1
2423,0.0,0.0,1.0,0.014925373134328358,1
2429,1.0,1.0,1.0,1.0,1
243,1.0,1.0,1.0,1.0,1
2430,0.0,0.0,0.6,0.019230769230769232,5
2432,0.0,0.0,1.0,0.0625,2
2438,1.0,1.0,1.0,1.0,1
244,0.0,0.0,1.0,0.08333333333333333,1
2445,0.9505310077117098,1.0,1.0,1.0,5
2449,0.0,0.0,0.0,0.0,1
2450,0.0,0.0,0.0,0.0,1
2454,1.0,1.0,1.0,1.0,1
2461,0.6309297535714575,1.0,1.0,0.5,1
2464,0.0,0.0,0.0,0.0,5
2474,0.3091941646995599,0.2222222222222222,0.8888888888888888,1.0,9
2481,0.9197207891481876,1.0,1.0,1.0,2
2488,0.6509209298071326,1.0,1.0,0.5,2
2499,0.7903864795495061,1.0,1.0,1.0,2
2502,0.0,0.0,1.0,0.022222222222222223,1
2505,0.5,1.0,1.0,0.3333333333333333,1
2516,0.0,0.0,0.0,0.0,1
2533,0.4632423659320675,0.6666666666666666,1.0,0.5,3
2539,1.0,1.0,1.0,1.0,1
256,0.19519002499605084,0.25,0.25,0.3333333333333333,4
2570,0.0,0.0,0.5,0.013157894736842105,2
2579,0.0,0.0,0.0,0.0,3
2580,1.0,1.0,1.0,1.0,1
2584,0.0,0.0,1.0,0.038461538461538464,2
2595,1.0,1.0,1.0,1.0,1
2596,0.6713860725233041,0.6666666666666666,0.6666666666666666,1.0,3
2598,0.9197207891481876,1.0,1.0,1.0,2
2602,1.0,1.0,1.0,1.0,2
2611,0.43067655807339306,1.0,1.0,0.25,1
2619,0.3562071871080222,1.0,1.0,0.16666666666666666,1
262,1.0,1.0,1.0,1.0,1
2625,0.0,0.0,1.0,0.038461538461538464,1
2627,1.0,1.0,1.0,1.0,1
2628,0.0,0.0,1.0,0.02,2
2631,0.18457569677956817,0.5,1.0,0.1111111111111111,2
2632,0.8315546295836225,1.0,1.0,1.0,2
2635,1.0,1.0,1.0,1.0,1
2636,0.46927872602275644,0.3333333333333333,0.3333333333333333,1.0,3
2641,1.0,1.0,1.0,1.0,1
2653,0.0,0.0,1.0,0.011363636363636364,1
2657,0.08274602130532002,0.14285714285714285,1.0,0.1111111111111111,7
2685,0.0,0.0,1.0,0.08333333333333333,2
2694,0.17723928678404774,0.5,1.0,0.1,2
2696,0.6052602440527057,1.0,1.0,0.5,2
2701,1.0,1.0,1.0,1.0,1
2702,0.43067655807339306,1.0,1.0,0.25,1
2704,0.8315546295836225,1.0,1.0,1.0,2
2712,1.0,1.0,1.0,1.0,1
2721,0.42140541397218306,0.75,1.0,0.25,4
2722,0.3903800499921017,0.25,0.5,1.0,4
2723,0.23719771276929622,0.5,1.0,0.2,2
2724,0.6131471927654584,0.5,0.5,1.0,2
2728,0.1480409554829326,0.3333333333333333,1.0,0.125,3
2734,0.43067655807339306,1.0,1.0,0.25,1
2739,0.11706259313796354,0.16666666666666666,1.0,0.2,6
2745,0.0,0.0,0.3333333333333333,0.021739130434782608,3
2750,0.5012658353418871,1.0,1.0,0.25,2
2753,0.6131471927654584,0.5,1.0,1.0,2
2758,1.0,1.0,1.0,1.0,1
2759,0.38685280723454163,0.5,1.0,0.5,2
276,0.3065735963827292,0.5,0.5,0.3333333333333333,2
2768,0.3562071871080222,1.0,1.0,0.16666666666666666,1
2777,0.6309297535714575,1.0,1.0,0.5,1
2780,0.5585075862632192,0.5,1.0,1.0,4
2788,0.6131471927654584,0.5,1.0,1.0,2
2789,0.5173087569496825,1.0,1.0,0.25,3
2798,1.0,1.0,1.0,1.0,1
2803,0.8175295903539445,1.0,1.0,1.0,2
2811,1.0,1.0,1.0,1.0,1
2816,0.38972337529357015,0.42857142857142855,1.0,0.5,7
2824,0.38685280723454163,0.5,1.0,0.5,2
2826,0.0,0.0,1.0,0.05263157894736842,1
2832,1.0,1.0,1.0,1.0,1
284,0.15642624200758548,0.3333333333333333,0.3333333333333333,0.14285714285714285,3
2848,0.20210734650054757,0.3333333333333333,1.0,0.25,3
2857,0.6131471927654584,0.5,1.0,1.0,2
2858,0.6105456988825855,0.6666666666666666,1.0,1.0,3
2860,1.0,1.0,1.0,1.0,1
2867,0.0,0.0,0.0,0.0,1
2869,1.0,1.0,1.0,1.0,1
2875,0.0,0.0,1.0,0.02564102564102564,1
2879,0.0,0.0,1.0,0.029411764705882353,1
2893,1.0,1.0,1.0,1.0,1
2896,0.0,0.0,1.0,0.02040816326530612,1
29,0.38685280723454163,0.5,0.5,0.5,2
290,0.0,0.0,1.0,0.02702702702702703,1
2900,0.48247555939075504,1.0,1.0,0.25,2
2901,0.6309297535714575,1.0,1.0,0.5,1
2903,0.6309297535714575,1.0,1.0,0.5,1
2904,1.0,1.0,1.0,1.0,1
2911,1.0,1.0,1.0,1.0,1
2915,0.0,0.0,1.0,0.05,1
2931,0.0,0.0,1.0,0.023255813953488372,1
2936,0.6096199500078984,0.75,1.0,0.5,4
2942,0.43067655807339306,1.0,1.0,0.25,1
2948,0.6131471927654584,0.5,1.0,1.0,2
2955,0.5,1.0,1.0,0.3333333333333333,1
2960,0.1480409554829326,0.3333333333333333,1.0,0.125,3
2961,0.0,0.0,0.0,0.0,3
2964,0.43067655807339306,1.0,1.0,0.25,1
2968,0.6366824387328317,0.5,1.0,1.0,4
2977,0.6131471927654584,0.5,1.0,1.0,2
2988,1.0,1.0,1.0,1.0,3
299,0.0,0.0,0.6666666666666666,0.010752688172043012,3
2991,0.7977228895450266,1.0,1.0,1.0,2
2999,0.6309297535714575,1.0,1.0,0.5,1
3003,0.0,0.0,1.0,0.016129032258064516,1
3013,0.0,0.0,0.0,0.0,2
3014,0.7574391522808,1.0,1.0,0.5,5
3015,0.0,0.0,1.0,0.09090909090909091,2
3019,0.46927872602275644,0.3333333333333333,0.3333333333333333,1.0,3
302,1.0,1.0,1.0,1.0,2
3020,0.2960819109658652,0.3333333333333333,1.0,0.5,3
3021,0.0,0.0,1.0,0.041666666666666664,1
3022,0.5833416105149332,1.0,1.0,0.3333333333333333,3
3026,0.626021691285488,0.8333333333333334,1.0,0.5,6
3033,0.0,0.0,1.0,0.015873015873015872,1
3034,1.0,1.0,1.0,1.0,1
3039,0.0,0.0,1.0,0.05263157894736842,1
3040,0.2640681225725909,0.5,1.0,0.25,2
3044,1.0,1.0,1.0,1.0,1
3047,0.8503449055347546,1.0,1.0,1.0,2
3051,0.0,0.0,1.0,0.037037037037037035,1
3053,0.0,0.0,1.0,0.015873015873015872,1
3057,0.5,1.0,1.0,0.3333333333333333,1
306,0.43067655807339306,1.0,1.0,0.25,1
3060,0.3562071871080222,1.0,1.0,0.16666666666666666,1
3061,0.19342640361727081,0.5,1.0,0.125,2
3073,0.5,1.0,1.0,0.3333333333333333,1
308,0.3010299956639812,1.0,1.0,0.1111111111111111,1
3081,0.5,1.0,1.0,0.3333333333333333,1
3090,0.0,0.0,1.0,0.037037037037037035,3
3092,0.4808336660235955,0.75,1.0,0.3333333333333333,4
3093,1.0,1.0,1.0,1.0,2
3097,0.7246262544989281,0.75,1.0,1.0,4
3098,1.0,1.0,1.0,1.0,1
31,0.0,0.0,0.0,0.0,1
3111,0.0,0.0,0.5,0.047619047619047616,2
3114,0.0,0.0,1.0,0.01,1
3115,0.3065735963827292,0.5,1.0,0.3333333333333333,2
3125,0.6309297535714575,1.0,1.0,0.5,1
3126,0.38685280723454163,1.0,1.0,0.2,1
3128,1.0,1.0,1.0,1.0,1
3131,1.0,1.0,1.0,1.0,1
3133,0.8065735963827293,1.0,1.0,1.0,2
3140,1.0,1.0,1.0,1.0,1
3149,0.20438239758848611,0.5,1.0,0.14285714285714285,2
315,0.8318724637288826,0.75,1.0,1.0,4
3151,0.2890648263178879,1.0,1.0,0.1,1
3153,1.0,1.0,1.0,1.0,1
3158,0.16812753627111746,0.25,1.0,0.25,4
3164,0.0,0.0,1.0,0.05555555555555555,2
3165,0.8223538668023914,0.75,0.875,1.0,8
3172,0.3562071871080222,1.0,1.0,0.16666666666666666,1
3173,0.0,0.0,1.0,0.06666666666666667,2
3188,1.0,1.0,1.0,1.0,1
3194,0.0,0.0,1.0,0.025,1
32,0.0,0.0,1.0,0.027777777777777776,2
3203,0.38685280723454163,0.5,1.0,0.5,2
3207,0.0,0.0,0.0,0.0,4
3210,0.8772153153380493,1.0,1.0,1.0,2
3211,0.5437713091520254,1.0,1.0,0.3333333333333333,2
3212,1.0,1.0,1.0,1.0,1
3218,0.3391602052736161,0.2,1.0,1.0,5
3231,0.0,0.0,0.0,0.0,2
3234,0.0,0.0,0.0,0.0,1
324,0.6380228380792293,0.75,1.0,1.0,4
3265,0.312706129752478,0.5,1.0,0.3333333333333333,4
327,0.6131471927654584,0.5,1.0,1.0,2
3273,1.0,1.0,1.0,1.0,1
3274,0.0,0.0,0.0,0.0,1
3284,0.0,0.0,1.0,0.041666666666666664,1
3285,0.3391602052736161,0.2,0.6,1.0,5
3302,1.0,1.0,1.0,1.0,1
3306,0.3980847300545424,0.6,1.0,0.25,5
3308,1.0,1.0,1.0,1.0,1
3311,0.6182885020492784,1.0,1.0,0.3333333333333333,3
3319,1.0,1.0,1.0,1.0,1
3337,0.0,0.0,1.0,0.08333333333333333,1
3338,0.8772153153380493,1.0,1.0,1.0,2
3341,0.3422220729283414,0.3333333333333333,0.6666666666666666,0.5,6
3342,0.0,0.0,0.5,0.024390243902439025,4
3352,0.0,0.0,1.0,0.058823529411764705,1
3355,0.3562071871080222,1.0,1.0,0.16666666666666666,1
3357,0.44349150120852054,0.5,1.0,0.5,8
3358,0.5012658353418871,1.0,1.0,0.25,2
3362,0.0,0.0,1.0,0.03225806451612903,1
3364,1.0,1.0,1.0,1.0,1
3371,0.5,1.0,1.0,0.3333333333333333,1
3379,1.0,1.0,1.0,1.0,1
3391,1.0,1.0,1.0,1.0,1
3393,0.0,0.0,0.5,0.013513513513513514,2
3399,0.0,0.0,0.0,0.0,1
34,0.20438239758848611,0.5,1.0,0.14285714285714285,2
3401,0.7613569414627896,1.0,1.0,1.0,3
3427,0.6309297535714575,1.0,1.0,0.5,1
3443,0.0,0.0,0.0,0.0,1
3444,0.5,1.0,1.0,0.3333333333333333,1
3453,1.0,1.0,1.0,1.0,1
3456,0.0,0.0,0.0,0.0,1
3459,0.0,0.0,0.0,0.0,1
3461,1.0,1.0,1.0,1.0,2
3472,0.9197207891481876,1.0,1.0,1.0,2
3474,0.0,0.0,0.0,0.0,1
3479,0.0,0.0,0.0,0.0,1
3481,1.0,1.0,1.0,1.0,1
3483,0.43067655807339306,1.0,1.0,0.25,1
3489,0.0,0.0,0.0,0.0,2
3492,1.0,1.0,1.0,1.0,1
35,1.0,1.0,1.0,1.0,1
3501,1.0,1.0,1.0,1.0,1
3506,0.0,0.0,1.0,0.05263157894736842,1
3509,1.0,1.0,1.0,1.0,1
3515,0.0,0.0,0.0,0.0,1
3522,0.3562071871080222,1.0,1.0,0.16666666666666666,1
3526,0.0,0.0,1.0,0.022727272727272728,1
3530,0.6131471927654584,0.5,1.0,1.0,2
3532,0.23463936301137822,0.3333333333333333,1.0,0.3333333333333333,3
3537,0.0,0.0,0.6666666666666666,0.05555555555555555,3
354,0.0,0.0,1.0,0.05555555555555555,3
3543,0.21840743681816419,0.5,0.5,0.16666666666666666,2
3546,0.31546487678572877,1.0,1.0,0.125,1
355,0.7977228895450266,1.0,1.0,1.0,2
3551,0.0,0.0,0.3333333333333333,0.0125,3
3557,0.617319681505689,0.6666666666666666,1.0,1.0,3
356,0.0,0.0,0.0,0.0,1
3568,0.6131471927654584,0.5,1.0,1.0,2
3570,1.0,1.0,1.0,1.0,1
3571,1.0,1.0,1.0,1.0,2
3574,0.0,0.0,0.0,0.0,1
3578,0.9197207891481876,1.0,1.0,1.0,2
3582,1.0,1.0,1.0,1.0,1
3591,0.0,0.0,1.0,0.05263157894736842,1
3593,0.0,0.0,0.0,0.0,1
3594,0.9197207891481876,1.0,1.0,1.0,2
3595,0.6309297535714575,1.0,1.0,0.5,1
3596,1.0,1.0,1.0,1.0,2
3599,0.36926780146674987,0.6666666666666666,1.0,0.25,3
3600,0.3065735963827292,0.5,1.0,0.3333333333333333,2
3605,0.0,0.0,1.0,0.05,3
3609,0.0,0.0,0.0,0.0,1
3618,1.0,1.0,1.0,1.0,1
3628,0.0,0.0,1.0,0.058823529411764705,1
363,0.0,0.0,0.6666666666666666,0.0196078431372549,3
3637,1.0,1.0,1.0,1.0,1
3638,1.0,1.0,1.0,1.0,1
3639,0.4227898344066503,1.0,1.0,0.16666666666666666,2
364,0.3562071871080222,1.0,1.0,0.16666666666666666,1
3640,0.0,0.0,0.0,0.0,1
3645,1.0,1.0,1.0,1.0,1
3646,0.2890648263178879,1.0,1.0,0.1,1
3655,0.8503449055347546,1.0,1.0,1.0,2
3656,0.6131471927654584,0.5,1.0,1.0,2
3657,0.0,0.0,1.0,0.05263157894736842,1
3663,1.0,1.0,1.0,1.0,1
3675,0.46927872602275644,0.3333333333333333,1.0,1.0,3
3677,0.33856698071782837,0.42857142857142855,0.8571428571428571,0.3333333333333333,7
368,0.7653606369886217,0.6666666666666666,1.0,1.0,3
3689,0.5706417189553201,1.0,1.0,0.3333333333333333,2
3691,0.0,0.0,0.0,0.0,1
370,0.23719771276929622,0.5,1.0,0.2,2
3700,1.0,1.0,1.0,1.0,1
3702,0.3562071871080222,1.0,1.0,0.16666666666666666,1
371,0.7409096387260823,0.6666666666666666,1.0,1.0,6
3710,0.6309297535714575,1.0,1.0,0.5,1
3712,0.3333333333333333,1.0,1.0,0.14285714285714285,1
3715,0.3562071871080222,1.0,1.0,0.16666666666666666,1
3717,0.43067655807339306,1.0,1.0,0.25,1
3721,0.0,0.0,0.0,0.0,1
3725,0.11284514134893527,0.25,1.0,0.1,4
3730,0.43067655807339306,1.0,1.0,0.25,1
3738,0.8503449055347546,1.0,1.0,1.0,2
3743,0.86034433104172,1.0,1.0,1.0,3
3744,0.3010299956639812,1.0,1.0,0.1111111111111111,1
3750,0.0,0.0,1.0,0.05,2
3751,1.0,1.0,1.0,1.0,1
3755,0.23719771276929622,0.5,1.0,0.2,2
3758,0.0,0.0,0.0,0.0,3
3765,0.0,0.0,0.5,0.05263157894736842,4
3769,1.0,1.0,1.0,1.0,1
377,1.0,1.0,1.0,1.0,1
3770,0.26836379988737025,0.3333333333333333,1.0,0.3333333333333333,6
3772,0.0,0.0,0.0,0.0,1
3774,0.48247555939075504,1.0,1.0,0.25,2
3777,0.3562071871080222,1.0,1.0,0.16666666666666666,1
378,0.3562071871080222,1.0,1.0,0.16666666666666666,1
3793,0.23719771276929622,0.5,0.5,0.2,2
3795,0.0,0.0,1.0,0.01694915254237288,1
3796,0.8503449055347546,1.0,1.0,1.0,2
3800,0.0,0.0,1.0,0.01818181818181818,1
3807,0.0,0.0,0.0,0.0,3
3824,0.6131471927654584,0.5,1.0,1.0,2
3833,0.4373103991125936,0.75,1.0,0.25,4
3834,0.2890648263178879,1.0,1.0,0.1,1
3839,0.4367467095119258,0.6666666666666666,1.0,0.3333333333333333,3
3843,0.20438239758848611,0.5,1.0,0.14285714285714285,2
3848,0.5508095940041026,1.0,1.0,0.25,3
3849,0.6309297535714575,1.0,1.0,0.5,1
385,0.0,0.0,0.0,0.0,2
3851,0.6309297535714575,1.0,1.0,0.5,1
3854,0.3010299956639812,1.0,1.0,0.1111111111111111,1
3857,0.7757386182436072,0.75,1.0,1.0,4
3862,0.7864489426433972,0.8,1.0,1.0,5
3865,0.5051284895111403,1.0,1.0,0.2,3
3875,0.0,0.0,1.0,0.029411764705882353,1
3877,0.6309297535714575,1.0,1.0,0.5,1
3883,0.0,0.0,1.0,0.058823529411764705,1
3888,1.0,1.0,1.0,1.0,1
3892,0.6309297535714575,1.0,1.0,0.5,1
3894,0.46927872602275644,0.3333333333333333,1.0,1.0,3
3901,0.38685280723454163,0.5,1.0,0.5,2
3910,0.0,0.0,1.0,0.09090909090909091,1
3917,0.17723928678404774,0.5,0.5,0.1,2
3925,0.0,0.0,0.0,0.0,1
3934,0.17723928678404774,0.5,0.5,0.1,2
3938,0.8772153153380493,1.0,1.0,1.0,2
3941,1.0,1.0,1.0,1.0,1
3942,1.0,1.0,1.0,1.0,2
3950,0.19342640361727081,0.5,0.5,0.125,2
3953,0.6131471927654584,0.5,0.5,1.0,2
3958,0.812653045383133,1.0,1.0,1.0,3
3977,0.18154179253735267,0.3333333333333333,1.0,0.2,3
3982,0.0,0.0,1.0,0.06666666666666667,2
3986,0.0,0.0,1.0,0.015151515151515152,1
3993,0.6309297535714575,1.0,1.0,0.5,1
3997,1.0,1.0,1.0,1.0,1
3999,0.6309297535714575,1.0,1.0,0.5,1
4006,0.6131471927654584,0.5,1.0,1.0,2
4010,0.5391065605018962,1.0,1.0,0.3333333333333333,3
4019,0.43067655807339306,1.0,1.0,0.25,1
4024,0.21840743681816419,0.5,0.5,0.16666666666666666,2
4026,0.0,0.0,0.5,0.013513513513513514,4
4031,0.0,0.0,0.25,0.027777777777777776,4
4039,1.0,1.0,1.0,1.0,1
4048,0.6131471927654584,0.5,1.0,1.0,2
405,1.0,1.0,1.0,1.0,1
4050,0.44924779852437446,0.42857142857142855,1.0,1.0,7
4051,0.6309297535714575,1.0,1.0,0.5,1
4056,0.0,0.0,1.0,0.012987012987012988,2
4057,1.0,1.0,1.0,1.0,1
4059,0.7653606369886217,0.6666666666666666,1.0,1.0,3
4064,1.0,1.0,1.0,1.0,1
4072,1.0,1.0,1.0,1.0,1
4074,0.6309297535714575,1.0,1.0,0.5,1
4078,0.7974049492783576,0.8,1.0,1.0,5
4085,1.0,1.0,1.0,1.0,1
4088,0.2960819109658652,0.3333333333333333,1.0,0.5,3
4102,0.0,0.0,0.5,0.010416666666666666,2
4106,0.0,0.0,1.0,0.041666666666666664,1
4111,0.4580939004085911,0.6,1.0,0.5,5
4113,1.0,1.0,1.0,1.0,1
4114,0.0,0.0,0.0,0.0,4
4119,0.19342640361727081,0.5,1.0,0.125,2
4122,0.0,0.0,1.0,0.03225806451612903,1
4130,0.38685280723454163,0.5,1.0,0.5,2
4131,0.8503449055347546,1.0,1.0,1.0,2
4137,0.6713860725233041,0.6666666666666666,1.0,1.0,3
4147,0.6309297535714575,1.0,1.0,0.5,1
4151,0.16958010263680806,0.2,0.6,0.3333333333333333,5
4157,1.0,1.0,1.0,1.0,1
416,0.6131471927654584,0.5,0.5,1.0,2
4166,0.0,0.0,0.0,0.0,1
4167,0.6309297535714575,1.0,1.0,0.5,1
4169,0.0,0.0,0.0,0.0,1
4170,0.43067655807339306,1.0,1.0,0.25,1
4173,0.7653606369886217,0.6666666666666666,1.0,1.0,3
4174,0.3065735963827292,0.5,0.5,0.3333333333333333,2
4175,0.8175295903539445,1.0,1.0,1.0,2
4183,1.0,1.0,1.0,1.0,1
419,0.6309297535714575,1.0,1.0,0.5,1
4199,0.5,1.0,1.0,0.3333333333333333,1
42,1.0,1.0,1.0,1.0,1
4203,0.7653606369886217,0.6666666666666666,1.0,1.0,3
4219,0.8772153153380493,1.0,1.0,1.0,2
4223,1.0,1.0,1.0,1.0,1
4224,1.0,1.0,1.0,1.0,1
423,0.5307212739772434,0.6666666666666666,1.0,0.5,3
4230,0.16812753627111746,0.25,0.75,0.25,4
4237,0.2890648263178879,1.0,1.0,0.1,1
4245,0.0,0.0,1.0,0.058823529411764705,1
4258,0.0,0.0,0.0,0.0,2
4266,1.0,1.0,1.0,1.0,1
4271,0.16716045496620227,0.3333333333333333,0.6666666666666666,0.16666666666666666,3
4276,1.0,1.0,1.0,1.0,1
4280,1.0,1.0,1.0,1.0,1
4290,0.0,0.0,1.0,0.07692307692307693,1
4294,0.5855700749881525,0.5,0.75,1.0,4
4295,0.5249161118977292,1.0,1.0,0.25,3
4297,0.38685280723454163,0.5,1.0,0.5,2
4303,0.7246262544989281,0.75,1.0,1.0,4
4309,0.2640681225725909,0.5,1.0,0.25,2
431,0.4931948163033745,0.5,1.0,1.0,8
4312,0.12647135138382856,0.125,0.75,0.3333333333333333,8
4315,1.0,1.0,1.0,1.0,1
4318,0.30277790529042314,0.3333333333333333,0.7777777777777778,0.5,9
4322,0.19342640361727081,0.5,1.0,0.125,2
4328,0.21840743681816419,0.5,1.0,0.16666666666666666,2
4331,0.0,0.0,0.0,0.0,3
4336,0.6131471927654584,0.5,0.5,1.0,2
4338,0.0,0.0,1.0,0.07692307692307693,1
434,0.21840743681816419,0.5,1.0,0.16666666666666666,2
4342,0.2640681225725909,0.5,1.0,0.25,2
4345,0.75369761125927,0.75,1.0,1.0,4
4348,0.8318724637288826,0.75,0.75,1.0,4
435,0.4525081529734507,0.6666666666666666,1.0,0.5,3
4354,1.0,1.0,1.0,1.0,1
4357,0.6340499455108034,1.0,1.0,0.5,3
4361,0.2890648263178879,1.0,1.0,0.1,1
4367,0.6653497124326151,1.0,1.0,0.5,3
437,0.6309297535714575,1.0,1.0,0.5,1
4374,0.0,0.0,0.5,0.037037037037037035,2
4377,0.4539036202482202,0.3333333333333333,0.3333333333333333,1.0,6
4380,0.3065735963827292,0.5,1.0,0.3333333333333333,2
4388,0.2960819109658652,0.3333333333333333,0.3333333333333333,0.5,3
4389,0.20210734650054757,0.3333333333333333,1.0,0.25,3
4391,0.3562071871080222,1.0,1.0,0.16666666666666666,1
4397,0.31546487678572877,1.0,1.0,0.125,1
440,0.3333333333333333,1.0,1.0,0.14285714285714285,1
4400,0.4441228664487979,0.6666666666666666,1.0,0.5,3
4401,0.0,0.0,1.0,0.023255813953488372,1
4404,1.0,1.0,1.0,1.0,1
4414,0.30281242839865,0.6666666666666666,1.0,0.16666666666666666,3
4418,0.0,0.0,0.0,0.0,1
4432,0.0,0.0,0.5,0.016666666666666666,2
4434,0.38685280723454163,1.0,1.0,0.2,1
4435,0.0,0.0,1.0,0.03571428571428571,1
4439,1.0,1.0,1.0,1.0,1
4448,0.3065735963827292,0.5,0.5,0.3333333333333333,2
446,0.1208113026994942,0.2,1.0,0.16666666666666666,5
4468,0.0,0.0,0.0,0.0,1
4473,0.46927872602275644,0.3333333333333333,0.6666666666666666,1.0,3
4476,0.0,0.0,0.0,0.0,1
4483,0.43067655807339306,1.0,1.0,0.25,1
4484,0.5,1.0,1.0,0.3333333333333333,1
4485,0.2893079283427616,0.6666666666666666,1.0,0.125,3
4489,0.43067655807339306,1.0,1.0,0.25,1
449,0.38685280723454163,1.0,1.0,0.2,1
4514,0.0,0.0,1.0,0.043478260869565216,1
4515,0.24630238874073,0.25,0.75,0.5,4
4521,0.6843515475204855,0.6,0.6,1.0,5
4523,0.0,0.0,1.0,0.06666666666666667,2
4525,0.0,0.0,1.0,0.0625,3
4538,0.48247555939075504,1.0,1.0,0.25,2
455,0.0,0.0,0.5,0.022727272727272728,2
4557,0.5,1.0,1.0,0.3333333333333333,1
4567,0.38685280723454163,0.5,1.0,0.5,2
4572,0.6131471927654584,0.5,1.0,1.0,2
4576,0.37590633587120725,0.6666666666666666,1.0,0.3333333333333333,3
4577,0.0,0.0,1.0,0.03333333333333333,1
4583,0.123151194370365,0.25,1.0,0.125,4
4585,0.23719771276929622,0.5,1.0,0.2,2
4587,0.13565197343244778,0.3333333333333333,0.6666666666666666,0.1,3
459,1.0,1.0,1.0,1.0,2
4590,0.0,0.0,0.3333333333333333,0.04,3
4596,0.6309297535714575,1.0,1.0,0.5,1
4597,0.0,0.0,0.0,0.0,3
4609,0.0,0.0,0.0,0.0,1
4614,0.21840743681816419,0.5,1.0,0.16666666666666666,2
4615,0.31546487678572877,1.0,1.0,0.125,1
4616,1.0,1.0,1.0,1.0,1
462,0.21840743681816419,0.5,1.0,0.16666666666666666,2
4620,0.0,0.0,0.0,0.0,1
4621,0.16812753627111746,0.25,1.0,0.25,4
4627,0.5646074506121889,1.0,1.0,0.3333333333333333,4
4630,0.0,0.0,1.0,0.09090909090909091,1
4639,0.0,0.0,1.0,0.01694915254237288,1
4644,1.0,1.0,1.0,1.0,1
4647,0.0,0.0,1.0,0.03571428571428571,2
4648,1.0,1.0,1.0,1.0,2
4649,0.0,0.0,0.5,0.07142857142857142,2
4651,0.38685280723454163,1.0,1.0,0.2,1
4656,0.0,0.0,1.0,0.03225806451612903,2
4659,1.0,1.0,1.0,1.0,3
466,0.0,0.0,0.6,0.05555555555555555,5
4673,0.0,0.0,1.0,0.05263157894736842,1
4674,0.5012658353418871,1.0,1.0,0.25,2
4677,0.6131471927654584,0.5,1.0,1.0,2
4679,0.3333333333333333,1.0,1.0,0.14285714285714285,1
4683,1.0,1.0,1.0,1.0,1
4692,0.2890648263178879,1.0,1.0,0.1,1
4697,1.0,1.0,1.0,1.0,1
4698,0.38685280723454163,0.5,1.0,0.5,2
4699,0.3333333333333333,1.0,1.0,0.14285714285714285,1
47,0.0,0.0,1.0,0.015384615384615385,1
4706,0.6309297535714575,1.0,1.0,0.5,1
4707,0.6052602440527057,1.0,1.0,0.5,2
471,0.5,1.0,1.0,0.3333333333333333,1
4719,1.0,1.0,1.0,1.0,1
4721,1.0,1.0,1.0,1.0,1
4724,0.16716045496620227,0.3333333333333333,0.6666666666666666,0.16666666666666666,3
4731,0.31546487678572877,1.0,1.0,0.125,1
4737,1.0,1.0,1.0,1.0,1
4742,0.0,0.0,0.0,0.0,2
4743,0.0,0.0,0.0,0.0,1
4747,1.0,1.0,1.0,1.0,1
4748,0.0,0.0,0.5,0.047619047619047616,2
4751,1.0,1.0,1.0,1.0,1
4756,0.0,0.0,1.0,0.09090909090909091,1
4759,0.6934264036172708,1.0,1.0,0.5,2
4765,1.0,1.0,1.0,1.0,1
4770,0.07311683844390994,0.125,0.625,0.1,8
4772,1.0,1.0,1.0,1.0,1
4773,0.23463936301137822,0.3333333333333333,1.0,0.3333333333333333,3
4777,0.6509209298071326,1.0,1.0,0.5,2
478,0.0,0.0,1.0,0.020833333333333332,1
4783,0.0,0.0,1.0,0.05263157894736842,1
4785,0.0,0.0,0.25,0.05,4
4792,0.0,0.0,1.0,0.043478260869565216,1
4796,1.0,1.0,1.0,1.0,1
4808,1.0,1.0,1.0,1.0,1
4811,1.0,1.0,1.0,1.0,1
4819,0.8503449055347546,1.0,1.0,1.0,2
4830,1.0,1.0,1.0,1.0,1
4831,1.0,1.0,1.0,1.0,2
4840,0.43067655807339306,1.0,1.0,0.25,1
485,0.0,0.0,0.0,0.0,1
4853,0.0,0.0,0.0,0.0,2
4855,1.0,1.0,1.0,1.0,1
4867,0.0,0.0,1.0,0.0625,1
4876,0.0,0.0,1.0,0.06666666666666667,1
4880,0.0,0.0,0.0,0.0,3
4885,0.0,0.0,1.0,0.04,1
4887,0.13012668333070054,0.25,0.25,0.14285714285714285,4
4890,0.4371994911049732,0.4,1.0,1.0,5
4891,0.8971754588393882,0.8571428571428571,1.0,1.0,7
4902,0.0,0.0,0.0,0.0,1
4903,0.6217937096682962,0.6,1.0,1.0,5
4908,0.38364913903790027,0.6666666666666666,1.0,0.25,3
4917,0.0,0.0,1.0,0.027777777777777776,2
492,0.17723928678404774,0.5,1.0,0.1,2
4922,0.6131471927654584,0.5,1.0,1.0,2
4926,0.31546487678572877,1.0,1.0,0.125,1
4930,0.0,0.0,0.0,0.0,1
4935,1.0,1.0,1.0,1.0,1
4937,0.8175295903539445,1.0,1.0,1.0,2
4939,0.38685280723454163,1.0,1.0,0.2,1
4947,0.6309297535714575,1.0,1.0,0.5,1
4948,0.0,0.0,1.0,0.0625,1
4950,0.31546487678572877,1.0,1.0,0.125,1
4951,1.0,1.0,1.0,1.0,1
4953,1.0,1.0,1.0,1.0,1
4958,0.6131471927654584,0.5,1.0,1.0,2
4961,1.0,1.0,1.0,1.0,1
497,0.46927872602275644,0.3333333333333333,0.3333333333333333,1.0,3
4971,0.0,0.0,1.0,0.03333333333333333,3
4973,0.17723928678404774,0.5,1.0,0.1,2
4980,0.0,0.0,0.0,0.0,1
4983,0.5,1.0,1.0,0.3333333333333333,1
4992,0.0,0.0,1.0,0.09090909090909091,1
4995,0.0,0.0,1.0,0.09090909090909091,2
4996,0.2960819109658652,0.3333333333333333,1.0,0.5,3
5001,1.0,1.0,1.0,1.0,1
5006,0.0,0.0,1.0,0.010309278350515464,1
5007,0.0,0.0,1.0,0.08333333333333333,2
5015,0.17723928678404774,0.5,1.0,0.1,2
5018,0.0,0.0,1.0,0.02857142857142857,1
5029,1.0,1.0,1.0,1.0,1
5035,0.4632423659320675,0.6666666666666666,1.0,0.5,3
5039,0.39564672360221187,1.0,1.0,0.16666666666666666,2
5046,0.9197207891481876,1.0,1.0,1.0,2
5047,0.0,0.0,0.6666666666666666,0.058823529411764705,3
5048,0.24630238874073,0.25,0.5,0.5,4
5051,0.0,0.0,0.3333333333333333,0.017857142857142856,3
5054,1.0,1.0,1.0,1.0,2
5055,0.2890648263178879,1.0,1.0,0.1,1
5057,1.0,1.0,1.0,1.0,1
5064,0.4144299250118475,0.5,1.0,0.5,4
5069,0.8065735963827293,1.0,1.0,1.0,2
5070,0.5,1.0,1.0,0.3333333333333333,1
5072,0.7884936445584501,0.8571428571428571,1.0,1.0,7
5076,0.9197207891481876,1.0,1.0,1.0,2
5077,0.0,0.0,1.0,0.08333333333333333,1
5082,0.6131471927654584,0.5,1.0,1.0,2
5084,0.0,0.0,0.3333333333333333,0.02127659574468085,3
5088,0.20210734650054757,0.3333333333333333,1.0,0.25,3
5094,0.8503449055347546,1.0,1.0,1.0,2
5095,1.0,1.0,1.0,1.0,1
5097,0.43067655807339306,1.0,1.0,0.25,1
5098,1.0,1.0,1.0,1.0,2
5104,0.48381288316677695,1.0,1.0,0.3333333333333333,2
5106,1.0,1.0,1.0,1.0,1
5107,1.0,1.0,1.0,1.0,1
5108,0.6309297535714575,1.0,1.0,0.5,1
5113,1.0,1.0,1.0,1.0,1
5115,1.0,1.0,1.0,1.0,1
5120,1.0,1.0,1.0,1.0,1
5122,0.5802792108518124,1.0,1.0,0.5,2
5129,0.8194270280062366,1.0,1.0,1.0,3
5130,0.6131471927654584,0.5,1.0,1.0,2
5132,0.2640681225725909,0.5,1.0,0.25,2
5149,0.6309297535714575,1.0,1.0,0.5,1
5151,0.0,0.0,0.0,0.0,2
5157,0.6131471927654584,0.5,1.0,1.0,2
5163,0.3562071871080222,1.0,1.0,0.16666666666666666,1
5164,1.0,1.0,1.0,1.0,1
5167,1.0,1.0,1.0,1.0,1
5174,0.5706417189553201,1.0,1.0,0.3333333333333333,2
5177,0.0,0.0,1.0,0.029411764705882353,1
5186,0.6131471927654584,0.5,0.5,1.0,2
5188,1.0,1.0,1.0,1.0,1
519,0.7039180890341347,0.6666666666666666,1.0,1.0,3
5190,0.0,0.0,1.0,0.07142857142857142,2
5192,0.0,0.0,0.5,0.02564102564102564,2
520,0.38685280723454163,1.0,1.0,0.2,1
5202,1.0,1.0,1.0,1.0,1
521,0.6713860725233041,0.6666666666666666,0.6666666666666666,1.0,3
5213,0.0,0.0,0.0,0.0,1
5215,0.0,0.0,0.0,0.0,1
5219,1.0,1.0,1.0,1.0,1
522,0.21840743681816419,0.5,1.0,0.16666666666666666,2
5224,1.0,1.0,1.0,1.0,1
5232,0.38685280723454163,1.0,1.0,0.2,1
5235,0.34451018072577044,0.42857142857142855,1.0,0.5,7
5241,0.8070380459557518,1.0,1.0,1.0,3
5245,1.0,1.0,1.0,1.0,1
5251,0.6509209298071326,1.0,1.0,0.5,2
5256,0.0,0.0,1.0,0.02631578947368421,1
5257,1.0,1.0,1.0,1.0,1
5266,1.0,1.0,1.0,1.0,1
5269,0.31546487678572877,1.0,1.0,0.125,1
5277,0.0,0.0,1.0,0.03333333333333333,1
5278,1.0,1.0,1.0,1.0,1
5284,0.3706656904013186,1.0,1.0,0.125,2
5287,1.0,1.0,1.0,1.0,1
5295,0.6804558477306826,0.75,1.0,1.0,4
5297,0.3562071871080222,1.0,1.0,0.16666666666666666,1
5300,0.0,0.0,0.0,0.0,1
5302,0.0,0.0,1.0,0.05555555555555555,1
5314,0.6309297535714575,1.0,1.0,0.5,1
5315,1.0,1.0,1.0,1.0,1
5316,0.43067655807339306,1.0,1.0,0.25,1
5319,0.7903864795495061,1.0,1.0,1.0,2
5322,1.0,1.0,1.0,1.0,1
5323,0.6309297535714575,1.0,1.0,0.5,1
5325,1.0,1.0,1.0,1.0,1
5327,0.11751610475642714,0.25,1.0,0.1111111111111111,4
5340,0.6131471927654584,0.5,1.0,1.0,2
5341,0.2960819109658652,0.3333333333333333,1.0,0.5,3
5343,0.6934264036172708,1.0,1.0,0.5,2
5347,0.21840743681816419,0.5,1.0,0.16666666666666666,2
5352,0.23463936301137822,0.3333333333333333,0.6666666666666666,0.3333333333333333,3
5356,0.6131471927654584,0.5,0.5,1.0,2
5358,1.0,1.0,1.0,1.0,1
5369,1.0,1.0,1.0,1.0,1
5381,0.8175295903539445,1.0,1.0,1.0,2
5384,0.1480409554829326,0.3333333333333333,1.0,0.125,3
5386,1.0,1.0,1.0,1.0,1
5388,0.5,1.0,1.0,0.3333333333333333,1
5393,1.0,1.0,1.0,1.0,1
5395,1.0,1.0,1.0,1.0,1
5406,0.0,0.0,0.0,0.0,1
5418,0.0,0.0,0.0,0.0,1
5424,0.6309297535714575,1.0,1.0,0.5,1
5430,1.0,1.0,1.0,1.0,1
5432,0.19519002499605084,0.25,1.0,0.3333333333333333,4
5443,0.0,0.0,1.0,0.03571428571428571,1
5448,1.0,1.0,1.0,1.0,1
5453,0.46927872602275644,0.3333333333333333,0.3333333333333333,1.0,3
5457,0.6131471927654584,0.5,1.0,1.0,2
5458,0.3065735963827292,0.5,1.0,0.3333333333333333,2
5460,0.0,0.0,1.0,0.0196078431372549,1
5463,1.0,1.0,1.0,1.0,1
5476,0.0,0.0,1.0,0.06666666666666667,1
5482,1.0,1.0,1.0,1.0,1
5490,0.6886342695939197,0.75,1.0,1.0,4
5494,0.0,0.0,1.0,0.058823529411764705,1
5504,1.0,1.0,1.0,1.0,1
551,1.0,1.0,1.0,1.0,1
5518,0.37800210039683896,1.0,1.0,0.125,2
5522,0.626376385711402,0.75,1.0,1.0,4
5523,0.0,0.0,0.0,0.0,1
5534,0.5912352048230277,1.0,1.0,0.5,2
5536,0.5,1.0,1.0,0.3333333333333333,1
5541,0.40179981797758046,0.6666666666666666,1.0,0.3333333333333333,3
5544,0.23719771276929622,0.5,1.0,0.2,2
5549,0.0,0.0,1.0,0.034482758620689655,1
555,1.0,1.0,1.0,1.0,1
5554,0.6131471927654584,0.5,1.0,1.0,2
5560,0.3065735963827292,0.5,1.0,0.3333333333333333,2
5571,0.0,0.0,0.0,0.0,1
5574,1.0,1.0,1.0,1.0,1
5576,1.0,1.0,1.0,1.0,1
5587,1.0,1.0,1.0,1.0,1
5606,0.24630238874073,0.25,1.0,0.5,4
5608,0.0,0.0,0.0,0.0,1
5609,0.5,1.0,1.0,0.3333333333333333,1
561,0.4911492931622974,1.0,1.0,0.3333333333333333,2
5616,0.5,1.0,1.0,0.3333333333333333,1
5618,0.0,0.0,1.0,0.041666666666666664,2
5619,0.38685280723454163,1.0,1.0,0.2,1
5631,1.0,1.0,1.0,1.0,2
5634,0.8175295903539445,1.0,1.0,1.0,2
5637,0.43067655807339306,1.0,1.0,0.25,1
5638,0.0,0.0,0.0,0.0,2
564,0.8315546295836225,1.0,1.0,1.0,2
5641,0.6309297535714575,1.0,1.0,0.5,1
5648,1.0,1.0,1.0,1.0,1
5659,1.0,1.0,1.0,1.0,1
5671,0.6131471927654584,0.5,0.5,1.0,2
5680,1.0,1.0,1.0,1.0,1
5681,1.0,1.0,1.0,1.0,1
5687,0.3010299956639812,1.0,1.0,0.1111111111111111,1
57,0.7039180890341347,0.6666666666666666,0.6666666666666666,1.0,3
570,0.6131471927654584,0.5,1.0,1.0,2
5700,0.0,0.0,1.0,0.05263157894736842,2
5705,0.7095272044910244,0.75,1.0,1.0,4
5706,0.3562071871080222,1.0,1.0,0.16666666666666666,1
5715,0.6713860725233041,0.6666666666666666,1.0,1.0,3
572,0.6131471927654584,0.5,1.0,1.0,2
5722,0.0,0.0,1.0,0.02857142857142857,2
5727,0.0,0.0,1.0,0.05,1
5753,0.6309297535714575,1.0,1.0,0.5,1
5759,1.0,1.0,1.0,1.0,1
5765,0.0,0.0,1.0,0.02564102564102564,1
5772,1.0,1.0,1.0,1.0,1
5774,0.6131471927654584,0.5,1.0,1.0,2
5776,1.0,1.0,1.0,1.0,1
578,0.0,0.0,0.0,0.0,3
5787,0.20438239758848611,0.5,0.5,0.14285714285714285,2
5796,0.5,1.0,1.0,0.3333333333333333,1
5797,0.4441228664487979,0.6666666666666666,1.0,0.5,3
5801,0.0,0.0,0.75,0.058823529411764705,4
5802,0.3065735963827292,0.5,0.5,0.3333333333333333,2
5806,0.2640681225725909,0.5,0.5,0.25,2
581,0.16716045496620227,0.3333333333333333,1.0,0.16666666666666666,3
5816,0.6131471927654584,0.5,1.0,1.0,2
5825,0.44615333764087994,0.4,0.8,1.0,5
5834,0.38685280723454163,1.0,1.0,0.2,1
5835,0.0,0.0,1.0,0.04,1
5838,0.0,0.0,0.0,0.0,1
5840,1.0,1.0,1.0,1.0,1
5842,0.6309297535714575,1.0,1.0,0.5,1
5848,0.0,0.0,0.0,0.0,1
5850,0.38685280723454163,1.0,1.0,0.2,1
5856,0.0,0.0,0.0,0.0,1
5861,1.0,1.0,1.0,1.0,1
5878,0.0,0.0,1.0,0.02,1
5879,1.0,1.0,1.0,1.0,1
5888,0.9197207891481876,1.0,1.0,1.0,2
5894,1.0,1.0,1.0,1.0,1
5897,0.6309297535714575,1.0,1.0,0.5,1
5899,0.0,0.0,1.0,0.041666666666666664,2
5900,0.0,0.0,1.0,0.038461538461538464,1
5902,0.18457569677956817,0.5,1.0,0.1111111111111111,2
5906,0.6131471927654584,0.5,1.0,1.0,2
5920,0.0,0.0,1.0,0.047619047619047616,1
5928,0.3562071871080222,1.0,1.0,0.16666666666666666,1
5930,0.6039071644781281,1.0,1.0,0.3333333333333333,3
5941,0.6309297535714575,1.0,1.0,0.5,1
5944,0.0,0.0,1.0,0.07692307692307693,1
595,0.9668342083190152,1.0,1.0,1.0,5
5954,1.0,1.0,1.0,1.0,1
5955,0.6131471927654584,0.5,1.0,1.0,2
5961,0.6309297535714575,1.0,1.0,0.5,1
5965,0.0,0.0,1.0,0.037037037037037035,1
5967,0.0,0.0,1.0,0.08333333333333333,1
597,1.0,1.0,1.0,1.0,1
5974,0.9197207891481876,1.0,1.0,1.0,2
5977,1.0,1.0,1.0,1.0,1
5978,1.0,1.0,1.0,1.0,1
5989,0.0,0.0,0.0,0.0,1
5993,0.3333333333333333,1.0,1.0,0.14285714285714285,1
60,1.0,1.0,1.0,1.0,1
6002,0.0,0.0,1.0,0.034482758620689655,1
6005,0.0,0.0,1.0,0.07692307692307693,1
6013,0.2960819109658652,0.3333333333333333,0.6666666666666666,0.5,3
6022,0.0,0.0,0.0,0.0,1
6030,0.0,0.0,0.0,0.0,1
6036,0.2890648263178879,1.0,1.0,0.1,1
6041,0.31546487678572877,1.0,1.0,0.125,1
6042,0.8772153153380493,1.0,1.0,1.0,2
6046,0.43067655807339306,1.0,1.0,0.25,1
6048,0.18457569677956817,0.5,0.5,0.1111111111111111,2
605,1.0,1.0,1.0,1.0,1
6055,0.0,0.0,1.0,0.02702702702702703,1
6057,0.3065735963827292,0.5,1.0,0.3333333333333333,2
606,0.0,0.0,0.0,0.0,1
6068,0.19519002499605084,0.25,1.0,0.3333333333333333,4
6069,1.0,1.0,1.0,1.0,1
6070,1.0,1.0,1.0,1.0,3
6074,0.0,0.0,1.0,0.011235955056179775,1
6076,0.2640681225725909,0.5,1.0,0.25,2
6080,0.0,0.0,0.5,0.012195121951219513,2
6084,1.0,1.0,1.0,1.0,1
6096,0.8772153153380493,1.0,1.0,1.0,2
6101,0.5640920940185894,1.0,1.0,0.5,2
6105,0.0,0.0,1.0,0.05555555555555555,1
6106,0.6309297535714575,1.0,1.0,0.5,1
6108,0.0,0.0,1.0,0.010869565217391304,1
611,0.31546487678572877,1.0,1.0,0.125,1
6115,0.0,0.0,1.0,0.01098901098901099,1
6116,0.8318724637288826,0.75,1.0,1.0,4
6119,0.0,0.0,0.0,0.0,2
6128,0.6309297535714575,1.0,1.0,0.5,1
6130,0.4525081529734507,0.6666666666666666,1.0,0.5,3
6139,0.0,0.0,0.5,0.05555555555555555,2
6146,0.9325210919548239,1.0,1.0,1.0,3
6147,0.0,0.0,0.5,0.07692307692307693,2
6156,0.13565197343244778,0.3333333333333333,0.6666666666666666,0.1,3
6167,0.0,0.0,1.0,0.02040816326530612,1
618,0.0,0.0,0.3333333333333333,0.023809523809523808,3
6180,0.38685280723454163,1.0,1.0,0.2,1
6183,0.6934264036172708,1.0,1.0,0.5,2
6185,1.0,1.0,1.0,1.0,1
6186,0.6096199500078984,0.75,1.0,0.5,4
6187,0.0,0.0,1.0,0.030303030303030304,1
6199,1.0,1.0,1.0,1.0,1
6206,0.0,0.0,0.0,0.0,1
6207,0.0,0.0,0.0,0.0,1
6213,0.7365896932159578,0.75,1.0,1.0,4
6215,0.46845052016107697,1.0,1.0,0.25,2
6217,0.48522855511632257,0.4,0.8,1.0,5
6225,0.19342640361727081,0.5,1.0,0.125,2
6230,0.0,0.0,1.0,0.058823529411764705,2
6232,0.3333333333333333,1.0,1.0,0.14285714285714285,1
6234,0.3010299956639812,1.0,1.0,0.1111111111111111,1
6239,0.23719771276929622,0.5,0.5,0.2,2
6241,0.38685280723454163,0.5,1.0,0.5,2
6242,0.0,0.0,1.0,0.07692307692307693,1
6250,0.43067655807339306,1.0,1.0,0.25,1
6254,0.8772153153380493,1.0,1.0,1.0,2
6256,1.0,1.0,1.0,1.0,1
6259,0.6366824387328317,0.5,0.75,1.0,4
6260,0.4430895440946125,0.5,1.0,0.5,6
6266,0.31546487678572877,1.0,1.0,0.125,1
6268,0.0,0.0,1.0,0.027777777777777776,1
6270,0.6309297535714575,1.0,1.0,0.5,1
6278,0.6131471927654584,0.5,1.0,1.0,2
6286,0.6131471927654584,0.5,1.0,1.0,2
629,0.5032251913410369,0.5,0.75,1.0,4
6290,0.8597408875863228,1.0,1.0,1.0,4
6292,0.0,0.0,1.0,0.09090909090909091,1
6293,1.0,1.0,1.0,1.0,1
6299,0.48522855511632257,0.4,1.0,1.0,5
6303,1.0,1.0,1.0,1.0,1
6304,0.0,0.0,0.3333333333333333,0.0196078431372549,3
632,0.6508205185601091,0.6666666666666666,1.0,1.0,3
6324,0.6508205185601091,0.6666666666666666,1.0,1.0,3
6331,0.18154179253735267,0.3333333333333333,1.0,0.2,3
6332,0.0,0.0,1.0,0.06666666666666667,1
6333,1.0,1.0,1.0,1.0,1
6337,1.0,1.0,1.0,1.0,2
634,0.30281242839865,0.6666666666666666,1.0,0.16666666666666666,3
6343,1.0,1.0,1.0,1.0,1
6345,0.0,0.0,1.0,0.08333333333333333,1
6347,0.8396538878217249,1.0,1.0,1.0,4
6348,1.0,1.0,1.0,1.0,1
6349,0.5706417189553201,1.0,1.0,0.3333333333333333,2
6357,0.0,0.0,0.0,0.0,1
636,0.3156484524795145,0.4,0.4,0.3333333333333333,5
6361,0.298254219601818,0.5,0.75,0.25,4
6363,0.31546487678572877,1.0,1.0,0.125,1
6364,0.3562071871080222,1.0,1.0,0.16666666666666666,1
6365,1.0,1.0,1.0,1.0,1
6367,0.3562071871080222,1.0,1.0,0.16666666666666666,1
6375,0.5307212739772434,0.6666666666666666,1.0,0.5,3
6377,0.38685280723454163,1.0,1.0,0.2,1
6378,1.0,1.0,1.0,1.0,1
6382,0.5,1.0,1.0,0.3333333333333333,1
639,0.6309297535714575,1.0,1.0,0.5,1
6390,0.2960819109658652,0.3333333333333333,1.0,0.5,3
6395,0.46927872602275644,0.3333333333333333,0.6666666666666666,1.0,3
6403,0.0,0.0,0.0,0.0,1
6407,0.0,0.0,1.0,0.014925373134328358,1
6421,0.15642624200758548,0.3333333333333333,1.0,0.14285714285714285,3
6422,0.5,1.0,1.0,0.3333333333333333,1
6431,1.0,1.0,1.0,1.0,1
6434,0.0,0.0,1.0,0.041666666666666664,1
6435,0.0,0.0,1.0,0.07692307692307693,1
6437,0.5,1.0,1.0,0.3333333333333333,2
6440,0.0,0.0,0.0,0.0,3
6442,0.0,0.0,1.0,0.05263157894736842,2
6458,1.0,1.0,1.0,1.0,1
6464,0.0,0.0,0.0,0.0,3
6473,0.0,0.0,0.0,0.0,1
6475,0.5,1.0,1.0,0.3333333333333333,1
6481,0.0,0.0,0.0,0.0,1
649,0.38364913903790027,0.6666666666666666,0.6666666666666666,0.25,3
6502,0.0,0.0,1.0,0.02,1
6509,0.32531670832675136,0.5,0.75,0.3333333333333333,4
6512,0.0,0.0,0.0,0.0,1
6517,0.0,0.0,1.0,0.022727272727272728,1
6527,0.5912352048230277,1.0,1.0,0.5,2
6532,1.0,1.0,1.0,1.0,1
6536,1.0,1.0,1.0,1.0,1
6538,1.0,1.0,1.0,1.0,3
6544,1.0,1.0,1.0,1.0,1
6556,0.0,0.0,0.0,0.0,1
6557,0.9197207891481876,1.0,1.0,1.0,2
6558,1.0,1.0,1.0,1.0,1
6560,0.0,0.0,0.5,0.011494252873563218,2
657,1.0,1.0,1.0,1.0,1
6582,0.0,0.0,0.0,0.0,1
6587,0.6713860725233041,0.6666666666666666,1.0,1.0,3
6588,1.0,1.0,1.0,1.0,1
6590,0.6508205185601091,0.6666666666666666,1.0,1.0,3
6592,0.0,0.0,0.3333333333333333,0.010309278350515464,3
6594,0.0,0.0,0.5,0.0625,6
660,0.3156484524795145,0.4,1.0,0.3333333333333333,5
6613,0.20438239758848611,0.5,1.0,0.14285714285714285,2
6624,0.6525874238732422,0.75,1.0,1.0,4
6639,1.0,1.0,1.0,1.0,1
6642,1.0,1.0,1.0,1.0,1
6676,0.38685280723454163,0.5,1.0,0.5,2
6677,0.3065735963827292,0.5,1.0,0.3333333333333333,2
6680,0.0,0.0,0.0,0.0,1
6681,0.0,0.0,0.0,0.0,1
6682,0.0,0.0,1.0,0.06666666666666667,1
6699,1.0,1.0,1.0,1.0,1
67,1.0,1.0,1.0,1.0,1
6701,0.6934264036172708,1.0,1.0,0.5,2
6703,0.0,0.0,0.0,0.0,1
6706,0.6309297535714575,1.0,1.0,0.5,1
6708,0.6131471927654584,0.5,1.0,1.0,2
6709,0.0,0.0,0.0,0.0,2
6710,0.13120507751234178,0.2,1.0,0.2,5
6729,0.0,0.0,0.0,0.0,1
6733,0.0,0.0,1.0,0.08333333333333333,1
6751,1.0,1.0,1.0,1.0,1
6753,0.0,0.0,0.0,0.0,1
6771,0.8772153153380493,1.0,1.0,1.0,2
6778,0.43067655807339306,1.0,1.0,0.25,1
6782,1.0,1.0,1.0,1.0,1
6792,0.46927872602275644,0.3333333333333333,0.6666666666666666,1.0,3
6794,0.7977228895450266,1.0,1.0,1.0,2
6798,0.5,1.0,1.0,0.3333333333333333,1
6800,0.0,0.0,1.0,0.02857142857142857,2
6808,0.45646838330896394,1.0,1.0,0.16666666666666666,3
6825,0.6309297535714575,1.0,1.0,0.5,1
6826,0.0,0.0,1.0,0.047619047619047616,2
6832,1.0,1.0,1.0,1.0,1
6838,0.617319681505689,0.6666666666666666,1.0,1.0,3
6840,0.0,0.0,1.0,0.038461538461538464,1
6844,1.0,1.0,1.0,1.0,2
6848,1.0,1.0,1.0,1.0,1
6852,1.0,1.0,1.0,1.0,1
6856,0.0,0.0,0.0,0.0,1
6862,0.0,0.0,1.0,0.020833333333333332,1
6866,0.3171937659698004,0.6666666666666666,1.0,0.2,3
6867,0.8772153153380493,1.0,1.0,1.0,2
6874,0.8886733622104969,1.0,1.0,1.0,5
6878,0.8175295903539445,1.0,1.0,1.0,2
6880,0.3562071871080222,1.0,1.0,0.16666666666666666,1
6887,0.5,1.0,1.0,0.3333333333333333,1
6889,0.0,0.0,1.0,0.07142857142857142,1
689,0.6309297535714575,1.0,1.0,0.5,1
6891,0.1480409554829326,0.3333333333333333,0.3333333333333333,0.125,3
6899,0.38685280723454163,0.5,0.5,0.5,2
6905,0.31546487678572877,1.0,1.0,0.125,1
6918,0.8315546295836225,1.0,1.0,1.0,2
6925,1.0,1.0,1.0,1.0,1
6927,0.0,0.0,0.5,0.010101010101010102,2
6937,0.9469024295259745,1.0,1.0,1.0,3
6956,1.0,1.0,1.0,1.0,1
696,0.43067655807339306,1.0,1.0,0.25,1
697,1.0,1.0,1.0,1.0,1
6974,1.0,1.0,1.0,1.0,1
6981,0.0,0.0,0.0,0.0,2
6983,0.43067655807339306,1.0,1.0,0.25,1
6984,0.6309297535714575,1.0,1.0,0.5,1
6989,1.0,1.0,1.0,1.0,1
6990,1.0,1.0,1.0,1.0,1
6994,0.38685280723454163,1.0,1.0,0.2,1
6995,1.0,1.0,1.0,1.0,2
7001,0.0,0.0,1.0,0.0125,1
7007,0.5,1.0,1.0,0.3333333333333333,1
701,0.5,1.0,1.0,0.3333333333333333,1
7012,1.0,1.0,1.0,1.0,3
7029,0.18154179253735267,0.3333333333333333,1.0,0.2,3
7030,1.0,1.0,1.0,1.0,1
7031,0.38685280723454163,0.5,0.5,0.5,2
7034,0.6131471927654584,0.5,0.5,1.0,2
7040,0.6309297535714575,1.0,1.0,0.5,1
7044,1.0,1.0,1.0,1.0,1
7045,1.0,1.0,1.0,1.0,1
7049,0.2960819109658652,0.3333333333333333,1.0,0.5,3
7058,0.0,0.0,1.0,0.07142857142857142,2
7060,1.0,1.0,1.0,1.0,1
7070,0.0,0.0,0.0,0.0,1
7071,0.6309297535714575,1.0,1.0,0.5,1
7073,0.5,1.0,1.0,0.3333333333333333,1
7078,0.0,0.0,1.0,0.012048192771084338,1
7096,0.0,0.0,1.0,0.020833333333333332,1
7097,0.6309297535714575,1.0,1.0,0.5,1
7113,0.21840743681816419,0.5,1.0,0.16666666666666666,2
7120,0.8772153153380493,1.0,1.0,1.0,2
7123,0.0,0.0,1.0,0.024390243902439025,1
7129,0.3391602052736161,0.2,0.4,1.0,5
7132,1.0,1.0,1.0,1.0,1
7133,1.0,1.0,1.0,1.0,1
7137,1.0,1.0,1.0,1.0,1
7138,0.5,1.0,1.0,0.3333333333333333,1
7146,1.0,1.0,1.0,1.0,1
716,0.2890648263178879,1.0,1.0,0.1,1
7162,0.23719771276929622,0.5,1.0,0.2,2
7164,0.0,0.0,0.0,0.0,1
7166,0.3333333333333333,1.0,1.0,0.14285714285714285,1
7167,0.0,0.0,1.0,0.07692307692307693,1
7172,0.0,0.0,0.0,0.0,1
7176,1.0,1.0,1.0,1.0,1
718,0.2890648263178879,1.0,1.0,0.1,1
719,0.43067655807339306,1.0,1.0,0.25,1
7193,0.0,0.0,1.0,0.07142857142857142,2
7194,1.0,1.0,1.0,1.0,1
7196,0.20438239758848611,0.5,1.0,0.14285714285714285,2
7201,0.6131471927654584,0.5,1.0,1.0,2
7204,0.9217868789962071,1.0,1.0,1.0,3
7211,0.6309297535714575,1.0,1.0,0.5,1
7220,0.2640681225725909,0.5,1.0,0.25,2
7223,1.0,1.0,1.0,1.0,1
7229,0.0,0.0,1.0,0.038461538461538464,2
723,0.0,0.0,0.0,0.0,1
7231,1.0,1.0,1.0,1.0,1
7232,0.5531464700081437,0.4,1.0,1.0,5
724,0.6131471927654584,0.5,1.0,1.0,2
7242,0.8285418996677884,1.0,1.0,1.0,4
7245,0.0,0.0,0.0,0.0,1
7249,0.48247555939075504,1.0,1.0,0.25,2
7251,1.0,1.0,1.0,1.0,2
7253,0.48247555939075504,1.0,1.0,0.25,2
7254,0.6309297535714575,1.0,1.0,0.5,1
7255,0.0,0.0,0.5,0.07692307692307693,2
7257,1.0,1.0,1.0,1.0,1
7273,0.0,0.0,1.0,0.01818181818181818,1
7274,0.0,0.0,1.0,0.018867924528301886,1
7281,1.0,1.0,1.0,1.0,1
7282,0.5,1.0,1.0,0.3333333333333333,1
7295,0.5,1.0,1.0,0.3333333333333333,1
73,0.0,0.0,0.6666666666666666,0.04,6
7300,0.0,0.0,0.0,0.0,1
7309,0.2890648263178879,1.0,1.0,0.1,1
7317,1.0,1.0,1.0,1.0,1
7320,0.0,0.0,0.5,0.020833333333333332,2
7325,0.43067655807339306,1.0,1.0,0.25,1
7326,0.46927872602275644,0.3333333333333333,0.6666666666666666,1.0,3
733,0.46927872602275644,0.3333333333333333,1.0,1.0,3
7334,0.43067655807339306,1.0,1.0,0.25,1
7340,0.0,0.0,0.6666666666666666,0.025,3
7346,0.8854598815714874,1.0,1.0,1.0,3
7352,0.3065735963827292,0.5,1.0,0.3333333333333333,2
7357,0.3065735963827292,0.5,0.5,0.3333333333333333,2
7358,0.0,0.0,0.0,0.0,1
7363,0.6309297535714575,1.0,1.0,0.5,1
7365,0.9619991470595832,1.0,1.0,1.0,4
7366,0.5,1.0,1.0,0.3333333333333333,1
7367,0.0,0.0,1.0,0.045454545454545456,2
7371,0.0,0.0,0.25,0.015873015873015872,4
7372,0.6131471927654584,0.5,0.5,1.0,2
7374,0.0,0.0,1.0,0.0625,2
7376,0.23719771276929622,0.5,0.5,0.2,2
7377,0.0,0.0,0.0,0.0,1
7380,0.40298313359773236,1.0,1.0,0.16666666666666666,2
7386,0.6309297535714575,1.0,1.0,0.5,1
7394,0.8318724637288826,0.75,1.0,1.0,4
7396,0.43067655807339306,1.0,1.0,0.25,1
740,0.0,0.0,1.0,0.09090909090909091,1
7407,1.0,1.0,1.0,1.0,1
7412,0.21398626473452756,0.2,1.0,0.5,5
7413,0.3010299956639812,1.0,1.0,0.1111111111111111,1
7414,0.0,0.0,0.5,0.09090909090909091,4
7418,1.0,1.0,1.0,1.0,1
7425,0.5,1.0,1.0,0.3333333333333333,1
7429,0.5,1.0,1.0,0.3333333333333333,1
7431,0.2890648263178879,1.0,1.0,0.1,1
7454,0.5064767203222518,0.6666666666666666,0.6666666666666666,0.3333333333333333,6
746,0.0,0.0,1.0,0.037037037037037035,1
7460,0.38685280723454163,1.0,1.0,0.2,1
7463,0.0,0.0,1.0,0.08333333333333333,1
7468,1.0,1.0,1.0,1.0,1
747,1.0,1.0,1.0,1.0,2
7473,0.0,0.0,0.0,0.0,3
7487,0.0,0.0,1.0,0.024390243902439025,1
7489,0.0,0.0,1.0,0.05263157894736842,1
7499,0.3044671974905181,0.6666666666666666,1.0,0.14285714285714285,3
750,0.2640681225725909,0.5,1.0,0.25,2
7503,0.0,0.0,0.0,0.0,1
7515,1.0,1.0,1.0,1.0,2
752,0.17723928678404774,0.5,1.0,0.1,2
7532,1.0,1.0,1.0,1.0,1
7538,0.43067655807339306,1.0,1.0,0.25,1
7553,0.6509209298071326,1.0,1.0,0.5,2
7560,0.5802792108518124,1.0,1.0,0.5,2
7564,0.6131471927654584,0.5,1.0,1.0,2
7566,0.0,0.0,0.3333333333333333,0.09090909090909091,3
7568,0.38685280723454163,0.5,0.5,0.5,2
7579,0.5,1.0,1.0,0.3333333333333333,1
759,1.0,1.0,1.0,1.0,1
7590,1.0,1.0,1.0,1.0,1
7594,0.6309297535714575,1.0,1.0,0.5,1
7597,0.43067655807339306,1.0,1.0,0.25,1
7599,0.0,0.0,0.0,0.0,1
7603,0.6240505200038379,1.0,1.0,0.5,2
7605,1.0,1.0,1.0,1.0,1
761,1.0,1.0,1.0,1.0,1
7613,1.0,1.0,1.0,1.0,1
7615,0.0,0.0,1.0,0.020833333333333332,2
7616,1.0,1.0,1.0,1.0,1
7618,0.5205067333228022,0.5,1.0,1.0,4
762,0.2640681225725909,0.5,0.5,0.25,2
7623,0.0,0.0,1.0,0.014925373134328358,1
7625,0.3562071871080222,1.0,1.0,0.16666666666666666,1
763,0.0,0.0,1.0,0.030303030303030304,1
7633,0.0,0.0,0.0,0.0,1
7634,0.0,0.0,0.5,0.015873015873015872,2
7638,0.5,1.0,1.0,0.3333333333333333,1
765,1.0,1.0,1.0,1.0,1
7654,0.6309297535714575,1.0,1.0,0.5,1
7655,0.0,0.0,0.0,0.0,1
7666,1.0,1.0,1.0,1.0,2
7667,0.0,0.0,1.0,0.043478260869565216,1
7671,0.0,0.0,0.0,0.0,1
7673,0.0,0.0,1.0,0.030303030303030304,1
7679,0.21840743681816419,0.5,0.5,0.16666666666666666,2
7684,0.0,0.0,1.0,0.058823529411764705,1
7688,0.0,0.0,1.0,0.018867924528301886,2
7698,0.14126697285982898,0.3333333333333333,1.0,0.1111111111111111,3
77,0.0,0.0,1.0,0.08333333333333333,1
770,0.3065735963827292,0.5,0.5,0.3333333333333333,2
7701,0.5,1.0,1.0,0.3333333333333333,1
7708,0.43067655807339306,1.0,1.0,0.25,1
771,0.6131471927654584,0.5,1.0,1.0,2
7713,1.0,1.0,1.0,1.0,1
7718,1.0,1.0,1.0,1.0,1
772,0.8503449055347546,1.0,1.0,1.0,2
7723,1.0,1.0,1.0,1.0,1
7724,0.6386364459525711,1.0,1.0,0.5,4
7733,1.0,1.0,1.0,1.0,1
7737,0.19342640361727081,0.5,1.0,0.125,2
774,0.21840743681816419,0.5,0.5,0.16666666666666666,2
7742,0.19342640361727081,0.5,0.5,0.125,2
7749,0.38685280723454163,0.5,1.0,0.5,2
7754,0.0,0.0,0.3333333333333333,0.09090909090909091,3
7765,1.0,1.0,1.0,1.0,1
7769,0.6309297535714575,1.0,1.0,0.5,1
7781,0.0,0.0,0.0,0.0,1
7792,0.21840743681816419,0.5,1.0,0.16666666666666666,2
7801,1.0,1.0,1.0,1.0,2
7805,1.0,1.0,1.0,1.0,1
7806,0.5183322919267586,1.0,1.0,0.3333333333333333,3
7807,0.0,0.0,1.0,0.05263157894736842,1
7809,0.0,0.0,1.0,0.03571428571428571,1
7812,0.4367467095119258,0.6666666666666666,1.0,0.3333333333333333,3
7819,1.0,1.0,1.0,1.0,2
7821,1.0,1.0,1.0,1.0,2
7823,0.6131471927654584,0.5,1.0,1.0,2
7837,0.5,1.0,1.0,0.3333333333333333,1
7842,0.5,1.0,1.0,0.3333333333333333,1
7843,1.0,1.0,1.0,1.0,1
785,0.0,0.0,0.5,0.043478260869565216,2
7863,1.0,1.0,1.0,1.0,1
7864,0.3065735963827292,0.5,0.5,0.3333333333333333,2
7865,1.0,1.0,1.0,1.0,1
7870,0.0,0.0,1.0,0.06666666666666667,2
7889,0.6131471927654584,0.5,1.0,1.0,2
7890,0.0,0.0,1.0,0.05,3
7891,0.0,0.0,1.0,0.07142857142857142,1
7898,1.0,1.0,1.0,1.0,1
7903,0.20438239758848611,0.5,1.0,0.14285714285714285,2
7912,0.0,0.0,0.0,0.0,1
7913,0.6309297535714575,1.0,1.0,0.5,1
7915,1.0,1.0,1.0,1.0,1
7916,1.0,1.0,1.0,1.0,1
7918,1.0,1.0,1.0,1.0,1
7919,0.0,0.0,1.0,0.07692307692307693,1
792,0.6309297535714575,1.0,1.0,0.5,1
7931,1.0,1.0,1.0,1.0,1
7935,0.8772153153380493,1.0,1.0,1.0,2
7938,0.3333333333333333,1.0,1.0,0.14285714285714285,1
7939,0.2640681225725909,0.5,0.5,0.25,2
7943,0.6309297535714575,1.0,1.0,0.5,1
7944,0.6309297535714575,1.0,1.0,0.5,1
7950,0.6309297535714575,1.0,1.0,0.5,1
7953,1.0,1.0,1.0,1.0,1
7957,0.6309297535714575,1.0,1.0,0.5,1
7974,0.43067655807339306,1.0,1.0,0.25,1
7978,0.15642624200758548,0.3333333333333333,0.6666666666666666,0.14285714285714285,3
7980,0.3562071871080222,1.0,1.0,0.16666666666666666,1
7981,0.9060254355346823,1.0,1.0,1.0,3
7982,0.0,0.0,1.0,0.07692307692307693,1
7986,1.0,1.0,1.0,1.0,1
7995,0.6309297535714575,1.0,1.0,0.5,1
7996,1.0,1.0,1.0,1.0,1
8000,1.0,1.0,1.0,1.0,1
8016,0.20438239758848611,0.5,1.0,0.14285714285714285,2
802,0.38685280723454163,0.5,0.5,0.5,2
8022,0.0,0.0,0.5,0.06666666666666667,2
8031,0.0,0.0,1.0,0.08333333333333333,1
8036,0.0,0.0,1.0,0.03571428571428571,1
8041,0.23719771276929622,0.5,1.0,0.2,2
8056,0.0,0.0,1.0,0.05263157894736842,1
8057,0.0,0.0,1.0,0.045454545454545456,1
8058,0.6131471927654584,0.5,1.0,1.0,2
8059,0.20503241819862084,0.4,1.0,0.125,5
8065,1.0,1.0,1.0,1.0,1
8066,1.0,1.0,1.0,1.0,1
8073,0.4967432029864875,1.0,1.0,0.2,3
8077,0.0,0.0,1.0,0.037037037037037035,1
8082,0.3065735963827292,0.5,1.0,0.3333333333333333,2
8083,0.3010299956639812,1.0,1.0,0.1111111111111111,1
8085,0.0,0.0,1.0,0.04,1
8089,0.38685280723454163,1.0,1.0,0.2,1
8099,0.20438239758848611,0.5,1.0,0.14285714285714285,2
8106,0.0,0.0,0.0,0.0,1
812,0.6934264036172708,1.0,1.0,0.5,2
8124,0.7039180890341347,0.6666666666666666,0.6666666666666666,1.0,3
8125,1.0,1.0,1.0,1.0,1
8127,0.43067655807339306,1.0,1.0,0.25,1
813,0.43067655807339306,1.0,1.0,0.25,1
8132,0.18154179253735267,0.3333333333333333,1.0,0.2,3
8134,1.0,1.0,1.0,1.0,1
8137,0.6131471927654584,0.5,1.0,1.0,2
8138,0.0,0.0,1.0,0.017857142857142856,1
8148,1.0,1.0,1.0,1.0,1
8149,1.0,1.0,1.0,1.0,1
8153,1.0,1.0,1.0,1.0,1
8163,1.0,1.0,1.0,1.0,2
8165,0.6131471927654584,0.5,1.0,1.0,2
8182,0.46927872602275644,0.3333333333333333,1.0,1.0,3
8187,0.0,0.0,1.0,0.03225806451612903,1
8201,0.6309297535714575,1.0,1.0,0.5,1
8210,1.0,1.0,1.0,1.0,1
8212,0.3065735963827292,0.5,1.0,0.3333333333333333,2
8216,0.3065735963827292,0.5,0.5,0.3333333333333333,2
8221,0.0,0.0,0.0,0.0,1
8226,0.8503449055347546,1.0,1.0,1.0,2
8228,0.0,0.0,1.0,0.029411764705882353,1
823,0.48247555939075504,1.0,1.0,0.25,2
8232,1.0,1.0,1.0,1.0,1
8237,1.0,1.0,1.0,1.0,1
8240,0.0,0.0,0.375,0.034482758620689655,8
8241,1.0,1.0,1.0,1.0,1
8247,0.0,0.0,0.6,0.09090909090909091,5
8250,0.0,0.0,1.0,0.015151515151515152,1
8252,0.123151194370365,0.25,0.75,0.125,4
8253,0.0,0.0,0.5,0.01694915254237288,2
8255,0.17723928678404774,0.5,1.0,0.1,2
8257,0.0,0.0,1.0,0.02040816326530612,1
8258,0.0,0.0,1.0,0.0625,1
8264,0.2188505885308512,0.4,0.6,0.16666666666666666,5
8265,0.6309297535714575,1.0,1.0,0.5,1
8276,0.0,0.0,1.0,0.09090909090909091,1
8280,1.0,1.0,1.0,1.0,2
8281,0.3333333333333333,1.0,1.0,0.14285714285714285,1
8287,0.0,0.0,0.0,0.0,1
8292,0.08274602130532002,0.14285714285714285,1.0,0.1111111111111111,7
8293,1.0,1.0,1.0,1.0,1
8295,0.2640681225725909,0.5,1.0,0.25,2
8306,0.5,1.0,1.0,0.3333333333333333,1
831,0.5802792108518124,1.0,1.0,0.5,2
8312,0.5,1.0,1.0,0.3333333333333333,1
8314,0.0,0.0,0.0,0.0,2
8316,0.0,0.0,0.0,0.0,2
8317,1.0,1.0,1.0,1.0,1
8318,0.3065735963827292,0.5,0.5,0.3333333333333333,2
8319,0.34620964322385606,0.5,0.75,0.3333333333333333,4
832,0.6257049680303419,0.6666666666666666,0.6666666666666666,1.0,3
8321,0.8318724637288826,0.75,1.0,1.0,4
8322,0.0,0.0,1.0,0.09090909090909091,1
8326,1.0,1.0,1.0,1.0,1
8333,0.8315546295836225,1.0,1.0,1.0,2
8336,0.23463936301137822,0.3333333333333333,1.0,0.3333333333333333,3
8338,0.5,1.0,1.0,0.3333333333333333,1
8340,0.3333333333333333,1.0,1.0,0.14285714285714285,1
8345,0.19519002499605084,0.25,0.5,0.3333333333333333,4
8350,0.8772153153380493,1.0,1.0,1.0,2
8355,0.20438239758848611,0.5,0.5,0.14285714285714285,2
8356,0.0,0.0,1.0,0.027777777777777776,2
8379,0.43067655807339306,1.0,1.0,0.25,1
8383,0.20438239758848611,0.5,0.5,0.14285714285714285,2
8384,0.8772153153380493,1.0,1.0,1.0,2
8385,1.0,1.0,1.0,1.0,1
8386,0.38685280723454163,0.5,0.5,0.5,2
8389,0.983303248698947,1.0,1.0,1.0,6
8390,0.23463936301137822,0.3333333333333333,0.6666666666666666,0.3333333333333333,3
8396,1.0,1.0,1.0,1.0,1
8397,0.5,1.0,1.0,0.3333333333333333,1
84,0.0,0.0,1.0,0.034482758620689655,1
840,1.0,1.0,1.0,1.0,1
8401,0.6309297535714575,1.0,1.0,0.5,1
8414,0.16716045496620227,0.3333333333333333,0.3333333333333333,0.16666666666666666,3
8415,0.6309297535714575,1.0,1.0,0.5,1
8417,0.0,0.0,0.5,0.01,2
8418,0.0,0.0,1.0,0.05555555555555555,1
842,0.6131471927654584,0.5,1.0,1.0,2
8421,1.0,1.0,1.0,1.0,1
8428,0.21840743681816419,0.5,1.0,0.16666666666666666,2
8432,0.0,0.0,0.0,0.0,2
8440,0.0,0.0,0.0,0.0,1
8443,0.0,0.0,0.0,0.0,2
8464,0.6309297535714575,1.0,1.0,0.5,1
8469,1.0,1.0,1.0,1.0,2
847,0.19342640361727081,0.5,1.0,0.125,2
8473,0.5249810332008933,1.0,1.0,0.3333333333333333,2
8487,0.0,0.0,0.0,0.0,2
849,0.15642624200758548,0.3333333333333333,1.0,0.14285714285714285,3
8490,0.0,0.0,0.0,0.0,1
8491,0.0,0.0,1.0,0.09090909090909091,1
8493,0.17723928678404774,0.5,1.0,0.1,2
8495,0.0,0.0,1.0,0.058823529411764705,1
850,0.0,0.0,0.0,0.0,3
8503,1.0,1.0,1.0,1.0,1
8508,0.0,0.0,1.0,0.03333333333333333,1
8512,0.6366824387328317,0.5,1.0,1.0,4
8520,0.3065735963827292,0.5,1.0,0.3333333333333333,2
8521,0.0,0.0,0.0,0.0,2
8522,0.0,0.0,0.0,0.0,1
8523,1.0,1.0,1.0,1.0,1
8526,1.0,1.0,1.0,1.0,2
8527,0.0,0.0,0.0,0.0,1
8528,0.5012658353418871,1.0,1.0,0.25,2
853,0.6131471927654584,0.5,0.5,1.0,2
8531,0.0,0.0,0.0,0.0,1
8540,0.6131471927654584,0.5,1.0,1.0,2
8544,0.0,0.0,1.0,0.038461538461538464,1
8552,0.0,0.0,1.0,0.08333333333333333,1
8559,0.9674679834891693,1.0,1.0,1.0,3
8564,0.21840743681816419,0.5,1.0,0.16666666666666666,2
8571,0.448643819352159,1.0,1.0,0.25,2
8573,0.5,1.0,1.0,0.3333333333333333,1
8574,0.31546487678572877,1.0,1.0,0.125,1
8578,0.448643819352159,1.0,1.0,0.25,2
8579,1.0,1.0,1.0,1.0,1
8586,1.0,1.0,1.0,1.0,1
8588,0.6309297535714575,1.0,1.0,0.5,1
8590,0.29178833734520576,0.3333333333333333,0.5,0.5,6
8593,0.0,0.0,0.75,0.02702702702702703,4
8597,0.3562071871080222,1.0,1.0,0.16666666666666666,1
8599,0.16716045496620227,0.3333333333333333,0.6666666666666666,0.16666666666666666,3
860,0.0,0.0,0.5,0.047619047619047616,2
8605,0.0,0.0,1.0,0.06666666666666667,1
8606,0.2890648263178879,1.0,1.0,0.1,1
8610,1.0,1.0,1.0,1.0,3
8613,0.2960819109658652,0.3333333333333333,0.6666666666666666,0.5,3
8622,0.0,0.0,1.0,0.07692307692307693,2
8625,0.38685280723454163,1.0,1.0,0.2,1
8628,1.0,1.0,1.0,1.0,1
864,0.0,0.0,0.6666666666666666,0.03125,3
8642,0.31546487678572877,1.0,1.0,0.125,1
8651,0.0,0.0,0.3333333333333333,0.027777777777777776,3
8652,0.0,0.0,1.0,0.0625,1
8659,0.0,0.0,0.0,0.0,1
866,1.0,1.0,1.0,1.0,1
8660,0.38685280723454163,1.0,1.0,0.2,1
8661,1.0,1.0,1.0,1.0,1
8664,0.8756458727267334,1.0,1.0,1.0,4
8669,0.0,0.0,1.0,0.02631578947368421,1
867,1.0,1.0,1.0,1.0,2
8673,0.38685280723454163,1.0,1.0,0.2,1
8679,0.0,0.0,1.0,0.029411764705882353,1
8680,0.2890648263178879,1.0,1.0,0.1,1
8682,0.8325036712789009,0.8333333333333334,1.0,1.0,6
8684,0.0,0.0,1.0,0.016129032258064516,1
870,0.41618115554873086,0.6666666666666666,0.6666666666666666,0.3333333333333333,3
8705,0.3065735963827292,0.5,1.0,0.3333333333333333,2
8709,0.6309297535714575,1.0,1.0,0.5,1
8711,1.0,1.0,1.0,1.0,1
8717,0.0,0.0,0.6666666666666666,0.023809523809523808,3
8720,0.5714285040141098,1.0,1.0,0.5,2
8721,0.5,1.0,1.0,0.3333333333333333,1
8730,0.0,0.0,0.5,0.07692307692307693,2
8731,1.0,1.0,1.0,1.0,1
8739,0.5,1.0,1.0,0.3333333333333333,1
8746,0.38685280723454163,1.0,1.0,0.2,1
875,0.0,0.0,1.0,0.02127659574468085,1
8753,0.9197207891481876,1.0,1.0,1.0,2
8757,0.9267582364714126,1.0,1.0,1.0,4
8761,0.3010299956639812,1.0,1.0,0.1111111111111111,1
8766,1.0,1.0,1.0,1.0,1
8779,0.3333333333333333,1.0,1.0,0.14285714285714285,1
878,1.0,1.0,1.0,1.0,1
8781,0.9674679834891693,1.0,1.0,1.0,3
8797,0.38685280723454163,1.0,1.0,0.2,1
8799,0.6934264036172708,1.0,1.0,0.5,2
88,0.0,0.0,0.5,0.021739130434782608,2
8802,0.787702056960637,0.75,1.0,1.0,4
8806,0.0,0.0,1.0,0.010526315789473684,1
8809,0.0,0.0,0.0,0.0,1
8820,0.0,0.0,0.5,0.043478260869565216,2
8825,0.4144299250118475,0.5,1.0,0.5,4
8830,0.3562071871080222,1.0,1.0,0.16666666666666666,1
8833,0.3333333333333333,1.0,1.0,0.14285714285714285,1
8835,1.0,1.0,1.0,1.0,1
8836,0.5,1.0,1.0,0.3333333333333333,1
8840,0.6131471927654584,0.5,0.5,1.0,2
8843,0.0,0.0,1.0,0.015384615384615385,1
8849,0.0,0.0,1.0,0.041666666666666664,1
8856,1.0,1.0,1.0,1.0,1
8857,0.7864724919925569,1.0,1.0,1.0,3
8864,1.0,1.0,1.0,1.0,1
8870,0.43067655807339306,1.0,1.0,0.25,1
8873,0.5,1.0,1.0,0.3333333333333333,1
8888,1.0,1.0,1.0,1.0,1
889,0.6131471927654584,0.5,1.0,1.0,2
8895,0.0,0.0,1.0,0.058823529411764705,1
8896,0.123151194370365,0.25,0.5,0.125,4
890,0.0,0.0,1.0,0.021739130434782608,1
8903,0.0,0.0,0.0,0.0,1
8904,0.6024169559021868,0.8,1.0,0.5,5
8913,0.0,0.0,1.0,0.01098901098901099,1
8918,1.0,1.0,1.0,1.0,1
8922,0.0,0.0,0.0,0.0,1
8923,0.3333333333333333,1.0,1.0,0.14285714285714285,1
8924,0.9197207891481876,1.0,1.0,1.0,2
8929,0.2691828628414762,0.5,0.75,0.16666666666666666,4
8937,0.46927872602275644,0.3333333333333333,0.3333333333333333,1.0,3
8942,0.0,0.0,0.0,0.0,2
8943,0.5087403079104241,0.4,1.0,1.0,5
8947,0.6131471927654584,0.5,1.0,1.0,2
8950,0.18457569677956817,0.5,1.0,0.1111111111111111,2
8954,0.0,0.0,0.0,0.0,1
8957,0.38685280723454163,0.5,1.0,0.5,2
8960,0.23386470445736623,0.4,1.0,0.16666666666666666,5
8963,1.0,1.0,1.0,1.0,1
8968,0.23463936301137822,0.3333333333333333,1.0,0.3333333333333333,3
897,0.0,0.0,0.5,0.034482758620689655,2
8971,1.0,1.0,1.0,1.0,1
8984,0.7977228895450266,1.0,1.0,1.0,2
8986,1.0,1.0,1.0,1.0,1
8997,0.7977228895450266,1.0,1.0,1.0,2
8999,1.0,1.0,1.0,1.0,1
9002,0.0,0.0,1.0,0.05,1
9004,1.0,1.0,1.0,1.0,1
9009,0.38685280723454163,0.5,0.5,0.5,2
9011,0.0,0.0,0.0,0.0,2
9013,0.0,0.0,1.0,0.058823529411764705,1
9021,0.8278123145308894,1.0,1.0,1.0,3
9022,0.0,0.0,1.0,0.08333333333333333,1
9027,0.38685280723454163,0.5,1.0,0.5,2
9033,0.0,0.0,1.0,0.09090909090909091,1
9035,0.6131471927654584,0.5,1.0,1.0,2
9036,0.5498407734605131,1.0,1.0,0.3333333333333333,3
904,0.0,0.0,1.0,0.011904761904761904,1
9055,1.0,1.0,1.0,1.0,2
9056,0.6508205185601091,0.6666666666666666,1.0,1.0,3
9063,0.8065735963827293,1.0,1.0,1.0,2
9068,0.0,0.0,0.0,0.0,1
9070,1.0,1.0,1.0,1.0,1
9073,0.0,0.0,1.0,0.03333333333333333,1
9080,1.0,1.0,1.0,1.0,1
9081,0.0,0.0,0.0,0.0,1
9092,1.0,1.0,1.0,1.0,1
9096,0.6052602440527057,1.0,1.0,0.5,2
9098,0.6309297535714575,1.0,1.0,0.5,1
9109,1.0,1.0,1.0,1.0,1
911,1.0,1.0,1.0,1.0,1
9113,0.40179981797758046,0.6666666666666666,1.0,0.3333333333333333,3
9116,0.3010299956639812,1.0,1.0,0.1111111111111111,1
912,0.8065735963827293,1.0,1.0,1.0,2
9120,1.0,1.0,1.0,1.0,1
9121,0.6131471927654584,0.5,1.0,1.0,2
9124,1.0,1.0,1.0,1.0,2
9129,0.6131471927654584,0.5,0.5,1.0,2
9130,1.0,1.0,1.0,1.0,1
9133,0.5,1.0,1.0,0.3333333333333333,1
9136,0.36005461457723403,0.4,1.0,0.5,5
9138,1.0,1.0,1.0,1.0,1
9142,1.0,1.0,1.0,1.0,2
9145,0.0,0.0,1.0,0.047619047619047616,1
9154,0.31546487678572877,1.0,1.0,0.125,1
9155,0.31546487678572877,1.0,1.0,0.125,1
9156,0.5109559939712153,1.0,1.0,0.3333333333333333,2
9160,1.0,1.0,1.0,1.0,1
9161,0.9197207891481876,1.0,1.0,1.0,2
9171,0.5437713091520254,1.0,1.0,0.3333333333333333,2
9186,1.0,1.0,1.0,1.0,1
9194,0.23719771276929622,0.5,0.5,0.2,2
9198,0.0,0.0,1.0,0.034482758620689655,2
9206,0.9047172294870751,1.0,1.0,1.0,4
9210,1.0,1.0,1.0,1.0,2
9218,0.5307212739772434,0.6666666666666666,1.0,0.5,3
9233,0.6309297535714575,1.0,1.0,0.5,1
9237,0.0,0.0,0.0,0.0,1
9240,0.0,0.0,1.0,0.05263157894736842,1
926,1.0,1.0,1.0,1.0,1
9272,0.6309297535714575,1.0,1.0,0.5,1
928,0.0,0.0,0.0,0.0,1
9287,0.5,1.0,1.0,0.3333333333333333,1
9289,0.13905617951077562,0.25,0.25,0.16666666666666666,4
929,1.0,1.0,1.0,1.0,1
9290,1.0,1.0,1.0,1.0,1
9292,1.0,1.0,1.0,1.0,1
9295,1.0,1.0,1.0,1.0,2
9296,1.0,1.0,1.0,1.0,1
9298,0.0,0.0,0.0,0.0,1
9300,0.0,0.0,1.0,0.05,1
9302,0.6131471927654584,0.5,1.0,1.0,2
9303,0.38364913903790027,0.6666666666666666,1.0,0.25,3
9308,0.31546487678572877,1.0,1.0,0.125,1
9320,1.0,1.0,1.0,1.0,1
9326,0.0,0.0,0.16666666666666666,0.058823529411764705,6
9334,0.6309297535714575,1.0,1.0,0.5,1
9338,0.43067655807339306,1.0,1.0,0.25,1
9340,0.519301112470348,1.0,1.0,0.25,3
9349,0.6131471927654584,0.5,1.0,1.0,2
935,1.0,1.0,1.0,1.0,1
9354,0.3379680345449381,0.6666666666666666,1.0,0.2,3
9367,0.9197207891481876,1.0,1.0,1.0,2
9370,1.0,1.0,1.0,1.0,1
9380,0.43067655807339306,1.0,1.0,0.25,1
9385,0.0,0.0,0.0,0.0,1
9388,0.0,0.0,0.0,0.0,2
9393,0.0,0.0,1.0,0.07142857142857142,1
9395,0.8503449055347546,1.0,1.0,1.0,2
940,0.0,0.0,1.0,0.015625,1
9406,0.0,0.0,1.0,0.01818181818181818,1
9407,0.0,0.0,1.0,0.05555555555555555,1
9412,0.6131471927654584,0.5,1.0,1.0,2
9415,0.5,1.0,1.0,0.3333333333333333,1
9418,1.0,1.0,1.0,1.0,1
9424,0.0,0.0,0.0,0.0,1
9427,0.2890648263178879,1.0,1.0,0.1,1
943,0.6309297535714575,1.0,1.0,0.5,1
9432,0.0,0.0,0.0,0.0,1
9443,0.6105456988825855,0.6666666666666666,1.0,1.0,3
9451,0.38685280723454163,1.0,1.0,0.2,1
9455,0.9197207891481876,1.0,1.0,1.0,2
9457,0.0,0.0,1.0,0.03571428571428571,3
9458,0.8065735963827293,1.0,1.0,1.0,2
9462,1.0,1.0,1.0,1.0,1
9472,1.0,1.0,1.0,1.0,1
9476,0.5,1.0,1.0,0.3333333333333333,1
9483,0.0,0.0,0.0,0.0,1
9491,0.6067795937417813,0.6,0.8,1.0,5
9492,0.18457569677956817,0.5,0.5,0.1111111111111111,2
9496,0.43067655807339306,1.0,1.0,0.25,1
9497,0.6364391809889587,0.6666666666666666,1.0,1.0,3
9498,0.0,0.0,0.0,0.0,3
9505,0.3065735963827292,0.5,1.0,0.3333333333333333,2
9506,1.0,1.0,1.0,1.0,1
9510,0.5,1.0,1.0,0.3333333333333333,1
9513,0.9060254355346823,1.0,1.0,1.0,3
9517,0.5,1.0,1.0,0.3333333333333333,1
9528,1.0,1.0,1.0,1.0,1
953,0.0,0.0,0.5,0.09090909090909091,2
9533,1.0,1.0,1.0,1.0,1
9540,0.6309297535714575,1.0,1.0,0.5,1
9543,0.0,0.0,0.0,0.0,1
9549,0.6309297535714575,1.0,1.0,0.5,1
9551,1.0,1.0,1.0,1.0,1
9554,0.7977228895450266,1.0,1.0,1.0,2
9556,0.8772153153380493,1.0,1.0,1.0,2
9564,0.0,0.0,0.0,0.0,1
9565,0.24630238874073,0.25,1.0,0.5,4
9570,0.38685280723454163,0.5,1.0,0.5,2
9574,0.0,0.0,0.6666666666666666,0.058823529411764705,3
958,0.0,0.0,1.0,0.043478260869565216,2
9596,0.9010126104210695,1.0,1.0,1.0,3
9597,0.21840743681816419,0.5,1.0,0.16666666666666666,2
9599,0.8318724637288826,0.75,1.0,1.0,4
960,0.3171937659698004,0.6666666666666666,1.0,0.2,3
9603,0.586202141404402,0.5,1.0,1.0,8
9606,0.4034698846650846,0.3333333333333333,1.0,1.0,6
9611,0.6309297535714575,1.0,1.0,0.5,1
9616,0.0,0.0,0.0,0.0,1
9617,0.5,1.0,1.0,0.3333333333333333,1
9623,0.0,0.0,1.0,0.014084507042253521,1
9624,0.5,1.0,1.0,0.3333333333333333,1
9625,1.0,1.0,1.0,1.0,1
9634,0.0,0.0,1.0,0.045454545454545456,1
9639,1.0,1.0,1.0,1.0,1
9648,0.7903864795495061,1.0,1.0,1.0,2
9650,1.0,1.0,1.0,1.0,1
9655,0.0,0.0,1.0,0.0625,1
9656,0.19342640361727081,0.5,1.0,0.125,2
9660,1.0,1.0,1.0,1.0,1
9661,1.0,1.0,1.0,1.0,2
9662,0.9197207891481876,1.0,1.0,1.0,2
9663,0.3065735963827292,0.5,1.0,0.3333333333333333,2
9669,0.3562071871080222,1.0,1.0,0.16666666666666666,1
9672,0.43067655807339306,1.0,1.0,0.25,1
9686,1.0,1.0,1.0,1.0,2
9694,1.0,1.0,1.0,1.0,1
9695,0.6309297535714575,1.0,1.0,0.5,1
97,1.0,1.0,1.0,1.0,1
970,0.5,1.0,1.0,0.3333333333333333,1
9705,0.0,0.0,1.0,0.037037037037037035,1
971,1.0,1.0,1.0,1.0,1
9711,0.46927872602275644,0.3333333333333333,0.6666666666666666,1.0,3
9714,0.6309297535714575,1.0,1.0,0.5,1
9729,1.0,1.0,1.0,1.0,2
973,0.0,0.0,1.0,0.02702702702702703,1
9732,1.0,1.0,1.0,1.0,1
9735,1.0,1.0,1.0,1.0,1
9740,0.0,0.0,0.0,0.0,1
9745,0.3562071871080222,1.0,1.0,0.16666666666666666,1
9752,0.0,0.0,1.0,0.043478260869565216,1
976,0.43067655807339306,1.0,1.0,0.25,1
9769,0.2640681225725909,0.5,1.0,0.25,2
9772,0.0,0.0,0.0,0.0,1
9781,0.0,0.0,1.0,0.047619047619047616,2
9789,1.0,1.0,1.0,1.0,2
979,0.0,0.0,1.0,0.016129032258064516,1
9796,0.0,0.0,1.0,0.010638297872340425,1
9797,0.38685280723454163,1.0,1.0,0.2,1
9798,0.25190132085971084,0.5,1.0,0.16666666666666666,4
98,0.0,0.0,0.0,0.0,2
9802,1.0,1.0,1.0,1.0,1
981,0.6309297535714575,1.0,1.0,0.5,1
9818,0.6934264036172708,1.0,1.0,0.5,2
9829,0.8175295903539445,1.0,1.0,1.0,2
9843,0.0,0.0,1.0,0.0625,2
9852,0.0,0.0,0.5,0.015873015873015872,4
9853,0.0,0.0,1.0,0.023809523809523808,1
9857,0.32531670832675136,0.5,0.5,0.3333333333333333,4
9866,0.9197207891481876,1.0,1.0,1.0,2
987,0.0,0.0,0.6666666666666666,0.023809523809523808,3
9870,0.0,0.0,1.0,0.05263157894736842,1
9874,0.38685280723454163,1.0,1.0,0.2,1
9879,0.21840743681816419,0.5,1.0,0.16666666666666666,2
9885,1.0,1.0,1.0,1.0,2
9890,0.7864489426433972,0.8,1.0,1.0,5
9891,0.6131471927654584,0.5,0.5,1.0,2
9892,0.38685280723454163,1.0,1.0,0.2,1
9899,0.6131471927654584,0.5,1.0,1.0,2
9901,1.0,1.0,1.0,1.0,1
9903,0.0,0.0,1.0,0.015151515151515152,1
9905,0.0,0.0,0.5,0.012987012987012988,2
9906,1.0,1.0,1.0,1.0,1
9919,0.6005491084563833,1.0,1.0,0.5,3
9926,0.6131471927654584,0.5,1.0,1.0,2
9932,0.23719771276929622,0.5,1.0,0.2,2
9945,1.0,1.0,1.0,1.0,1
9950,0.6131471927654584,0.5,0.5,1.0,2
9952,0.5,1.0,1.0,0.3333333333333333,1
9960,1.0,1.0,1.0,1.0,1
9965,0.9197207891481876,1.0,1.0,1.0,2
9966,0.0,0.0,1.0,0.030303030303030304,2
9970,0.18457569677956817,0.5,1.0,0.1111111111111111,2
9972,0.23719771276929622,0.5,1.0,0.2,2
9977,0.0,0.0,1.0,0.025,1
9978,0.0,0.0,1.0,0.05555555555555555,4
9979,0.0,0.0,1.0,0.058823529411764705,2
9982,1.0,1.0,1.0,1.0,2
9987,1.0,1.0,1.0,1.0,2
9997,0.6131471927654584,0.5,0.5,1.0,2
