qid,query,word_count,length_bin
0,هل عدم القيام بجهد جسماني ممكن ان يسبب الأرق؟,9,Long (9+)
29,ما هي منظمة الاوبك ؟,5,Medium (4-8)
31,متى تأسست شركة الفودافون؟,4,Medium (4-8)
32,متى عاش إبن الهيثم ؟,5,Medium (4-8)
34,متى توفيت فاتن حمامة؟,4,Medium (4-8)
35,متى عقدت الجمعية البرلمانية لمجلس أوروبا دورتها الأولى؟,8,Medium (4-8)
42,ما هو المدفع الجيني؟,4,Medium (4-8)
47,من اخترع لغة البايثون؟,4,Medium (4-8)
57,هل تعد النعامة أكبر الطيورحجماً في العالم؟,7,Medium (4-8)
60,من هو مؤلف سلسلة حرب النجوم؟,6,Medium (4-8)
67,من هو إسحق النينوي؟,4,Medium (4-8)
73,من مؤسس الكنيسة القبطية ؟,5,Medium (4-8)
77,ما هو أقدم متحف في العالم ؟,7,Medium (4-8)
84,كم يوم يصوم المسلمون في رمضان؟,6,Medium (4-8)
88,كم تبلغ اقصى درجة حرارة في الصيف في الاردن؟,9,Long (9+)
97,متى تأسست الجمهورية المجرية السوفييتية؟,5,Medium (4-8)
98,متى حدثة المحرقة ؟,4,Medium (4-8)
104,كم عدد أعضاء مجلس الأمة الكويتي؟,6,Medium (4-8)
107,متى تم اعدام عمر المختار ؟,6,Medium (4-8)
108,ما هي عاصمة مونتينيغرو ؟,5,Medium (4-8)
110,ماهى أعلى قمة لجبال الهيملايا ؟,6,Medium (4-8)
112,متى هاجر الرسول محمد من مكة إلى المدينة ؟,9,Long (9+)
118,متى استقلت لبنان ؟,4,Medium (4-8)
125,هل يعد ثاني أكسيد الكبريت أحد مكونات الأمطار الحامضية؟,9,Long (9+)
126,متى ولد الملك الناصر ناصر الدين محمد بن قلاوون ؟,10,Long (9+)
134,كم عدد سكان  فلسطين؟,4,Medium (4-8)
143,متى أغتيل الطفل محمد الدرة ؟,6,Medium (4-8)
147,ما هي اشهر اعمال الممثل ادوارد نورتون؟,7,Medium (4-8)
150,ماهي مساحة مصر؟,3,Short (1-3)
151,ماهي مساحة بلجيكا؟,3,Short (1-3)
160,ما أول أبحاث ماري سكوودوفسكا كوري؟,6,Medium (4-8)
162,ماهو الفكر الصهيوني ؟,4,Medium (4-8)
163,متى ولدت المذيعة الامريكية مارثا ستيوارت؟,6,Medium (4-8)
164,"من مؤلف كتاب ""من أمريكا إلى الشاطئ الآخر""؟",8,Medium (4-8)
183,كم تبلغ المسافة بين مدينة الزرقاء والعاصمة الاردنية عمان؟,9,Long (9+)
184,ما هي عملية اضمحلال الجسيمات؟,5,Medium (4-8)
187,ما هي اليونسكو ؟,4,Medium (4-8)
188,من هو نيكولاي ميخائيلوفتش كرامزين؟,5,Medium (4-8)
193,هل يحوي جدار الخلية النباتية على السليولوز؟,7,Medium (4-8)
196,في أي عام تم قصف الدار البيضاء؟,7,Medium (4-8)
197,من هي مارغريت تشان؟,4,Medium (4-8)
204,ما نظام الهواتف المحمولة هواوي؟,5,Medium (4-8)
207,كم يبلغ عدد المحافظات السورية؟,5,Medium (4-8)
210,متى أطلقت أول جمعية للرفق بالحيوان حول العالم؟,8,Medium (4-8)
211,في أي عام نالت غامبيا استقلالها من المملكة المتحدة؟,9,Long (9+)
222,ما هو علم الأجتماع ؟,5,Medium (4-8)
228,أين تقع مدينة ليكسوس؟,4,Medium (4-8)
238,ما هي الباطنية؟,3,Short (1-3)
243,مما تتكون المصطلحات التشريحية ؟,5,Medium (4-8)
244,متى تمّ أول إستعمال شبكة محلية لاسلكية ؟,8,Medium (4-8)
256,متى تأسست جامعة الدول العربية ؟,6,Medium (4-8)
262,متى ولدت الفنانة اللبنانية ماجدة الرومي؟,6,Medium (4-8)
276,ما هو عدد الخلفاء الراشدين؟,5,Medium (4-8)
284,متى حصلت الثورة الرومانية ضد حكم الدكتاتور تشاوشيسكو؟,8,Medium (4-8)
290,هل يسمح بزواج المثليين في المجر ؟,7,Medium (4-8)
299,ماهى مساحة مصر ؟,4,Medium (4-8)
302,ما هي غينيا البرتغالية؟,4,Medium (4-8)
306,من هو هارولد لويد؟,4,Medium (4-8)
308,متى تأسست جامعة إدنبرة؟,4,Medium (4-8)
315,أين عاش  الإمام الحافظ إمام بيروت  أبو عمرو عبدُ الرحمٰن بن عمرو بن يُحمد الأوزاعي؟,15,Long (9+)
324,ما هي الليبرالية الاجتماعية؟,4,Medium (4-8)
327,هل يتم استخدام الطاقة النووية في الامارات؟,7,Medium (4-8)
354,متى توفي ليوناردو دا فينشي؟,5,Medium (4-8)
355,متى تاسست منظمة العمل الدولية؟,5,Medium (4-8)
356,أين تقع ولاية ميريلاند؟,4,Medium (4-8)
363,ماهى أثمن لوحة فنية في العالم حالياً ؟,8,Medium (4-8)
364,متي توفي المغني فريدي ميركوري ؟,6,Medium (4-8)
368,متى بدأت شركة امازون بتقديم خدمة الحوسبة السحابية ؟,9,Long (9+)
370,من إخترع الحاسب الآلي ؟,5,Medium (4-8)
371,هل يمكن التبرع بأي عضو من الأعضاء ؟,8,Medium (4-8)
377,ما هو بنك الدم ؟,5,Medium (4-8)
378,من هي ثاني أكبر دول أوروبا الشرقية؟,7,Medium (4-8)
385,متى تاسست جامعة كامبردج؟,4,Medium (4-8)
405,في أي عام تأسس حزب الدستور المصري؟,7,Medium (4-8)
416,في أي عام تم اكتشاف قارة أمريكا؟,7,Medium (4-8)
419,ما هي اكبر صحراء في السعودية ؟,7,Medium (4-8)
423,ما هو مضاد البروتون؟,4,Medium (4-8)
431,من هو جورج فيلهلم فريدريش هيغل؟,6,Medium (4-8)
434,اين توجد قناة فالوب؟,4,Medium (4-8)
435,في أي عام تأسس حلف شمال الأطلسي؟,7,Medium (4-8)
437,"متى تم إطلاق مسبار"" إنسايت"" إلى المريخ ؟",8,Medium (4-8)
440,ما هي المَثَانةُ؟,3,Short (1-3)
446,من هي إيزيس؟,3,Short (1-3)
449,في أي عام نشأ مجلس الشيوخ الروماني؟,7,Medium (4-8)
455,متى إنتهت الحرب العالمية الثانية ؟,6,Medium (4-8)
459,ما هو ورم الرشاشيات؟,4,Medium (4-8)
462,من هو خير الدين بربروس ؟,6,Medium (4-8)
466,متى تأسست مملكة الأندلس ؟,5,Medium (4-8)
471,ما هي المركبات الفضائية المؤهولة ؟,6,Medium (4-8)
478,هل تعد اثيوبيا من الدول العربية؟,6,Medium (4-8)
485,في أي عصر بنيت قلعة مصياف؟,6,Medium (4-8)
492,من هو ماركوس أوريليوس ؟,5,Medium (4-8)
497,كم مرة السعي بين الصَّفَا والمَرْوَةُ في مناسك الحج؟,9,Long (9+)
519,ما هي حرب البسوس ؟,5,Medium (4-8)
520,ماهى الذبحة الصدرية ؟,4,Medium (4-8)
521,ما هي السِبرانية؟,3,Short (1-3)
522,ما المغذّيات المساعدة على تقوية العظام بجسم الإنسان؟,8,Medium (4-8)
551,ما هو موقع معسكر أوشفيتز بيركينو ؟,7,Medium (4-8)
555,متي تم عرض مسلسل جيسيكا جونز ؟,7,Medium (4-8)
561,ما هي عاصمة أثيوبيا؟,4,Medium (4-8)
564,من هم أشباه البشر؟,4,Medium (4-8)
570,أين ولد بابلو إميليو إسكوبار ؟,6,Medium (4-8)
572,ما هي المثلية الجنسية ؟,5,Medium (4-8)
578,ماهى الخاطرة الرومانسية ؟,4,Medium (4-8)
581,متى بدأت الخلافة العباسية؟,4,Medium (4-8)
595,ما هو اصل الددانيون؟,4,Medium (4-8)
597,ما الرمز الكيميائي للآزوت؟,4,Medium (4-8)
605,أين يقع جبل أبي قبيس؟,5,Medium (4-8)
606,متى  توج النادي الرياضي الصفاقسي بالدوري التونسي لكرة القدم لأول مرة؟,11,Long (9+)
611,اين توجد مدينة تالين؟,4,Medium (4-8)
618,أين كان يقع إقليم حضرموت جغرافياً؟,6,Medium (4-8)
629,متى تأسست الجمعية الوطنية العليا في تركيا ؟,8,Medium (4-8)
632,أين ولد ابن تيمية؟,4,Medium (4-8)
634,ما ارتفاع هرم خوفو؟,4,Medium (4-8)
636,ما عدد طبقات الغلاف الجوي ؟,6,Medium (4-8)
639,متى ولد ياقوت الحموي؟,4,Medium (4-8)
649,من سجل أهداف إنتصار تونس على  المكسيك في  كأس العالم لكرة القدم 1978؟,13,Long (9+)
657,أين تقع مدينة الحامول؟,4,Medium (4-8)
660,ما هو المذهب الحنفي ؟,5,Medium (4-8)
689,من هو صلاح شحادة؟,4,Medium (4-8)
696,من هو مؤسس العقيدة الأشعرية؟,5,Medium (4-8)
697,متى انقسمت الكاميرون إلى كاميرون فرنسية و أخرى بريطانية؟,9,Long (9+)
701,متى توفي محمد نسيب بن عطاء الله البكري؟,8,Medium (4-8)
716,من هو الشيخ عبد المجيد الزنداني ؟,7,Medium (4-8)
718,ما هو عدد ممالك إسكندنافيا؟,5,Medium (4-8)
719,من هو فلاديمير الأول؟,4,Medium (4-8)
723,كم عدد محافظات أيرلندا؟,4,Medium (4-8)
724,في أي عام أنتج مسلسل سلاحف النينجا؟,7,Medium (4-8)
733,ما هي اللدائن؟,3,Short (1-3)
740,ما نسبة المياه بكوكب الأرض؟,5,Medium (4-8)
746,متى نشأت الشيعة الإثني عشرية ؟,6,Medium (4-8)
747,أين تقع مقاطعة بيسكاي؟,4,Medium (4-8)
750,من هو أبو العلاء المعري؟,5,Medium (4-8)
752,ما هو الرسم الصوري؟,4,Medium (4-8)
759,من هو ألكسندروس الأول (بابا الإسكندرية)؟,6,Medium (4-8)
761,كيف تم إعدام ليون كولغوش؟,5,Medium (4-8)
762,هل تم إقرار قانون المثلية الجنسية في جنوب أفريقيا؟,9,Long (9+)
763,ما هي التنمية المستدامة؟,4,Medium (4-8)
765,من هو شعب الكيخاتشي؟,4,Medium (4-8)
770,ما هى تقرحات الضغط ؟,5,Medium (4-8)
771,ما هي قرينة الانكسار أو معامل الانكسار لوسط ما؟,9,Long (9+)
772,من هي نيلي زاكس؟,4,Medium (4-8)
774,من هو سقراط؟,3,Short (1-3)
785,من هو الفريق الفائز بكاس العالم 1994؟,7,Medium (4-8)
792,من هو جوناثان سويفت؟,4,Medium (4-8)
802,متى بدأت الانتفاضة الفلسطينية الأولى ؟,6,Medium (4-8)
812,أين تقع بحيرة إزنيق؟,4,Medium (4-8)
813,أين تقع مدينة نابولي ؟,5,Medium (4-8)
823,ما هو عدد  أركان الإسلام ؟,6,Medium (4-8)
831,كم عدد القاب البرازيل بكاس العالم؟,6,Medium (4-8)
832,ما هو الكيسُ السَّلوِيّ؟,4,Medium (4-8)
840,من هي المرأة الوحيدة التي تحصل على الميدالية الذهبية في المعرض العالمي الدولي في فيلادلفيا لعام 1876؟,17,Long (9+)
842,ما هي اول دار للنشر في لبنان ؟,8,Medium (4-8)
847,مم يتكون الجهاز العصبي؟,4,Medium (4-8)
849,هل الهند هي منشأ البوذية؟,5,Medium (4-8)
850,متى توفيّ الملك السعودي عبد اللّه؟,6,Medium (4-8)
853,ما هو تعريف علماء الاجتماع والأنثروبولوجيا للدين؟,7,Medium (4-8)
860,ما هو البرنامج المنافس للثري دي ماكس ؟,8,Medium (4-8)
864,في أي عام تم اغتيال الرئيس المصري السابق أنور السادات؟,10,Long (9+)
866,من هو ادوارد دي بونو ؟,6,Medium (4-8)
867,من هو جوزيف هوفمان؟,4,Medium (4-8)
870,من بنى الأهرام بمصر؟,4,Medium (4-8)
875,أين يقع وادي شعيب؟,4,Medium (4-8)
878,من هو جوزيف لوي لاغرانج؟,5,Medium (4-8)
889,هل تم إستخدام الدبابات في الحرب العالمية الأولى؟,8,Medium (4-8)
890,من هو أحمد حسين؟,4,Medium (4-8)
897,في أي عام بدأ تنظيم دوري أبطال أوروبا؟,8,Medium (4-8)
904,ما هو النيزك؟,3,Short (1-3)
911,اين توجد مدينة لينتس؟,4,Medium (4-8)
912,ماهى مساحة مثلث برمودا ؟,5,Medium (4-8)
926,أين درس إيلي صعب تصميم الأزياء؟,6,Medium (4-8)
928,ماهو التطرف ؟,3,Short (1-3)
929,من هو روبرت شومان؟,4,Medium (4-8)
935,ما لون طبقة الأوزون؟,4,Medium (4-8)
940,أين تقع بيروت ؟,4,Medium (4-8)
943,ماهو أشهر مصنع للإسمنت في ليبيا ؟,7,Medium (4-8)
953,من أين تخرج عزمي بشارة ؟,6,Medium (4-8)
958,من مؤسس الإمبراطورية الهابسبورغية ؟,5,Medium (4-8)
960,ما هي عاصمة الكاميرون؟,4,Medium (4-8)
970,من هو أمريكو فسبوتشي؟,4,Medium (4-8)
971,في أي عام تأسست إمارة أنطاكية؟,6,Medium (4-8)
973,هل ولاية تاكسس الامريكية مستقلة ؟,6,Medium (4-8)
976,كم عدد الدول الاعضاء في المفوضية الأوروبية؟,7,Medium (4-8)
979,كم عدد حلقات هزيم الرعد ؟,6,Medium (4-8)
981,من هو جيفري الخامس كونت أنجو؟,6,Medium (4-8)
987,كيف يتكون المطر ؟,4,Medium (4-8)
1007,أين تقع اللاذقية ؟,4,Medium (4-8)
1023,كم استمرت فترة حكم الرئيس التونسي السابق زين العابدين بن علي؟,11,Long (9+)
1030,كم مرة سعت السيدة هاجر زوجة النبي إبراهيم بين الصَّفَا والمَرْوَةُ؟,11,Long (9+)
1031,من رئيس التحريرالحالي لجريدة الحياة ؟,6,Medium (4-8)
1035,من هو امين عام الأمم المتحدة الحالي ؟,8,Medium (4-8)
1044,ما هو الانبعاج أو التحنيب؟,5,Medium (4-8)
1048,متى تم إكتشاف قارة أستراليا؟,5,Medium (4-8)
1049,متى ظهر التداوي بالابر الصينية ؟,6,Medium (4-8)
1051,اين وقعت معركة صفين؟,4,Medium (4-8)
1060,ما هو أكبر القصور الموجودة في العراق؟,7,Medium (4-8)
1062,ما هو اكبر طائر في العالم ؟,7,Medium (4-8)
1064,ماهو جنسية المغنية العالمية نورا جونز؟,6,Medium (4-8)
1070,متى بدأ برنامج الأمم المتحدة الإنمائي؟,6,Medium (4-8)
1075,من هو مصمم كنسية العائلة المقدسة ؟,7,Medium (4-8)
1078,ما هي الكارلية ؟,4,Medium (4-8)
1090,ما هو البرع؟,3,Short (1-3)
1096,ما هو الحجر الاسود ؟,5,Medium (4-8)
1102,متى تم توقيع اتفاق الوحدة اليمنية؟,6,Medium (4-8)
1106,هل تؤدي متلازمة نفق عظم الكَعْب إلى الإحساس بالبرودة أو السخونة في القدم؟,13,Long (9+)
1113,من قام بإنشاء شركة والت ديزني ؟,7,Medium (4-8)
1124,إلى من ينسب التقويم الغريغوري؟,5,Medium (4-8)
1128,ما هو التسلخ التلقائي للشريان التاجي؟,6,Medium (4-8)
1130,من قام بإبتكار النظام الماركسي ؟,6,Medium (4-8)
1133,ما هي أطول الامبراطوريات الأوربية الاستعمارية الحديثة عمرا؟,8,Medium (4-8)
1136,من ابتكر أول مكواة كهربائية ؟,6,Medium (4-8)
1138,من هو الدفتردار؟,3,Short (1-3)
1140,كم عدد مرات فوز المنتخب المصري بكاس امم افريقيا ؟,10,Long (9+)
1143,من أخرج فيلم كفرناحوم؟,4,Medium (4-8)
1144,في أي دوري يلعب فريق أي سي إف فيورنتينا ؟,10,Long (9+)
1148,أين تقع أنطاكيا ؟,4,Medium (4-8)
1151,ما هو مؤشر داو جونز الصناعي؟,6,Medium (4-8)
1153,متى توفي بيير بول ؟,5,Medium (4-8)
1163,هل الرعشة والانتفاضة  من أعراض الملاريا ؟,7,Medium (4-8)
1172,ما هي عاصمة قطر؟,4,Medium (4-8)
1185,أين تقع منطقة الأفلاق؟,4,Medium (4-8)
1194,ما هي منظمة دوكومومو؟,4,Medium (4-8)
1197,ما هي اقدم المدن السورية؟,5,Medium (4-8)
1198,ما هي أقدم الجامعات الكندية؟,5,Medium (4-8)
1207,من هو شارلز ديكنز ؟,5,Medium (4-8)
1225,متى تم اختراع السوشي؟,4,Medium (4-8)
1227,أين يقع ميناء جازان؟,4,Medium (4-8)
1235,ما هي اللاعَقْلانِيّة؟,3,Short (1-3)
1237,متى إنتهت  فترة حكم  الخلفاء الراشدين ؟,7,Medium (4-8)
1238,ما هو الكونغرس الأمريكي؟,4,Medium (4-8)
1239,ما هو الترابط الهيدروجيني؟,4,Medium (4-8)
1240,من هي زنوبيا؟,3,Short (1-3)
1244,من هو مؤلف معجم ما استعجم؟,6,Medium (4-8)
1245,ما هو تاريخ الطبري؟,4,Medium (4-8)
1247,ما مساحة جزيرة  صقلية ؟,5,Medium (4-8)
1251,متى توفي الرئيس ويليام ماكينلي ؟,6,Medium (4-8)
1252,متى ظهرت اللغة السومرية ؟,5,Medium (4-8)
1253,هل إستعمل الفراعنة الرسم في الكتابة الهيروغليفية؟,7,Medium (4-8)
1258,من هو جون دالتون؟,4,Medium (4-8)
1270,هل كريستوفر كولومبوس إيطالي؟,4,Medium (4-8)
1281,"في اي بلد عربي يوجد طبق ""بنت الصحن""؟",8,Medium (4-8)
1282,كيف تتكاثر الخلايا؟,3,Short (1-3)
1284,متى صدر فيلم نيفرلاند ؟,5,Medium (4-8)
1288,كم دامت  الإمبراطورية البيزنطية؟,4,Medium (4-8)
1293,متى ولد الرئيس جمال عبد الناصر؟,6,Medium (4-8)
1296,ما هو علم الأحياء التطوري؟,5,Medium (4-8)
1298,من هو أول طبيب أجرى عملية زرع القلب عند الإنسان ؟,11,Long (9+)
1308,ماهى إراداة شباك تذاكر فيلم التيتانيك ؟,7,Medium (4-8)
1310,من هو زودياك السفاح ؟,5,Medium (4-8)
1320,ما هي محاكم التفتيش؟,4,Medium (4-8)
1327,ما هي  الآيات المكية ؟,5,Medium (4-8)
1333,متي ولد جون برودوس واطسون؟,5,Medium (4-8)
1334,من هو ريالدو كولومبو؟,4,Medium (4-8)
1342,متى تم اطلاق جهاز الماكنتوش لأول مرة؟,7,Medium (4-8)
1354,من هم أول من عمل بقواعد حساب المثلثات؟,8,Medium (4-8)
1357,من هو شمشي أدد الأول؟,5,Medium (4-8)
1360,ما هو عدد محافظات مصر؟,5,Medium (4-8)
1369,في أي عام تأسس مجلس حقوق الإنسان التابع للأمم المتحدة؟,10,Long (9+)
1377,ما معنى مصطلح ولاية الفقيه؟,5,Medium (4-8)
1380,أين يقع النهر الأصفر؟,4,Medium (4-8)
1382,من هي إليزابيث أليكسندرا ماري؟,5,Medium (4-8)
1387,من هم الأموييون ؟,4,Medium (4-8)
1389,ماهي مساحة العراق؟,3,Short (1-3)
1394,متى صدرت أغنية الجليد والنار؟,5,Medium (4-8)
1395,من هو حسين بيكار؟,4,Medium (4-8)
1397,كم يبلغ نصف قطر الشمس ؟,6,Medium (4-8)
1402,هل يحتوي الحمص على  البروتين  ؟,6,Medium (4-8)
1404,ماهي الديانات التوحيدية الثلاث؟,4,Medium (4-8)
1406,ما هي الجذور الحرة؟,4,Medium (4-8)
1409,ما هي المنطقة في الدماغ المسئولة عن اللغة ؟,9,Long (9+)
1411,من هو والد الملكة إيزابيل الثانية ؟,7,Medium (4-8)
1412,في أي عام تأسس المرصد الأورومتوسطي لحقوق الإنسان؟,8,Medium (4-8)
1415,متى ولد عبد الرحمن الكواكبي ؟,6,Medium (4-8)
1416,ما هوحمض المالييك؟,3,Short (1-3)
1421,ما هي السالمونيلا؟,3,Short (1-3)
1422,ما هو مولد الضد؟,4,Medium (4-8)
1427,ماهو إسم الأصباغ التي تلون الجلد ؟,7,Medium (4-8)
1433,ما هي المن أو قملة النبات؟,6,Medium (4-8)
1439,متى بني المسجد الحسيني في الأردن؟,6,Medium (4-8)
1445,ما هو هيكل سليمان؟,4,Medium (4-8)
1450,ما هو الاسطرلاب ؟,4,Medium (4-8)
1452,متى توفي الرئيس السوري السابق شكري القوتلي؟,7,Medium (4-8)
1459,متى وقعت حرب الكونغو الأولى؟,5,Medium (4-8)
1461,هل يرتبط العنف الأسري بالإكتئاب ؟,6,Medium (4-8)
1463,"ما هي ""الام الحنون""؟",4,Medium (4-8)
1466,كيف يستعمل مؤشر سهولة ممارسة الأعمال ؟,7,Medium (4-8)
1485,متى أحدث أول مقهى لستاربكس عربياً؟,6,Medium (4-8)
1487,هل الإستعمار الفرنسي للمغرب العربي هو استعمار ثقافي وإمبريالي ثقافي ؟,11,Long (9+)
1488,من بشر بالمسيحية في إنجلترا ؟,6,Medium (4-8)
1490,متى انتزع العثمانيون حكم بغداد من الصفويون ؟,8,Medium (4-8)
1502,هل تستخدم لقاحات الحمض النووي علاج الأمراض؟,7,Medium (4-8)
1506,متى عاش محمد بن طغج الإخشيد؟,6,Medium (4-8)
1510,ما هي عاصمة منطقة عسير؟,5,Medium (4-8)
1515,متى تشكل حزب العدالة والبناء ؟,6,Medium (4-8)
1520,ما هي شفعيات الأصابع؟,4,Medium (4-8)
1526,ما هي المركزية ؟,4,Medium (4-8)
1534,ما هي الملكية الدستورية ؟,5,Medium (4-8)
1535,في أي عام حكمت سلطات مكافحة التجسس السورية على إيلي كوهين بالإعدام ؟,13,Long (9+)
1543,متى توفي جان بياجيه؟,4,Medium (4-8)
1544,من هو مؤلف رواية كوابيس بيروت؟,6,Medium (4-8)
1546,ما هي الأسطورة؟,3,Short (1-3)
1549,أين تقع الأرجنتين؟,3,Short (1-3)
1567,ما هي البكتيريا العصوية؟,4,Medium (4-8)
1569,متى تولى الرئيس الأمريكي أبراهام لينكون رئاسة الولايات المتحدة الأميركية؟,10,Long (9+)
1579,"متى صدر المسلسل الامريكي ""بريكنج باد""؟",6,Medium (4-8)
1584,في أي مقاطعة أمريكية تقع هوليوود؟,6,Medium (4-8)
1586,كم تبلغ درجة ملوحة البحر الميت ؟,7,Medium (4-8)
1590,ما هي الأنيميا؟,3,Short (1-3)
1591,ما هي عملية القلب المفتوح ؟,6,Medium (4-8)
1594,أين ولد بيلا لوغوسي ؟,5,Medium (4-8)
1595,من هو برويز مشرف؟,4,Medium (4-8)
1600,كيف توفي بيل پاكستون ؟,5,Medium (4-8)
1603,اين يوجد لواء اسكندرون؟,4,Medium (4-8)
1604,ما هي طوبولوجيا شبكة وكيل؟,5,Medium (4-8)
1616,متى تم اختفاء موسى الصدر في ليبيا؟,7,Medium (4-8)
1618,ما هو جهاز اللولب؟,4,Medium (4-8)
1623,ما هي الكنيسة المعمدانية؟,4,Medium (4-8)
1626,من هو ابو فراس الحمداني؟,5,Medium (4-8)
1627,ما هي الآية قرانية التي لا تبدأ بالبسملة؟,8,Medium (4-8)
1635,هل كان أبراهام لينكون من أتباع الحزب الجمهوري؟,8,Medium (4-8)
1645,ماهو تعداد سكان جرينلاند ؟,5,Medium (4-8)
1647,كم يبلغ طول سور الصين العظيم ؟,7,Medium (4-8)
1648,أين يقع معبر رفح ؟,5,Medium (4-8)
1658,ما هي جنسية سيغموند فرويد؟,5,Medium (4-8)
1661,أين يعيش ضفدع السهم السام؟,5,Medium (4-8)
1666,من هو خيرت فيلدرز ؟,5,Medium (4-8)
1676,اين ولد جلال الدين الرومي؟,5,Medium (4-8)
1678,ما هي نظرية الكون المتعدد ؟,6,Medium (4-8)
1681,ما معنى مصطلح الجاهلية في الإسلام؟,6,Medium (4-8)
1686,هل الهندوسية ديانة إبراهيمية ؟,5,Medium (4-8)
1702,ما أبرز دولة قادت قوات دول المحورفي الحرب العالمية الثانية؟,10,Long (9+)
1703,ما هي أقرب المجرات لمجرتنا؟,5,Medium (4-8)
1710,اين يوجد معبد ابو سمبل؟,5,Medium (4-8)
1721,ما هو السفر رقم 12 في التوراة؟,7,Medium (4-8)
1725,من هو اول والي مملوكي حكم بغداد ؟,8,Medium (4-8)
1736,من هو العالم المسلم الذي كان يلقب ب بطليموس العرب؟,10,Long (9+)
1741,متى تأسست الجمعية العامة للأمم المتحدة ؟,7,Medium (4-8)
1745,ما هى الأعداد الطبيعية ؟,5,Medium (4-8)
1750,من هم عرب 48 ؟,5,Medium (4-8)
1761,أين تقع مدينة ماينتس؟,4,Medium (4-8)
1763,"من هو مؤلف رواية ""روبنسون كروزو؟",6,Medium (4-8)
1769,ما هو الحجاب في الثقافة الإسلامية؟,6,Medium (4-8)
1775,كيف إنتشرة الديانة المسيحية في شمال أفريقيا؟,7,Medium (4-8)
1778,اين سكن النوبيون قديما؟,4,Medium (4-8)
1793,أين تقع البرتغال ؟,4,Medium (4-8)
1796,"من هو مخرج فيلم ""انقاذ الجندي رايان""؟",7,Medium (4-8)
1797,ما أكبر نهر يمرّ على كينيا؟,6,Medium (4-8)
1798,ماهو تعداد سكان برلين ؟,5,Medium (4-8)
1800,من أسّس القاهرة؟,3,Short (1-3)
1808,متى تأسس حزب العمال البريطانى ؟,6,Medium (4-8)
1810,من هو مؤلف رواية الرهينة؟,5,Medium (4-8)
1811,متى توفي الشاعر سليمان العيسى ؟,6,Medium (4-8)
1812,أين يقع اقليم كردستان؟,4,Medium (4-8)
1815,هل شاركت اليابان في الحرب العالمية الأولى؟,7,Medium (4-8)
1816,من أين يفرز الهرمون البيبتيدي؟,5,Medium (4-8)
1827,من هو عبد الكريم الإرياني؟,5,Medium (4-8)
1835,أين يصّنع محرّك سي اف ام 56؟,7,Medium (4-8)
1839,من هي والدة الإمبراطور الروماني قسطنطين الكبير؟,7,Medium (4-8)
1844,كم عدد المسلمين في العالم؟,5,Medium (4-8)
1847,هل يمكن علاج داء الكلب ؟,6,Medium (4-8)
1861,من هو رئيس تركمانستان لعام 2007 ؟,7,Medium (4-8)
1866,هل أغلب مسيحيو روسيا هم من الروم الأرثوذكس؟,8,Medium (4-8)
1869,ما هو أصل كلمة تكنولوجيا؟,5,Medium (4-8)
1870,متي إستقلت ماليزيا ؟,4,Medium (4-8)
1872,هل خنازير البحرنوع من الحيتان؟,5,Medium (4-8)
1874,ماذا تسمى عملية تحويل الغاز إلى سائل ؟,8,Medium (4-8)
1875,من هو شارل كونت فالوا؟,5,Medium (4-8)
1876,من هو أول رئيس للولايات المتحدة؟,6,Medium (4-8)
1888,متى توفي آليستر كراولي ؟,5,Medium (4-8)
1890,متى تأسست مدرسة طُليطلة ؟,5,Medium (4-8)
1891,متى تأسست مجلة فوربس؟,4,Medium (4-8)
1895,متي تأسسة شركة بيكسار ؟,5,Medium (4-8)
1899,متى وصلت الديانة المسيحية إلى آيرلندا ؟,7,Medium (4-8)
1900,ما هو مرض السكري؟,4,Medium (4-8)
1905,لأي شعبة ينتمي الجندب؟,4,Medium (4-8)
1912,متى سقطت غرناطة ؟,4,Medium (4-8)
1913,في أي عام  تأسس الاتحاد الأفريقى لكرة القدم؟,8,Medium (4-8)
1931,متى برهن ستيفن هوكينغ نظرياً على وجود إشعاع حراري صادر عن الثقوب السوداء؟,13,Long (9+)
1933,من هو مؤسس مؤسسة المشاع الإبداعي ؟,7,Medium (4-8)
1939,هل يؤدي ارتفاع نسبة الفلورايد في الماء إلى الضرر بالأسنان؟,10,Long (9+)
1940,ما هو البحر الذي تطل عليه مدينة بيروت؟,8,Medium (4-8)
1946,متى تم إصدار أول نظام تشغيل ويندوز ؟,8,Medium (4-8)
1949,متى تأسست شركة يوروكوبتر؟,4,Medium (4-8)
1955,متى ولد أنور خليل خوجة ؟,6,Medium (4-8)
1959,متى تم إنشاء مفاعل ديمونة الاسرائيلي؟,6,Medium (4-8)
1963,هل هناك شكل خاص للدنا يشبه دبوس الشعر؟,8,Medium (4-8)
1966,اين توجد مدينة الزرقاء؟,4,Medium (4-8)
1967,هل الجسيمات المضادة تنتج بشكل طبيعي من تحلل بيتا؟,9,Long (9+)
1971,ما هو لون معدن البلاتين؟,5,Medium (4-8)
1984,متى أقيمت مراسم زفاف الأمير ويليام وكاثرين ميدلتون ؟,9,Long (9+)
1990,من هو رينيه ديكارت؟,4,Medium (4-8)
1995,من رئيس مجلس الأمن لدى الأمم المتحدة حاليا؟,8,Medium (4-8)
1998,متى بدأة حرب السيطرة علي جزيرة القرم ؟,8,Medium (4-8)
1999,ما اسم الدولة التي عاصمتها بودابيست؟,6,Medium (4-8)
2004,ما هو ميزان المراجعة؟,4,Medium (4-8)
2007,هل الإنكا أحد الامبراطوريات التي بناها الهنود الحمر في أمريكا الجنوبية؟,11,Long (9+)
2017,متى ولدت ماري كوري ؟,5,Medium (4-8)
2024,متى تأسست شركة ماكينزي؟,4,Medium (4-8)
2045,من هو القائد العربي الذي نسب إليه فتح الأندلس؟,9,Long (9+)
2048,ماهي مساحة سورية ؟,4,Medium (4-8)
2049,أين تقع جورجيا الجنوبية ؟,5,Medium (4-8)
2053,هل البراريق الشفافة من أعراض التنكس البقعي؟,7,Medium (4-8)
2062,متى بدأت الحرب الأهلية اللبنانية؟,5,Medium (4-8)
2066,كم كان عدد ضحايا الهجوم على صحيفة شارلي إبدو ؟,10,Long (9+)
2076,أين تقع صحراء ناميب ؟,5,Medium (4-8)
2078,أين تقع مدينة باتنة؟,4,Medium (4-8)
2086,من أي مدرسة تخرج المرعي باشا الملاّح ؟,8,Medium (4-8)
2087,ما هي الحيتان البالينية؟,4,Medium (4-8)
2090,ما هي عملية تبديل الرزم؟,5,Medium (4-8)
2096,من هو جان باتيست لولي؟,5,Medium (4-8)
2097,من هو جد بايزيد الأوَّل؟,5,Medium (4-8)
2102,في أي عام نالت السودان استقلالها؟,6,Medium (4-8)
2103,متى تم توقيع معاهدة سيفر؟,5,Medium (4-8)
2112,ما هي الصفائح التكتونية؟,4,Medium (4-8)
2113,متى ولد إمرئ القيس  ؟,5,Medium (4-8)
2114,ما هو الرقم الذري للاكسجين؟,5,Medium (4-8)
2115,ما النظام السياسي في الصين؟,5,Medium (4-8)
2117,من هو الأب المؤسس لعائلة روتشيلد؟,6,Medium (4-8)
2120,من هو مصمم سلسلة ألعاب دارك سولز ؟,8,Medium (4-8)
2123,متى عرضت مسرحية مدرسة المشاغبين لأول مرة؟,7,Medium (4-8)
2129,كم يبلغ طول التريسيراتوبس؟,4,Medium (4-8)
2132,ما هي الكرستولوجيا؟,3,Short (1-3)
2133,"متى صدر فيلم ""300"" ؟",5,Medium (4-8)
2140,من هو محمد يوسف المقريف؟,5,Medium (4-8)
2141,أين يوجد ضريح الإمام علي؟,5,Medium (4-8)
2143,كيف كان نظام الإرث في السويد ؟,7,Medium (4-8)
2147,من هو خالد بن الوليد؟,5,Medium (4-8)
2156,متى إنتهى العصر الذهبي للإسلام ؟,6,Medium (4-8)
2164,متى تاسست الإمبراطورية النمساوية؟,4,Medium (4-8)
2166,ما هي اللغة الرسمية في اللوكسمبورغ ؟,7,Medium (4-8)
2186,الى أي دولة تتبع جزيرة عيد الميلاد؟,7,Medium (4-8)
2192,من أول من أشعل شرارة الربيع العربي؟,7,Medium (4-8)
2197,أين تقع قرية سيدي عبد الرحمن؟,6,Medium (4-8)
2200,ماهي درجة قرابة عقيل بن أبي طالب للنبي محمد؟,9,Long (9+)
2203,ما هو صرع الفص الصدغي؟,5,Medium (4-8)
2224,في أي عام تأسست الدولة العثمانية؟,6,Medium (4-8)
2225,ماذا يمثل  آمون عند الفراعنة؟,5,Medium (4-8)
2234,من هو غونتر غراس ؟,5,Medium (4-8)
2239,من أسّس  جمهورية الريف في شمال المغرب؟,7,Medium (4-8)
2241,في اي نادي اسباني لعب الاسطورة بوشكاش؟,7,Medium (4-8)
2252,ما هي مساحة القارة القطبية الجنوبية؟,6,Medium (4-8)
2255,متى توفي أبو زكرياء الأول ؟,6,Medium (4-8)
2261,ما هو الموطن الأصلي لشجرة الكاكاو ؟,7,Medium (4-8)
2266,كم عدد أسنان الانسان؟,4,Medium (4-8)
2270,متى ظهرت قبائل الليبو؟,4,Medium (4-8)
2271,هل يتم علاج الحصاة الصفراوية؟,5,Medium (4-8)
2272,متي نشأت الجمهورية العربية المتحدة ؟,6,Medium (4-8)
2283,ما عاصمة قطر؟,3,Short (1-3)
2287,هل الأهرام هي مقابر الفراعنة؟,5,Medium (4-8)
2290,في اي عصر اسلامي  بدأت ترجمة الكتب اليونانية؟,8,Medium (4-8)
2291,ما هي الصوروبودا؟,3,Short (1-3)
2292,ماهو موقع فلسطين الجغرافي ؟,5,Medium (4-8)
2294,ما هي مادة النيكوتين؟,4,Medium (4-8)
2299,متى وقعت غزوة الخندق؟,4,Medium (4-8)
2301,ما هي الجغرافيا البشرية؟,4,Medium (4-8)
2312,متى وقعت معركة الجمل؟,4,Medium (4-8)
2314,هل يتشارك التوأم نفس خصائص الدي ان أي؟,8,Medium (4-8)
2330,ما هو مرض السفلس؟,4,Medium (4-8)
2340,ما هو جناح البحث والتحليل الهندي؟,6,Medium (4-8)
2343,أين يقع أكبر سجن في العالم؟,6,Medium (4-8)
2345,ماذا لقب الرسول خالد بن الوليد؟,6,Medium (4-8)
2353,متى تأسست البحرين؟,3,Short (1-3)
2355,ما هو النالوكسون؟,3,Short (1-3)
2356,ما هي كتلة القلب في جسم الإنسان ؟,8,Medium (4-8)
2367,ما هو دور طبلة الأذن؟,5,Medium (4-8)
2370,مما تتكون الأذن ؟,4,Medium (4-8)
2375,ما هي الياكوزا ؟,4,Medium (4-8)
2377,هل يمكن تحسين اداء الذاكرة ؟,6,Medium (4-8)
2384,في أي محيط تقع جزر هاواي؟,6,Medium (4-8)
2393,من إنتزع الأطفال المسروقين من السكان الأصليين الأستراليين ؟,9,Long (9+)
2394,كيف يمكن التعرف علي جنس الرضيع؟,6,Medium (4-8)
2396,أين تقع مدينة شتتين؟,4,Medium (4-8)
2397,متى بنيت الاهرام ؟,4,Medium (4-8)
2398,من مالك شركة فورد حاليا؟,5,Medium (4-8)
2400,أين تقع جزر المالديف؟,4,Medium (4-8)
2406,ما هو مرض تضخم الغدة الدرقية؟,6,Medium (4-8)
2416,من هي الكاهنة ديهيا؟,4,Medium (4-8)
2420,أين يقع نهر يالو؟,4,Medium (4-8)
2423,ما هي منظمة ايباك ؟,5,Medium (4-8)
2429,متى انتهت حرب الاستقلال الإريترية؟,5,Medium (4-8)
2430,من هي أول رائدة فضاء حطت على القمر؟,8,Medium (4-8)
2432,متى تولى أبراهام لينكولن رئاسة الولايات المتحدة لأمريكية؟,8,Medium (4-8)
2438,متى توفي طانيوس شاهين سعادة ؟,6,Medium (4-8)
2445,في أي عام تم اكتشاف كوكب نبتون؟,7,Medium (4-8)
2449,كم مساحة البحرالأسود؟,3,Short (1-3)
2450,ماهو الدليل إصطلاحاً ؟,4,Medium (4-8)
2454,متى تم الانتهاء من بناء هيكل آرتميس؟,7,Medium (4-8)
2461,أين ولد طانيوس شاهين سعادة ؟,6,Medium (4-8)
2464,متى إندلعت حرب الخليج ؟,5,Medium (4-8)
2474,متى نالت الجزائر استقلالها ؟,5,Medium (4-8)
2481,أين تقع مدينة كونستانتسا؟,4,Medium (4-8)
2488,ما هي ذاكرة السيرة الذاتية؟,5,Medium (4-8)
2499,متى كانت دمشق أول عاصمة للأمويين؟,6,Medium (4-8)
2502,من هو ملك إسبانيا حاليا؟,5,Medium (4-8)
2505,ما هو علم المثلثات ؟,5,Medium (4-8)
2516,من اخترع أول سلاح؟,4,Medium (4-8)
2533,من بنى بيت الحكمة للعلم في بغداد؟,7,Medium (4-8)
2539,من هو ماركوس يونيوس بروتس؟,5,Medium (4-8)
2570,متى تم بناء مدينة مدريد الإسبانية؟,6,Medium (4-8)
2579,متى تم إنفصال برلين إلي قسمين ؟,7,Medium (4-8)
2580,من هو أبو الحسن الشاذلي؟,5,Medium (4-8)
2584,اين تقع مدينة فاس ؟,5,Medium (4-8)
2595,في أي عام خدم أرمسترونغ في الجيش الأمريكي وشارك في الحرب الكورية؟,12,Long (9+)
2596,متي أعلنة جمهورية الدومنيكان إستقلالها ؟,6,Medium (4-8)
2598,متى تم تصريح بيع الكحول في الولايات المتحدة ؟,9,Long (9+)
2602,من هو أبو الفتوح أحمد الغزالي؟,6,Medium (4-8)
2611,اين يوجد أرخبيل غالاباغوس؟,4,Medium (4-8)
2619,كم يبلغ حجم التداول اليومي في سوق الفوركس ؟,9,Long (9+)
2625,أين تأسست اليوغا؟,3,Short (1-3)
2627,هل توجد اللغة الفرنسية في القارات الخمسة؟,7,Medium (4-8)
2628,ما هي المياه الزرقاء ؟,5,Medium (4-8)
2631,ما هو التعليم الإلكتروني؟,4,Medium (4-8)
2632,كم لغة في الهند؟,4,Medium (4-8)
2635,اين تقع مدينة ملاهي فيالاند؟,5,Medium (4-8)
2636,كم مليوناً انخفض عدد سكان الاتحاد السوفييتي بعد الحرب مع ألمانيا؟,11,Long (9+)
2641,ما هو أول مسلسل تفلزيوني مثل فيه جون ترافولتا؟,9,Long (9+)
2653,أين ولد المهاتما غاندي؟,4,Medium (4-8)
2657,متى استلمت أنغيلا ميركل رئاسة الحكومة الألمانية؟,7,Medium (4-8)
2685,من هو كاليغولا؟,3,Short (1-3)
2694,متى بدأت حرب المكسيك على المخدرات؟,6,Medium (4-8)
2696,من هو مؤلف كتاب السلوك لمعرفة دول الملوك؟,8,Medium (4-8)
2701,من هو عمرو بن جرموز؟,5,Medium (4-8)
2702,متى صدر فيلم وندر ومن ؟,6,Medium (4-8)
2704,متي تم إطلاق تِلسكوب هابل الفضائي الي الغلاف الجوي ؟,10,Long (9+)
2712,ماذا  كان موقع جاسم يعقوب في نادي القاديسية ؟,9,Long (9+)
2721,ما هو أطول نهر في قارة إفريقيا؟,7,Medium (4-8)
2722,متى تأسست المملكة الأردنية الهاشمية ؟,6,Medium (4-8)
2723,متى إنشقت أوكرانيا عن الإتحاد السوفيتي ؟,7,Medium (4-8)
2724,من هو جيمس بروس؟,4,Medium (4-8)
2728,ما هي الجيولوجيا؟,3,Short (1-3)
2734,ما أهمية  ممتص الصواعق ؟,5,Medium (4-8)
2739,متى بدأت الثورة الصناعية في أوروبا ؟,7,Medium (4-8)
2745,كم عدد مواسم مسلسل شارلوك هولمز ؟,7,Medium (4-8)
2750,من هو الخليفة العباسي التي سقطت على يده بغداد  عند  غزو المغول؟,12,Long (9+)
2753,متى ولد شكري القوتلي؟,4,Medium (4-8)
2758,ماذا تعني معالجة البيانات ؟,5,Medium (4-8)
2759,من هو الملك ريتشارد قلب الأسد؟,6,Medium (4-8)
2768,ما هي عاصمة سلطنة عمان ؟,6,Medium (4-8)
2777,متى توفي تالكوت بارسونز؟,4,Medium (4-8)
2780,ما هي بطريركية أنطاكية وسائر المشرق للروم الأرثوذكس؟,8,Medium (4-8)
2788,أين تقع كاتدرائية السيدة العذراء أم الزنار في سوريا؟,9,Long (9+)
2789,ما هي المجموعة الإثنية؟,4,Medium (4-8)
2798,ما هو  الورم العابي القزحي؟,5,Medium (4-8)
2803,ما هي المقاومة المدنية؟,4,Medium (4-8)
2811,أين ينشأ الشعاع السيكلوتروني؟,4,Medium (4-8)
2816,ما هو اسم كاتبة سلسلة روايات هاري بوتر؟,8,Medium (4-8)
2824,ماهو موقع الماغنيسيوم في الجدول الدوري الحديث ؟,8,Medium (4-8)
2826,ما  هي انواع الخلايا الشمسية ؟,6,Medium (4-8)
2832,ما هي متلازمة واطسون؟,4,Medium (4-8)
2848,اين يوجد معبر رفح؟,4,Medium (4-8)
2857,متى وصلت المسيحية إلي المكسيك ؟,6,Medium (4-8)
2858,ماذا يعني فرق الاجور بين الجنسين ؟,7,Medium (4-8)
2860,متى ولد پيتر أبـِلار ؟,5,Medium (4-8)
2867,متى تم إنشاء مدينة بغداد ؟,6,Medium (4-8)
2869,من هو جون ستيوارت مل؟,5,Medium (4-8)
2875,ماهو رمز الكيميائي لليورانيوم ؟,5,Medium (4-8)
2879,متى تم عرض فيلم كولومبيانا ؟,6,Medium (4-8)
2893,في أي عام تأسست الوكالة العالمية لمكافحة المنشطات؟,8,Medium (4-8)
2896,أين يقع نهرالوادي الكبير أو النهر الكبير؟,7,Medium (4-8)
2900,ما هي مساحة إمارة أبوظبي؟,5,Medium (4-8)
2901,متى كانت  مجزرة كاتين؟,4,Medium (4-8)
2903,ما هي فلسفة الذهن؟,4,Medium (4-8)
2904,ما هي  أطول السور المكية؟,5,Medium (4-8)
2911,من هم الكلت أو القلط أو السلت؟,7,Medium (4-8)
2915,كيف توفي غولدنغ بيرد ؟,5,Medium (4-8)
2931,من هو زوج المخرجة والممثلة اللبنانية نادين لبكي ؟,9,Long (9+)
2936,على كم كتاب تحتوي مكتبة الفاتيكان؟,6,Medium (4-8)
2942,ماهى مساحة كوبا ؟,4,Medium (4-8)
2948,متى ولد المؤلف الموسيقي ريتشارد شتراوس؟,6,Medium (4-8)
2955,كم تبعد مدينة طليطلة على مدريد؟,6,Medium (4-8)
2960,أين يقع مثلث بيرمودا ؟,5,Medium (4-8)
2961,ما هي اللغة الرسمية في البنما؟,6,Medium (4-8)
2964,أين ولد محمد أبو السعود أفندي ؟,7,Medium (4-8)
2968,في أي عام قصف الفرنسيون مدينة الدار البيضاء المغربية؟,9,Long (9+)
2977,ما هو اسم  بيتهوفن الكامل ؟,6,Medium (4-8)
2988,من هو فرانشيسكو دي غريغوري؟,5,Medium (4-8)
2991,كم يصل تعداد اتباع البوذية في العالم ؟,8,Medium (4-8)
2999,أين تقع جمهورية الرأس الأخضر؟,5,Medium (4-8)
3003,أين تقع ساعة بيج بن؟,5,Medium (4-8)
3013,من صاحب شركة ميكروسوفت؟,4,Medium (4-8)
3014,على ماذا يعتمد التقويم الإسلامي ؟,6,Medium (4-8)
3015,في أي عام تم فرض الحماية البريطانية على مصر؟,9,Long (9+)
3019,ما هي أكبر مدن ولاية ويسكنسن الأمريكية؟,7,Medium (4-8)
3020,من هم الكارولنجيون؟,3,Short (1-3)
3021,متى ولدت أسماء محفوظ الناشطة السياسية المصرية ؟,8,Medium (4-8)
3022,هل الحج من اركان الاسلام ؟,6,Medium (4-8)
3026,في اي عام غزت العراق الكويت؟,6,Medium (4-8)
3033,ما هي تقنية ال اي دي؟,6,Medium (4-8)
3034,ما هي الأسماء الخمسة في اللغة العربية؟,7,Medium (4-8)
3039,ما هو الجنف؟,3,Short (1-3)
3040,متى توفي رينيه ديكارت؟,4,Medium (4-8)
3044,أين يقع المقر الرئيسي لهيئة الإذاعة الوطنية  إن بي سي؟,10,Long (9+)
3047,من هو مؤسس الديانة البوذية ؟,6,Medium (4-8)
3051,اين تعيش افعى الأناكوندا؟,4,Medium (4-8)
3053,متى تولى الملك فاروق الأول الحكم ؟,7,Medium (4-8)
3057,من هو جوزيف فوراكر؟,4,Medium (4-8)
3060,متى إنهارت الإمبراطورية الرومانية القديمة ؟,6,Medium (4-8)
3061,ما هي قوة الدفع ؟,5,Medium (4-8)
3073,هل السيجارة الإلكترونية أقل ضرراً من السيجارة التقليدية ؟,9,Long (9+)
3081,كم يبلغ طول حائط البراق؟,5,Medium (4-8)
3090,ما هي عاصمة التشيك؟,4,Medium (4-8)
3092,هل من الخطر شرب الكحول خلال فترة الحمل عند المرأة ؟,11,Long (9+)
3093,هل درّس  فرانسيس فوكوياما بجامعة ستانفورد؟,6,Medium (4-8)
3097,كيف تم تعريف الكوكب القزم من قبل الاتحاد الفلكي الدولي في عام 2006؟,13,Long (9+)
3098,إلى ماذا ترجع أصول مصطلحي اليمين  واليسار ؟,8,Medium (4-8)
3111,متى تأسست جمهورية باكستان الإسلامية ؟,6,Medium (4-8)
3114,ما هي الديانة السائدة في اقليم البنجاب ؟,8,Medium (4-8)
3115,كم تبلغ مساحة موريتانيا؟,4,Medium (4-8)
3125,ما هو المستقبل كالسيتريول؟,4,Medium (4-8)
3126,متى تأسست فرقة ذا كيور ؟,6,Medium (4-8)
3128,أين ولدة طل الملوحي ؟,5,Medium (4-8)
3131,ما هو كتاب غينيس ؟,5,Medium (4-8)
3133,متي ولد جان-بول شارل ايمارد سارتر؟,6,Medium (4-8)
3140,ما هو اسم أول ألبوم اطلقته المغنية سيا؟,8,Medium (4-8)
3149,ما هو اليسار الراديكالي؟,4,Medium (4-8)
3151,متى تم اغتيال فيليبوس الثاني المقدوني؟,6,Medium (4-8)
3153,ما هي أكبر سلسلة جبال في أستراليا؟,7,Medium (4-8)
3158,من هو الشيخ أحمد إسماعيل ياسين؟,6,Medium (4-8)
3164,ما هي نظرية الانفجار العظيم؟,5,Medium (4-8)
3165,اين توجد قبائل صنهاجة؟,4,Medium (4-8)
3172,أين يقع إقليم أزال؟,4,Medium (4-8)
3173,متى إستقلت المجر عن الإتحاد السوفييتي ؟,7,Medium (4-8)
3188,في أي عام تأسست جامعة كامبرج؟,6,Medium (4-8)
3194,اين تقع مدينة الجميرة؟,4,Medium (4-8)
3203,ما هي الأمراض الوراثية ؟,5,Medium (4-8)
3207,أين تقع فلسطين ؟,4,Medium (4-8)
3210,ما هي  مجموعة هيمالايا؟,4,Medium (4-8)
3211,من هو ادوارد نورتون؟,4,Medium (4-8)
3212,متى تشكلت مجموعة هيئة تحرير الشام؟,6,Medium (4-8)
3218,هل داء الكَلَب هو مرض فيروسي؟,6,Medium (4-8)
3231,من هو مخترع الحاسوب ؟,5,Medium (4-8)
3234,أين ولد عثمان بن أرطغرل ؟,6,Medium (4-8)
3265,ما هي عاصمة اسكتلندا ؟,5,Medium (4-8)
3273,ما هو نهج الرابطة الإسلامية الباكستانية؟,6,Medium (4-8)
3274,متى انسحبت القوات الأمريكية من الصومال؟,6,Medium (4-8)
3284,متى أطلق غوغل مساعده الشخصي الذكي؟,6,Medium (4-8)
3285,هل شاركت استراليا في الحرب العالمية الثانية؟,7,Medium (4-8)
3302,"متى صدر فيلم ""انقاذ الجندي رايان""؟",6,Medium (4-8)
3306,ما هو سوق المناخ؟,4,Medium (4-8)
3308,هل غالبية سكان في تركمانستان هم مسلمون؟,7,Medium (4-8)
3311,اين يوجد نصب السيف الدمشقي؟,5,Medium (4-8)
3319,متى دخلت قبيلة الشنسباني  الإسلام؟,5,Medium (4-8)
3337,متى تم افتتاح المتحف الحربي في اليمن؟,7,Medium (4-8)
3338,ما هي عاصمة ألبانيا؟,4,Medium (4-8)
3341,متى بدأة الحرب العالمية الثانية ؟,6,Medium (4-8)
3342,متى إندلعت الحرب العالمية الثانية ؟,6,Medium (4-8)
3352,ماهو التشريح ؟,3,Short (1-3)
3355,أين يقع إقليم طبرستان؟,4,Medium (4-8)
3357,ما هو الوريد الوداجي؟,4,Medium (4-8)
3358,أين تقع جزر أندمان ونيكوبار؟,5,Medium (4-8)
3362,ما المقصود بالري بالتنقيط؟,4,Medium (4-8)
3364,أين تقع مدينة بيسان؟,4,Medium (4-8)
3371,أين ولد بشار الأسد ؟,5,Medium (4-8)
3379,متى تأسس معهد باستير في فرنسا؟,6,Medium (4-8)
3391,أين ولد ويليام فورد جيبسون ؟,6,Medium (4-8)
3393,ما معنى اسم اليابان؟,4,Medium (4-8)
3399,ما هو الذهان؟,3,Short (1-3)
3401,متى صدر فيلم المومياء؟,4,Medium (4-8)
3427,"ماذا يعني إسم ""يافا"" ؟",5,Medium (4-8)
3443,من هي الشركة المنتجة لسلسلة العاب الفيفا؟,7,Medium (4-8)
3444,اين تقع منطقة الأناضول الشرقية ؟,6,Medium (4-8)
3453,متى بدأت آشانتي شيكويا دوجلاس نشاطها؟,6,Medium (4-8)
3456,كم يبلغ وزن طائر الدُّوري المُغَرِّد البالغ ؟,8,Medium (4-8)
3459,كم تبلغ مساحة إثيوبيا ؟,5,Medium (4-8)
3461,ماذا تضم منطقة راندستاد؟,4,Medium (4-8)
3472,متى تأسس المتحف الوطني للفن الحديث في بغداد؟,8,Medium (4-8)
3474,ما معنى كلمة شوغون؟,4,Medium (4-8)
3479,"من هو مؤلف "" الصراع على الشرق الأوسط "" ؟",10,Long (9+)
3481,ما سبب تسمية البحر الأسود بهذا الاسم؟,7,Medium (4-8)
3483,من هو الإنسان المنتصب؟,4,Medium (4-8)
3489,ماهو تعداد سكان بلدة الكفري العراقية ؟,7,Medium (4-8)
3492,اين يوجد مقر شركة مورغان ستانلي؟,6,Medium (4-8)
3501,"متى صدر فيلم "" اكس مان""؟",6,Medium (4-8)
3506,ما هو اسم صوت الغزال في اللغة العربية؟,8,Medium (4-8)
3509,أين تقع منطقة إيجة؟,4,Medium (4-8)
3515,ما هي الفرقاطة؟,3,Short (1-3)
3522,كم استمرت الحرب الاهلية في لبنان؟,6,Medium (4-8)
3526,لماذا حاولت بريطانيا توقيع معاهدات مع العراق بعد أحداث الحرب العالمية الثانية ؟,13,Long (9+)
3530,من انتصر في معركة معركة أبو قير البحرية بين بريطانيا وفرنسا؟,11,Long (9+)
3532,ما هو الحمل المنتبذ؟,4,Medium (4-8)
3537,أين تقع مدينة حيفا؟,4,Medium (4-8)
3543,ماهي أول دولة غزاها المغول؟,5,Medium (4-8)
3546,ما هو الفاسوبريسين ؟,4,Medium (4-8)
3551,هل دخل  العرب إسبانيا في التاريخ؟,6,Medium (4-8)
3557,أين تقع مدينة بريستول؟,4,Medium (4-8)
3568,متى ولدت سيلين ديون؟,4,Medium (4-8)
3570,أين تستخدم لغة يُورُبا؟,4,Medium (4-8)
3571,متى ولد اللاعب جوردن الكسندر سبيث ؟,7,Medium (4-8)
3574,ما هو علم الآثار؟,4,Medium (4-8)
3578,من هو يوهان غوتنبرغ؟,4,Medium (4-8)
3582,متى أنشئ  معهد جوته؟,4,Medium (4-8)
3591,متى ولد كاظم الساهر؟,4,Medium (4-8)
3593,كم تبلغ فترة حمل أنثى القنفذ؟,6,Medium (4-8)
3594,كم تبلغ مساحة المسجد الأقصى ؟,6,Medium (4-8)
3595,في أي عام ولد المصارع الأمريكي كودي رودز؟,8,Medium (4-8)
3596,ما هي اللغة الرسمية في لوكسمبورغ؟,6,Medium (4-8)
3599,متى سقطت بغداد على يد جيش المغول؟,7,Medium (4-8)
3600,هل اعترفت الأمم المتحدة رسمياً باستقلال أبخازيا؟,7,Medium (4-8)
3605,هي المسيحية دين توحيدي؟,4,Medium (4-8)
3609,متى كان حكم الفينقيين بلبنان؟,5,Medium (4-8)
3618,متي ظهرت المعابد الإغريقية ؟,5,Medium (4-8)
3628,متى توفيت حكمت أبو زيد ؟,6,Medium (4-8)
3637,ما هو استصحاب الحال في علم أصول الفقه؟,8,Medium (4-8)
3638,أين يقع جبل الدروز أو جبل حوران؟,7,Medium (4-8)
3639,من أي مدرسة تخرجة منها حكمت أبو زيد ؟,9,Long (9+)
3640,متى تم إستخدام الغوّاصات لأول مرة؟,6,Medium (4-8)
3645,أين تقع مدينة أنتيبول؟,4,Medium (4-8)
3646,ما هو الأَسْبِرِين أو حَمْضُ خَلِّيِّ الصَّفْصَافِيِّ؟,7,Medium (4-8)
3655,ما هي الفينج شوي أو الفنغ شوي؟,7,Medium (4-8)
3656,متى توفي لوتشو دالَّا ؟,5,Medium (4-8)
3657,من هو رومل ؟,4,Medium (4-8)
3663,متى وقعت معركة الفراض؟,4,Medium (4-8)
3675,ما هو تخطيط النوم؟,4,Medium (4-8)
3677,هل يحتوي البيض على البروتين؟,5,Medium (4-8)
3689,في أي عام  تأسست جامعة القديس يوسف؟,7,Medium (4-8)
3691,من هي وولستون كرافت؟,4,Medium (4-8)
3700,متى أصبحت تركمانستان دولة مستقلة؟,5,Medium (4-8)
3702,هل يمكن توليد الطاقة بالكهرباء الساكنة؟,6,Medium (4-8)
3710,متي ولد القرصان ذو اللحية السوداء ؟,7,Medium (4-8)
3712,ّأين يصبّ نهر النيل؟,4,Medium (4-8)
3715,كم كان عمر ستيفن هوكينغ عندما أصيب بمرض العصبون الحركي؟,10,Long (9+)
3717,"من هو مخرج مسلسل ""ما ملكت أيمانكم""؟",7,Medium (4-8)
3721,متى أزيح علي عبدالله صالح من السلطة ؟,8,Medium (4-8)
3725,أين تقع الغدة الدرقية ؟,5,Medium (4-8)
3730,ما هي أكبر بحيرة في إثيوبيا؟,6,Medium (4-8)
3738,هل ابن بطوطة أمازيغي؟,4,Medium (4-8)
3743,متى ولد فيديريكو غارثيا لوركا؟,5,Medium (4-8)
3744,كم كان عدد الولايات الأمريكية خلال الحرب الأهلية الأمريكية ؟,10,Long (9+)
3750,ما هو قانون الأسرة ؟,5,Medium (4-8)
3751,من وضع حجر الأساس لسد أسوان؟,6,Medium (4-8)
3755,أين تقع الناصرة ؟,4,Medium (4-8)
3758,هل توجد حشرات سامة؟,4,Medium (4-8)
3765,ما هو كتاب العهد الجديد ؟,6,Medium (4-8)
3769,ما هي البيرُقراطية؟,3,Short (1-3)
3770,ماهي أعراض التسمم بالرصاص؟,4,Medium (4-8)
3772,أين تستوطن مجموعة البَقَّارَة في مصر ؟,7,Medium (4-8)
3774,ما هو الطور الجُريبي؟,4,Medium (4-8)
3777,ما هي الأندراغوجيا؟,3,Short (1-3)
3793,من هو مؤسس الإمبراطورية الفارسية؟,5,Medium (4-8)
3795,من هو الكاتب الذي أنشأ شخصية سبايدر مان لأول مرة؟,10,Long (9+)
3796,أين ولد باروخ سبينوزا ؟,5,Medium (4-8)
3800,كم عدد جزر المالديف؟,4,Medium (4-8)
3807,من صمم القنبلة النووية ؟,5,Medium (4-8)
3824,اين درس الرئيس بشار الاسد ؟,6,Medium (4-8)
3833,متى تولى فلاديمير بوتين رئاسة روسيا؟,6,Medium (4-8)
3834,كم يبلغ وزن الدب البني؟,5,Medium (4-8)
3839,"متى رسم إدفارت مونك  لوحة ""الصرخة""؟",6,Medium (4-8)
3843,ما مساحة السودان؟,3,Short (1-3)
3848,من هو أندريا بوتشيلي؟,4,Medium (4-8)
3849,ما هي الالعاب الذهنية ؟,5,Medium (4-8)
3851,هل النزيف في العين من أعراض التنكس البقعي؟,8,Medium (4-8)
3854,من هو مؤلف كتاب أصول النظام السياسي ؟,8,Medium (4-8)
3857,ما هي غواصات الصواريخ البالستية؟,5,Medium (4-8)
3862,من هو ليوبولدو أودونيل (دوق تطوان الأول)؟,7,Medium (4-8)
3865,من هو جروفر كليفلاند؟,4,Medium (4-8)
3875,ما هو العدد الذري لعنصر الزينون؟,6,Medium (4-8)
3877,متى أنشأت أول مطبعة عربية؟,5,Medium (4-8)
3883,كم طول الحدود بين سوريا  و  الأردن ؟,8,Medium (4-8)
3888,من هي الشركة المنتجة لمسلسل الرسوم المتحركة لوز وسكر؟,9,Long (9+)
3892,كيف يتم قياس شدة التيار الكهربائي؟,6,Medium (4-8)
3894,ما هي التأتأة؟,3,Short (1-3)
3901,من هي العائلة التي وحدة الصين بعد حقبة الممالك المتحاربة ؟,11,Long (9+)
3910,متى ولد الشيخ محمد فرحات ؟,6,Medium (4-8)
3917,في أي عام توحد اليمن الشمالي والجنوبي؟,7,Medium (4-8)
3925,كم عدد ابناء الملك عبد الله الثاني؟,7,Medium (4-8)
3934,ماهي عدد أحرف اللغة المجرية ؟,6,Medium (4-8)
3938,ما هو التأشيب الجيني؟,4,Medium (4-8)
3941,من هو محمد مرشد ناجي ؟,6,Medium (4-8)
3942,متى تاسست شركة مارفل ؟,5,Medium (4-8)
3950,متى تم انشاء جامعة عين شمس؟,6,Medium (4-8)
3953,أين حكمت السلالة التركية آل خاقان؟,6,Medium (4-8)
3958,من هو ريتشارد الأول ملك إنجلترا؟,6,Medium (4-8)
3977,متى حدثت ثورة الزنج في العراق؟,6,Medium (4-8)
3982,من هو الشماس؟,3,Short (1-3)
3986,هل تقع القدس في الضفة الغربية؟,6,Medium (4-8)
3993,متى ولد محمّد بن أحمد بن نبهان بن خضر ؟,10,Long (9+)
3997,ماذا كان اللقب الرسمي لحاكم المقاطعة في الدولة الميدية ثم الفارسية القديمة؟,12,Long (9+)
3999,ما هي عاصمة جمهورية قبردينو - بلقاريا؟,7,Medium (4-8)
4006,أين يقع جبل الزيتون؟,4,Medium (4-8)
4010,متى تولى هواري بومدين رأسة الجزائر؟,6,Medium (4-8)
4019,كم عدد طبقات الدماغ ؟,5,Medium (4-8)
4024,أين تقع آثار البترا ؟,5,Medium (4-8)
4026,في أي سنة توفي النبي محمد؟,6,Medium (4-8)
4031,كم عدد السور في القرآن الكريم ؟,7,Medium (4-8)
4039,ماهو متوسط سرعة الرياح في أستراليا ؟,7,Medium (4-8)
4048,من هو المعتمد بن عباد؟,5,Medium (4-8)
4050,من هو علي عزت بيغوفيتش؟,5,Medium (4-8)
4051,من اين ينبع نهر بارانا؟,5,Medium (4-8)
4056,ما هي مساحة تشيلي؟,4,Medium (4-8)
4057,متى ولدة مارغريت هيلدا ثاتشر ؟,6,Medium (4-8)
4059,متى ولد الفيلسوف فريدريك إنجلز؟,5,Medium (4-8)
4064,من هو خوان رويز؟,4,Medium (4-8)
4072,هل حصلت حملة برمنجهام في ولاية ألاباما فقط ؟,9,Long (9+)
4074,أين ولد عبد السلام المجالي؟,5,Medium (4-8)
4078,من هو ثيودوسيوس الأول؟,4,Medium (4-8)
4085,من مخترع القنبلة الذرية ؟,5,Medium (4-8)
4088,متى تولى الملك طلال بن عبد الله حكم الأردن؟,9,Long (9+)
4102,من هو أول رئيس بلدية لعمان العاصمة عام 1909م؟,9,Long (9+)
4106,هل تم الانسحاب الامريكي من العراق بقرار ؟,8,Medium (4-8)
4111,ماهو مرض التسمم السجقي؟,4,Medium (4-8)
4113,في أي مدينة سورية يقع دير مار أفرام السرياني؟,9,Long (9+)
4114,ما هو اصل العثمانيين ؟,5,Medium (4-8)
4119,ما النظام السياسي في ألبانيا؟,5,Medium (4-8)
4122,متى تم إغتيال أبو جهاد؟,5,Medium (4-8)
4130,من هو آليستر كراولي؟,4,Medium (4-8)
4131,هل يؤمن المسلمون أن آدم هو أول خلق الله؟,9,Long (9+)
4137,أين تقع مدينة الزرقاء؟,4,Medium (4-8)
4147,متى ولد الممثل التركي بوراك أوزشيفيت؟,6,Medium (4-8)
4151,ما نسبة المسلمون في الأردن؟,5,Medium (4-8)
4157,من هو حاكم الكويت السابع؟,5,Medium (4-8)
4166,هل الجندب حيوان عاشب و لاحم في نفس الوقت؟,9,Long (9+)
4167,متى تأسيس اللجنة الدولية للصليب الأحمر؟,6,Medium (4-8)
4169,متى أنهى الله إنزال القرآن الكريم ؟,7,Medium (4-8)
4170,من هى والدة الملكة إيزابيل الثانية ؟,7,Medium (4-8)
4173,ما هو نموذج بور؟,4,Medium (4-8)
4174,ما هي عاصمة اليمن؟,4,Medium (4-8)
4175,من هو جون فرانسوا شامبليون؟,5,Medium (4-8)
4183,كم بلغ عدد أعضاء الحلف الديلي؟,6,Medium (4-8)
4199,ما هو الكورتيزون؟,3,Short (1-3)
4203,هل يؤمن الدروز بالتقمص؟,4,Medium (4-8)
4219,ما جنسية المغني ناصيف زيتون؟,5,Medium (4-8)
4223,ما هو  المارزمس؟,3,Short (1-3)
4224,أين ولدت عالمة الفلك كارولين هيرشل؟,6,Medium (4-8)
4230,من هو آخر الخلفاء الراشدين ؟,6,Medium (4-8)
4237,ماهو تعداد سكان أستراليا ؟,5,Medium (4-8)
4245,ماهي عاصمة الكويت؟,3,Short (1-3)
4258,ماهو تعداد سكان البحرين ؟,5,Medium (4-8)
4266,أين تقع ولاية كيرلا؟,4,Medium (4-8)
4271,لأي محافظة إيرانية تتبع مدينة آباده؟,6,Medium (4-8)
4276,في ماذا تستخدم الكاميرا الشعاعية الدقيقة؟,6,Medium (4-8)
4280,من هو روي جنكينز؟,4,Medium (4-8)
4290,ما هي أعلى قمة لجبال طوروس؟,6,Medium (4-8)
4294,من هو صاحب رواية (فرانكشتاين) المؤلفة عام 1818؟,8,Medium (4-8)
4295,متى وقعت الرارنجية؟,3,Short (1-3)
4297,أين تقع لبنان جغرافيا؟,4,Medium (4-8)
4303,من هو الممثل الذي جسد شخصية دون فيتو كورليوني في فيلم العراب؟,12,Long (9+)
4309,ماهو أول نادي أوربي لعب رياض محرز ضمن صفوفه؟,9,Long (9+)
4312,متى بدأت الحروب الصليبية؟,4,Medium (4-8)
4315,ما هي رتيبة عصافير الرامي؟,5,Medium (4-8)
4318,متى تم إنشاء منظمة التحرير الفلسطينية ؟,7,Medium (4-8)
4322,متى ولدت كليوباترا؟,3,Short (1-3)
4328,من هو إبن رشد؟,4,Medium (4-8)
4331,من هو البابا المسيحي الحالي؟,5,Medium (4-8)
4336,متى تم استخدام الدبابة في الحروب اول مرة؟,8,Medium (4-8)
4338,أين ولد إدموند إيفانز ؟,5,Medium (4-8)
4342,من هو عبد الرحمن الكيلاني النقيب؟,6,Medium (4-8)
4345,في أي عام وقعت معركة أبي قير البحرية؟,8,Medium (4-8)
4348,من أصغر لاعب سجّل في نهائي كأس العالم لكرة القدم؟,10,Long (9+)
4354,أين يقع بحر المرجان؟,4,Medium (4-8)
4357,هل تمتلك كوريا الشمالية أسلحةً نووية ؟,7,Medium (4-8)
4361,ما هي الحركات الإسلامية أو الجماعات الإسلامية؟,7,Medium (4-8)
4367,"كيف عرف الاتحاد الفلكي الدولي عام 2006 ""جرم النظام الشمسي الصغير""؟",11,Long (9+)
4374,ما هو تلسكوب هابل ؟,5,Medium (4-8)
4377,متى إندلعت الإحتجاجات في الكويت ؟,6,Medium (4-8)
4380,أين ولدت الأديبة مي زيادة؟,5,Medium (4-8)
4388,ماهو تعداد سكان فرنسا ؟,5,Medium (4-8)
4389,ما هي عاصمة جمهورية أفريقيا الوسطى؟,6,Medium (4-8)
4391,ما عاصمة دولة المرينيون؟,4,Medium (4-8)
4397,ما هو الجهاد الأكبر؟,4,Medium (4-8)
4400,أين يقع مثلث بارمودا ؟,5,Medium (4-8)
4401,في أي عام تم تشغيل وبرمجة أول رجل آلي؟,9,Long (9+)
4404,كم يبلغ طول نهر تومين؟,5,Medium (4-8)
4414,متى بدأ القتال في وسط مدينة حلب خلال أحداث 2012 ؟,11,Long (9+)
4418,ما هو الفيتامين الذي يسبب نقصه أمراض اللثة ؟,9,Long (9+)
4432,ما هو الإشعاع حراري؟,4,Medium (4-8)
4434,ما هي الموجة الكهرومغناطيسية؟,4,Medium (4-8)
4435,أين ولد محمد الثاني الفاتح ؟,6,Medium (4-8)
4439,ماهو دور محلل المفردات ؟,5,Medium (4-8)
4448,من قام بإغتيال عمر إبن الخطاب ؟,7,Medium (4-8)
4468,أين تقع مدينة كيبك؟,4,Medium (4-8)
4473,اين توجد مدينة القيروان ؟,5,Medium (4-8)
4476,ما هو النُّحَاسُ الأَصْفَرُ؟,4,Medium (4-8)
4483,متى فتحت بلاد فارس في معركة القادسية؟,7,Medium (4-8)
4484,متى ولد الإمبراطور فرانتس يوزف الأول؟,6,Medium (4-8)
4485,من هو هيغل ؟,4,Medium (4-8)
4489,متى إكتشف اللقاح للحصبة؟,4,Medium (4-8)
4514,من هو الممثل الذي لعب دور بران ستارك في مسلسل صراع العروش؟,12,Long (9+)
4515,من هو أول ملك للأردن؟,5,Medium (4-8)
4521,"من كتبت رواية  ""فرانكشتاين أو إله النار الجديد""؟",8,Medium (4-8)
4523,من هو أمين عام حزب حركة النهضة  في تونس؟,9,Long (9+)
4525,من هو مؤلف كتاب المحاورات السقراطية (الجمهورية)؟,7,Medium (4-8)
4538,من كان قائد جيوش المسلمين ضد الحملة الصليبية الثالثة ؟,10,Long (9+)
4557,متى ولد محمد إبراهيم بن محمد عبد الله بن نور ؟,11,Long (9+)
4567,متى ولد نعوم تشومسكي ؟,5,Medium (4-8)
4572,ما هي مجزرة سيفو؟,4,Medium (4-8)
4576,ما هي عاصمة زامبيا ؟,5,Medium (4-8)
4577,اين توجد مدينة جبل طارق؟,5,Medium (4-8)
4583,هل تعتبر آيسلندا دولة أوروبية ؟,6,Medium (4-8)
4585,كم عدد أقمار الكوكب زحل؟,5,Medium (4-8)
4587,ما هو عدد الأسنان المؤقتة عند الإنسان؟,7,Medium (4-8)
4590,متى اعلنت تونس استقلالها؟,4,Medium (4-8)
4596,ما هي الشفرة الجينية؟,4,Medium (4-8)
4597,ما هو البروتين ؟,4,Medium (4-8)
4609,من هو مخرج فيلم جرافيتي ؟,6,Medium (4-8)
4614,ما الشركة المصّنعة للمحرك سي اف ام 56؟,8,Medium (4-8)
4615,ماهو مرض الصدر الجؤجؤي؟,4,Medium (4-8)
4616,ما هو عدد الأعضاء المفوضين في المفوضية الأوروبية؟,8,Medium (4-8)
4620,في الأساطير اليونانية من هي إلهة الحب والشهوة والجمال والإنجاب؟,10,Long (9+)
4621,ما هي مساحة سوريا ؟,5,Medium (4-8)
4627,هل يتكون الجهاز العصبي المركزي من الدماغ والحبل الشوكي؟,9,Long (9+)
4630,من هو مؤسس الطريقة الشاذلية؟,5,Medium (4-8)
4639,أين ولد مالك بن أنس؟,5,Medium (4-8)
4644,في أي عام احتلت فرنسا جمهورية هايتي ؟,8,Medium (4-8)
4647,أين تقع مدينة تريم؟,4,Medium (4-8)
4648,هل ينتقل فيروس ايبولا عبر الهواء؟,6,Medium (4-8)
4649,في أي مدينة يقع مدرج البصرى ؟,7,Medium (4-8)
4651,ما هي الاسنان اللبنية ؟,5,Medium (4-8)
4656,من هو أفلاطون؟,3,Short (1-3)
4659,اين ولد ارخميدس ؟,4,Medium (4-8)
4673,متى تأسست شركة سيسكو ؟,5,Medium (4-8)
4674,هل أستعمل  جهاز الاتصال في الحرب العالمية الأولى؟,8,Medium (4-8)
4677,"ماهو ""تنظيم الدولة الإسلامية""؟",4,Medium (4-8)
4679,متى ولد إبراهيم هنانو؟,4,Medium (4-8)
4683,اين يقع جبل نقم ؟,5,Medium (4-8)
4692,متى انتهت الحرب العراقية الإيرانية رسميا؟,6,Medium (4-8)
4697,ما هو أعلى كيان حكومي في المملكة المتحدة؟,8,Medium (4-8)
4698,ما هو اسم صديق جلجامش بحسب ما ذكر في الملحمة؟,10,Long (9+)
4699,من مخترع الليزر؟,3,Short (1-3)
4706,متى تم تأليف معجم لسان العرب؟,6,Medium (4-8)
4707,متى تأسست منظمة هيومان رايتس ووتش؟,6,Medium (4-8)
4719,أين يستخدم التقويم البنغالي؟,4,Medium (4-8)
4721,في أي عام تأسس نادي بروكلين نتس لكرة السلة؟,9,Long (9+)
4724,ما عاصمة  الإمبراطورية البيزنطية؟,4,Medium (4-8)
4731,متى ولد نابليون بونابرت الأول ؟,6,Medium (4-8)
4737,هل يوجد دليل علي إنشقاق القمر ؟,7,Medium (4-8)
4742,من هو مؤسس علم الاجتماع؟,5,Medium (4-8)
4743,أين تتم تخزين المعلومات البنكية؟,5,Medium (4-8)
4747,متى ولد محمد عزة بن عبد الهادي دروزة ؟,9,Long (9+)
4748,متي ولد نيكولا تيسلا ؟,5,Medium (4-8)
4751,في أي عام انضم كوهين إلى منظمة الشباب اليهودي الصهيوني في الإسكندرية؟,12,Long (9+)
4756,من هو نجيب محفوظ ؟,5,Medium (4-8)
4759,ما هو أيزو 4217؟,4,Medium (4-8)
4765,هل تقع جزر المارشال في المحيط الهادئ ؟,8,Medium (4-8)
4770,ما هو البرلمان؟,3,Short (1-3)
4772,ما هي سنوات الطفل المتهادي؟,5,Medium (4-8)
4773,من هو بطل أنمي مذكرة الموت ؟,7,Medium (4-8)
4777,أين يقع مقر الأكاديمية الملكية الإسبانية؟,6,Medium (4-8)
4783,من هى شهرزاد ؟,4,Medium (4-8)
4785,ما هي البروتينات ؟,4,Medium (4-8)
4792,من هو مؤلف كتاب الكوميديا الإلهية؟,6,Medium (4-8)
4796,أين يقع مطار أوهير الدولي؟,5,Medium (4-8)
4808,متى افتتح ملعب كرة قدم سلتيك بارك؟,7,Medium (4-8)
4811,ضمن أي محافظة إيرانية يقع دير القديس تداوس؟,8,Medium (4-8)
4819,في أي محافظة ايرانية تقع عبادان؟,6,Medium (4-8)
4830,كم تبعد موناكو عن مدينة نيس الفرنسية ؟,8,Medium (4-8)
4831,ما هي فرانكونيا السفلى؟,4,Medium (4-8)
4840,ما هو اليوبيل الذهبي؟,4,Medium (4-8)
4853,من هو أدولف هيتلر ؟,5,Medium (4-8)
4855,متى تأسست برنامج الأمم المتحدة الإنمائي ؟,7,Medium (4-8)
4867,من هو مؤلف موسيقا الفصول الأربعة؟,6,Medium (4-8)
4876,علي أي بحر تطل مدينة شرم الشيخ ؟,8,Medium (4-8)
4880,من اخترع الهمبرغر؟,3,Short (1-3)
4885,ما إسم رئيس وزراء كندا؟,5,Medium (4-8)
4887,هل عاش  اليهود في المدينة المنورة في عهد الرسول محمد؟,10,Long (9+)
4890,ما هي أم الدم الأبهرية؟,5,Medium (4-8)
4891,هل للمشتري أقمار؟,3,Short (1-3)
4902,متى تأسست جمهورية بنما ؟,5,Medium (4-8)
4903,ما هو دور المبيض في الجهاز التناسلي الانثوي؟,8,Medium (4-8)
4908,اين تقع مدينة أبردين؟,4,Medium (4-8)
4917,من هو مؤسس مدينة فاس في المغرب العربي؟,8,Medium (4-8)
4922,هل تجلط الدم من أعراض القصور الكبدي الحاد ؟,9,Long (9+)
4926,في أي عام تأسس التويتر؟,5,Medium (4-8)
4930,ما هي التكنولوجيا الحيوية؟,4,Medium (4-8)
4935,من هو شعب التونغفا؟,4,Medium (4-8)
4937,متى ولد توماس اديسون ؟,5,Medium (4-8)
4939,من هو يهوذا ؟,4,Medium (4-8)
4947,من مؤدي صوت عدنان بالدبلجة العربية لمسلسل عدنان ولينا؟,9,Long (9+)
4948,متى انفصلت السودان عن مصر ؟,6,Medium (4-8)
4950,ما هي عاصمة الصومال؟,4,Medium (4-8)
4951,أين تقع مدينة زرهون ؟,5,Medium (4-8)
4953,متى ولد كارل هانريك ماركس ؟,6,Medium (4-8)
4958,متى ولد إدموند إيفانز؟,4,Medium (4-8)
4961,من تبلغ سماكة الوشاح الأرضي ؟,6,Medium (4-8)
4971,من هو القديس المسمى بالصخرة؟,5,Medium (4-8)
4973,ما هو القانون المدني؟,4,Medium (4-8)
4980,من هو القديس؟,3,Short (1-3)
4983,ما هي ثالث أكبر ديانة في الولايات المتحدة ؟,9,Long (9+)
4992,ما هي اطول حرب في تاريخ البشرية؟,7,Medium (4-8)
4995,هل حبوب منع الحمل فعالة ؟,6,Medium (4-8)
4996,من هو محمد الثاني ؟,5,Medium (4-8)
5001,متي توفيت أودري هيبورن ؟,5,Medium (4-8)
5006,اين يوجد معبد بران؟,4,Medium (4-8)
5007,ما هو المنجل ؟,4,Medium (4-8)
5015,ما هو مرض الجذام؟,4,Medium (4-8)
5018,من آخر  رئيس عراقي قبل  غزو  العراق 2003؟,8,Medium (4-8)
5029,كم تبلغ نسبة الفلسبار من تكوين القشرة الأرضية؟,8,Medium (4-8)
5035,أين تقع مدينة الزبير؟,4,Medium (4-8)
5039,ماهي عاصمة نيوزيلندا؟,3,Short (1-3)
5046,أين تقع تيمور الشرقية؟,4,Medium (4-8)
5047,أين تنتهي دورة الماء؟,4,Medium (4-8)
5048,فى أي عامٍ إنتشر الطاعون الأسود فى أوروبا ؟,9,Long (9+)
5051,من هو مؤلف رواية الحرب و السلام ؟,8,Medium (4-8)
5054,هل اضطراب تثدي الرجل حميد؟,5,Medium (4-8)
5055,أين تقع بلاد ما وراء النهر؟,6,Medium (4-8)
5057,كم مرة توج نادي بايرن ميونخ ببطولة الدوري الالماني ؟,10,Long (9+)
5064,ماذا كانت مهمة أسطول الحرية  ؟,6,Medium (4-8)
5069,من هو ماريان رييفيسكي؟,4,Medium (4-8)
5070,متى تولى سعد الحريري رئاسة وزراء لبنان؟,7,Medium (4-8)
5072,من هو كارل شفارتسشيلد؟,4,Medium (4-8)
5076,متى ولد الممثل ادوارد نورتون؟,5,Medium (4-8)
5077,من هو مخترع سلاح القوس؟,5,Medium (4-8)
5082,هل يأكل شعب الاسكيمو طعامهم نيئاً؟,6,Medium (4-8)
5084,هل يعد مرض التوحد مرضاً وراثياً؟,6,Medium (4-8)
5088,ما هي الغدة الكظرية؟,4,Medium (4-8)
5094,من هي سيمون فاي؟,4,Medium (4-8)
5095,ما هو الاضراب ؟,4,Medium (4-8)
5097,ما هي حجة الوداع ؟,5,Medium (4-8)
5098,اين تقع مدينة زليتن؟,4,Medium (4-8)
5104,ماهي جنسية البابا يوحنا بولس الثاني؟,6,Medium (4-8)
5106,"من هو مؤلف كتاب "" بنية الثورات العلمية"" ؟",9,Long (9+)
5107,اين يوجد مقر منظمة الشفافية الدولية ؟,7,Medium (4-8)
5108,ما هي عملية التنفس الداخلي أو التنفس الخلوي؟,8,Medium (4-8)
5113,متى سقط حائط برلين ؟,5,Medium (4-8)
5115,أين ولد بيل كوسبي ؟,5,Medium (4-8)
5120,في أي مدينة عربية ولد ابن الهيثم؟,7,Medium (4-8)
5122,ما هي ملة إبراهيم؟,4,Medium (4-8)
5129,من هو كاتب رواية البؤساء؟,5,Medium (4-8)
5130,متى انتصبت الحماية الفرنسية في تونس؟,6,Medium (4-8)
5132,متى تأسس نادي بايرن ميونخ الألماني لكرة القدم؟,8,Medium (4-8)
5149,ماهى نسبة إرتفاع جحفية (إربد) عن مستوى سطح البحر ؟,10,Long (9+)
5151,هل دخل الفينيقيون   إسبانيا  في التاريخ؟,6,Medium (4-8)
5157,أين يقع المقر الرئيسي للجمعية الملكية للكيمياء؟,7,Medium (4-8)
5163,متى عاش خير الدين بربروس؟,5,Medium (4-8)
5164,متى ولدة آشانتي شيكويا ؟,5,Medium (4-8)
5167,متى تأسست ولاية الشرق الإمبراطورية؟,5,Medium (4-8)
5174,في أي عام تأسست جامعة الزيتونة؟,6,Medium (4-8)
5177,كم بلغ وزن التايتانيك ؟,5,Medium (4-8)
5186,متى تم تنصيب  ليندون ب جونسون رئيساً للولايات المتحدة الامريكية ؟,11,Long (9+)
5188,من هو مخرج فيلم ماري وماكس ؟,7,Medium (4-8)
5190,ما هي الصابئة؟,3,Short (1-3)
5192,أين تقع مدينة بوردو؟,4,Medium (4-8)
5202,أين ولد جوزيف بينسون فوراكر ؟,6,Medium (4-8)
5213,أين تقع جبال الكاراكورام؟,4,Medium (4-8)
5215,ما هي فضيحة واترجيت؟,4,Medium (4-8)
5219,متى ولدت الممثلة أودري هيبورن ؟,6,Medium (4-8)
5224,من هو مايكل أورين؟,4,Medium (4-8)
5232,متى ولد محمد سعيد العريان ؟,6,Medium (4-8)
5235,هل يمكن الحمل خارج الرحم؟,5,Medium (4-8)
5241,أين بدأ أحمد حسام حسين المعروف باسم ميدو مشواره الكروي؟,10,Long (9+)
5245,من هو واصل بن عطاء؟,5,Medium (4-8)
5251,اين تقع جزر ساموا؟,4,Medium (4-8)
5256,من هو أول ملياردي أردني يدخل قائمة مجلة فوربس؟,9,Long (9+)
5257,ما هي عملية التخلق المضغي؟,5,Medium (4-8)
5266,متى تأسس حزب العمال الكردستاني ؟,6,Medium (4-8)
5269,متى ولد مغني الروك جيمس براون؟,6,Medium (4-8)
5277,اين تقع جزيرة بالي؟,4,Medium (4-8)
5278,ما هي شركة دي سي كومكس؟,6,Medium (4-8)
5284,متى ولد مايكل جوزيف جاكسون ؟,6,Medium (4-8)
5287,ما هي جنسية المذيع مصطفى الآغا ؟,7,Medium (4-8)
5295,متى وقعت معركة ميسلون؟,4,Medium (4-8)
5297,ما هي البروتيدات ؟,4,Medium (4-8)
5300,متى استخدم الآر بي جي لأول مرة؟,7,Medium (4-8)
5302,كم ثنائية فاز بها نادي برشلونة؟,6,Medium (4-8)
5314,ما هي فقاعة الدوت كوم ؟,6,Medium (4-8)
5315,أين ولد كارل هانريك ماركس ؟,6,Medium (4-8)
5316,من هو هربرت كتشنر؟,4,Medium (4-8)
5319,ما هو قانون كولوم؟,4,Medium (4-8)
5322,متى تأسست سيسيميوت ؟,4,Medium (4-8)
5323,ماهى نظرية كانون-بارد للعاطفة ؟,5,Medium (4-8)
5325,أين تقع مدينة الملك فيصل الرياضية؟,6,Medium (4-8)
5327,كيف توفي معمر القذافي ؟,5,Medium (4-8)
5340,كم يبلغ عدد اعضاء مجلس العموم البريطاني ؟,8,Medium (4-8)
5341,ما هو الصداع النصفي؟,4,Medium (4-8)
5343,من هي روث هاندلر؟,4,Medium (4-8)
5347,متى ولد الشاعر نزار قباني؟,5,Medium (4-8)
5352,من هو مدير شركة سبايس إكس ؟,7,Medium (4-8)
5356,متى استقلت الهند ؟,4,Medium (4-8)
5358,كم تبلغ مساحة روبيرفال؟,4,Medium (4-8)
5369,من هو بيتر بينيسن؟,4,Medium (4-8)
5381,من هو يوحنا زيمسكي؟,4,Medium (4-8)
5384,من أسس  حزب البعث العربي الاشتراكي السوري؟,7,Medium (4-8)
5386,أين عاش جورج فريدريك هانْدل المؤلف الموسيقي؟,7,Medium (4-8)
5388,هل دولة إريتريا تمتلك حدودا بحرية؟,6,Medium (4-8)
5393,ما هي العصوية الجمرية؟,4,Medium (4-8)
5395,ماهوالأس الهيدروجيني للماء النقي ؟,5,Medium (4-8)
5406,ما هي أكبر كنيسة موجودة بالقصر الباباوي؟,7,Medium (4-8)
5418,ماهو تعداد سكان الجمهورية التونسية ؟,6,Medium (4-8)
5424,ماهو الزفير ؟,3,Short (1-3)
5430,هل الإيثانول مادة قابلة للاشتعال ؟,6,Medium (4-8)
5432,من هو عبد العزيز بن باز؟,6,Medium (4-8)
5443,متى نشأت قناة الأطفال سبايس تون؟,6,Medium (4-8)
5448,أين تقع قاعدة بغرام؟,4,Medium (4-8)
5453,هل يستخدم الألمنيوم في صناعة الطائرات ؟,7,Medium (4-8)
5457,في أي عام  تأسست جمعية العلماء المسلمين الجزائريين؟,8,Medium (4-8)
5458,اين ولد شي جيفارا؟,4,Medium (4-8)
5460,من هي مارفل كوميكس؟,4,Medium (4-8)
5463,أين نشأت لعبة الرغبي؟,4,Medium (4-8)
5476,كم عدد مشاركات المنتخب المغربي في كأس العالم؟,8,Medium (4-8)
5482,ما جنسية المؤلف الموسيقي إياد الريماوي؟,6,Medium (4-8)
5490,متى اندلعت إنتفاضة الأقصى في فلسطين؟,6,Medium (4-8)
5494,متى اختُرع القرص المضغوط ؟,5,Medium (4-8)
5504,من هو أبو المعالي الجويني؟,5,Medium (4-8)
5518,في أي عام تم افتتاح متحف اللوفر؟,7,Medium (4-8)
5522,ما هو التفكير النقدي؟,4,Medium (4-8)
5523,اين يقع معهد سيرن؟,4,Medium (4-8)
5534,من أدى صوت هومر في مسلسل عائلة سيمبسون ؟,9,Long (9+)
5536,هل يحتوي الصلصال على السيليكا؟,5,Medium (4-8)
5541,أين يقع ميدان التحرير؟,4,Medium (4-8)
5544,ما هو الهايبرلوب ؟,4,Medium (4-8)
5549,ماهي خريطة جيولوجية؟,3,Short (1-3)
5554,متى تم اكتشاف جزيرة سانت هيلينا؟,6,Medium (4-8)
5560,ما هو الشرق الأوسط؟,4,Medium (4-8)
5571,ما هي الكنانتيلانا؟,3,Short (1-3)
5574,متى حدثت معركة جيب فاليز؟,5,Medium (4-8)
5576,من هو المحارب جيرانيمو؟,4,Medium (4-8)
5587,متى ولد الرسام الفرنسي جورج براك؟,6,Medium (4-8)
5606,ما هو علم مصطلح الحديث؟,5,Medium (4-8)
5608,ماهي أقدم مقطوعة موسيسقية مسيحية في التاريخ ؟,8,Medium (4-8)
5609,كم عدد حروف خط المسند ؟,6,Medium (4-8)
5616,من هو اول كيميائي عربي ؟,6,Medium (4-8)
5618,من هو أفلوطين؟,3,Short (1-3)
5619,متى تم إصدار رواية (فيرونيكا تقررأن تموت) للكاتب البرازيلي باولو كويلو؟,11,Long (9+)
5631,أين يقع البرلمان الأوروبي؟,4,Medium (4-8)
5634,ما هي قيمة كثافة الهيليوم ؟,6,Medium (4-8)
5637,أين ولد ويليام كولي ؟,5,Medium (4-8)
5638,من هو نظام الملك؟,4,Medium (4-8)
5641,من هو صاحب كتاب أصل الأنواع ؟,7,Medium (4-8)
5648,متى توفي الكاتب ويليام غولدنغ؟,5,Medium (4-8)
5659,كم تقدر الميزانية السنوية لبرنامج الامم المتحدة الانمائي؟,8,Medium (4-8)
5671,من هو  رئيس  القوات المسلحة  في  الولايات المتحدة ؟,9,Long (9+)
5680,أين يقع إقليم ليغوريا ؟,5,Medium (4-8)
5681,من هو مؤلف كتاب مذكرات الدعوة والداعية؟,7,Medium (4-8)
5687,ما هو الماتلاب ؟,4,Medium (4-8)
5700,كم استمرت معركة سقوط فرنسا التي شنتها ألمانيا النازية؟,9,Long (9+)
5705,من اين يصب نهر دجلة ؟,6,Medium (4-8)
5706,هل تعد قبرص من  دول الاتحاد الأوربي؟,7,Medium (4-8)
5715,ما هو علم الفلك الراديوي؟,5,Medium (4-8)
5722,متى تأسست الأمم المتحدة؟,4,Medium (4-8)
5727,من هي خامس أكبر دول قارة أمريكا الجنوبية؟,8,Medium (4-8)
5753,هل يعتبر الياسمين الزهرة الوطنية لإندونيسيا؟,6,Medium (4-8)
5759,من هو أول لاعب أجنبي ينضم لفيورنتينا؟,7,Medium (4-8)
5765,ما هو الخسوف؟,3,Short (1-3)
5772,ما هي الكثافة الاقتصادية؟,4,Medium (4-8)
5774,هل يستخدم الميثان في صناعة الكلوروفورم؟,6,Medium (4-8)
5776,في أي عام ولد أرئيل شارون؟,6,Medium (4-8)
5787,أين تقع عاصمة إيطاليا روما جغرافياً؟,6,Medium (4-8)
5796,في أي قارة تقع كمبوتشيا الديمقراطية؟,6,Medium (4-8)
5797,ما هو الشفق القطبي؟,4,Medium (4-8)
5801,اين تقع أرمينيا؟,3,Short (1-3)
5802,في أي قارة تقع لكونغو الديمقراطية؟,6,Medium (4-8)
5806,هل أجهزة الكمبيوترالحديثة لديها قدرات صوتية في الجهاز؟,8,Medium (4-8)
5816,من هو باروخ سبينوزا؟,4,Medium (4-8)
5825,ما هو عدد الدول الأعضاء في الاتحاد الأوروبي؟,8,Medium (4-8)
5834,متى  لعبت ماريا شارابوفا أول مباراة لها في مسيرتها الإحترافية ؟,11,Long (9+)
5835,كم عدد أنواع العلوم الشرعية ؟,6,Medium (4-8)
5838,متى صدرت لعبة باتل فيلد 4؟,6,Medium (4-8)
5840,متي ولد أسد رستم ؟,5,Medium (4-8)
5842,متى ولد برنارد شلينك ؟,5,Medium (4-8)
5848,من هو ريشارد قلب الأسد؟,5,Medium (4-8)
5850,ما هي دودة الحاسوب؟,4,Medium (4-8)
5856,متى ولد بنيامين نتن ياهو ؟,6,Medium (4-8)
5861,ما نظام الحكم في دولة باربادوس؟,6,Medium (4-8)
5878,كم تستمر الدورة الشهرية لدى المرأة ؟,7,Medium (4-8)
5879,متى توفي كارلوس الخامس هابسبورغ  ؟,6,Medium (4-8)
5888,ما هي الغازات الدفيئة ؟,5,Medium (4-8)
5894,من أسس مجلة فورين بوليسي الأمريكية؟,6,Medium (4-8)
5897,ما هي أطول سورة في القرآن؟,6,Medium (4-8)
5899,متى حصلت فلسطين على إستقلالها ؟,6,Medium (4-8)
5900,من قام بتأسيس مدينة يافا ؟,6,Medium (4-8)
5902,متي توفى بيلا لوغوسي ؟,5,Medium (4-8)
5906,هل الديانة السائدة في أوقيانوسيا هي المسيحية ؟,8,Medium (4-8)
5920,ما هو الاسم الكامل لبيل غيتس؟,6,Medium (4-8)
5928,من هو مؤلف رواية جزيرة الكنز؟,6,Medium (4-8)
5930,متى توفي الكاتب آرثر كونان دويل؟,6,Medium (4-8)
5941,ماهو المذهب العلوي ؟,4,Medium (4-8)
5944,من هو صاحب ديوان النعيم المفقود؟,6,Medium (4-8)
5954,"في أي عام صدر فيلم "" أساطير الخريف "" ؟",10,Long (9+)
5955,من هو كاتب سلسلة المانغا هجوم العمالقة؟,7,Medium (4-8)
5961,هل يقع مسجد قبة الصخرة داخل سور الأقصى؟,8,Medium (4-8)
5965,اين توجد مدينة شيراز؟,4,Medium (4-8)
5967,ما هي جنسية موليير ؟,5,Medium (4-8)
5974,متى حدثت معركة وادي لكة؟,5,Medium (4-8)
5977,من هو جوزيف نيكولوسي؟,4,Medium (4-8)
5978,كم عدد أبواب حلب القديمة؟,5,Medium (4-8)
5989,من هو رئيس كوريا الشمالية ؟,6,Medium (4-8)
5993,متى تأسست منظمة رابطة العالم الاسلامي؟,6,Medium (4-8)
6002,ما هي الحنيفية؟,3,Short (1-3)
6005,ما نسبة  المسلمين في النمسا حاليا؟,6,Medium (4-8)
6013,ماذا يحد المملكة العربية السعودية جنوباََ ؟,7,Medium (4-8)
6022,هل تم القبض على قاتل هيثر ريتش ؟,8,Medium (4-8)
6030,هل تحوي البطاطا حلوة فيتامين C؟,6,Medium (4-8)
6036,من هو جيمس جويس؟,4,Medium (4-8)
6041,كم يبلغ عدد متاجر ستاربكس في امريكا ؟,8,Medium (4-8)
6042,هل يمكن للمثليين تبني الأطفال في فنلندا ؟,8,Medium (4-8)
6046,كم عدد نجوم مجرة درب التبانة؟,6,Medium (4-8)
6048,كم عدد الأعضاء المشتركين في القمة العربية ؟,8,Medium (4-8)
6055,ماهو تعداد سكان باريس ؟,5,Medium (4-8)
6057,من هو مؤسس الحزب السوري القومي الاجتماعي ؟,8,Medium (4-8)
6068,ما هي الطفرة الجينية ؟,5,Medium (4-8)
6069,من هو شارل أوغستان دي كولوم؟,6,Medium (4-8)
6070,هل من الآمن القيادة تحت تأثير الكحول ؟,8,Medium (4-8)
6074,متي إنتهت الحرب العالمية الاولي رسميا؟,6,Medium (4-8)
6076,متى نشأت مملكة سبأ؟,4,Medium (4-8)
6080,من هو أبو جهاد الفلسطيني؟,5,Medium (4-8)
6084,ما هي اكبر مدينة جزائرية من حيث السكان؟,8,Medium (4-8)
6096,متى انتهت الحرب الأهلية في لبنان؟,6,Medium (4-8)
6101,ما هو أسد البحر؟,4,Medium (4-8)
6105,هل يصنف الكربون من اللا فلزات؟,6,Medium (4-8)
6106,متى ولدة أنغيلا دوروتيا ميركل ؟,6,Medium (4-8)
6108,لماذا سميت درب التبانة بهاذا الإسم ؟,7,Medium (4-8)
6115,أين تقع مدينة بيدوا؟,4,Medium (4-8)
6116,كم عدد المحافظات اليمنية؟,4,Medium (4-8)
6119,متى إنتهى عصر الفايكنغ في أوروبا ؟,7,Medium (4-8)
6128,في أي عام بدأ موقع ويكيليكس على الإنترنت؟,8,Medium (4-8)
6130,ماهو نوع عضلة المريء ؟,5,Medium (4-8)
6139,ما هو مصدر غاز ثاني أكسيد الكربون ؟,8,Medium (4-8)
6146,من هو مؤلف كتاب نقد العقل الخالص؟,7,Medium (4-8)
6147,من اين ينتج الجسم هرمون الاستروجين؟,6,Medium (4-8)
6156,هل توفيت الكاتب إرنست همينجواي انتحاراُ؟,6,Medium (4-8)
6167,متى تأسس اول بنك اسلامي؟,5,Medium (4-8)
6180,ما هي فترة الجاهلية عند العرب؟,6,Medium (4-8)
6183,متى يحتفل باليوم العالمي  للغة العربية؟,6,Medium (4-8)
6185,في أي عام تأسس سوق لندن للأوراق المالية؟,8,Medium (4-8)
6186,كم عدد ضحايا فض اعتصامي رابعة العدوية والنهضة؟,8,Medium (4-8)
6187,من هو الجاحظ ؟,4,Medium (4-8)
6199,ما هي الشبس باستة؟,4,Medium (4-8)
6206,ماهي العملة الرسمية في أوكرانيا ؟,6,Medium (4-8)
6207,ما هي القبيلة؟,3,Short (1-3)
6213,أين استوطن العمونيون؟,3,Short (1-3)
6215,من هم البطالمة؟,3,Short (1-3)
6217,أين يوجد المخيخ في جسم الإنسان ؟,7,Medium (4-8)
6225,من هو رسول الديانة المسيحية ؟,6,Medium (4-8)
6230,اين توجد الزائدة الدودية؟,4,Medium (4-8)
6232,ما هو حيوان الرنة؟,4,Medium (4-8)
6234,من هو روبرت مردوخ؟,4,Medium (4-8)
6239,ما هو درب التبانة؟,4,Medium (4-8)
6241,ما هو العدد الذري؟,4,Medium (4-8)
6242,متى تم بناء قلعة الكرك؟,5,Medium (4-8)
6250,متى ولد جوليان آسانج ؟,5,Medium (4-8)
6254,ما هو الزبور ؟,4,Medium (4-8)
6256,أين يقع خليج الخنازير؟,4,Medium (4-8)
6259,أين ولد ابن خلدون؟,4,Medium (4-8)
6260,ما هي القارة موطن وحيد قرن سومطرة؟,7,Medium (4-8)
6266,ما سبب وفاة سيد قطب؟,5,Medium (4-8)
6268,"من هو مخرج فيلم ""قائمة تشاندلر""؟",6,Medium (4-8)
6270,ما كانت مهنة  الفنان الإنجليزي وليم هوجرت؟,7,Medium (4-8)
6278,ما هي اللغة الرسمية في طاجيكستان ؟,7,Medium (4-8)
6286,من بنى قوس النصر في فرنسا؟,6,Medium (4-8)
6290,ما هي الحمى القرمزية ؟,5,Medium (4-8)
6292,ما هي العدالة الجنائية؟,4,Medium (4-8)
6293,هل حارب ماسينيسا كحليف لقرطاج في هسبانيا مع حنبعل؟,9,Long (9+)
6299,ماهى نسبة البطالة في مصر ؟,6,Medium (4-8)
6303,هل جبل الجلالة من جبال البحر الأحمر؟,7,Medium (4-8)
6304,من هو نابيلون بونابارت ؟,5,Medium (4-8)
6324,متى كان أول ظهور بيرين سات الممثلة التركية؟,8,Medium (4-8)
6331,ما هو عدد السور المدنيّة في القرآن الكريم؟,8,Medium (4-8)
6332,ماهى مساحة الصين ؟,4,Medium (4-8)
6333,ما هي الحركة الديمقراطية الآشورية؟,5,Medium (4-8)
6337,هل غاز الهيليوم غاز خامل؟,5,Medium (4-8)
6343,متى تم عرض فيلم بوكاهانتس الكرتوني ؟,7,Medium (4-8)
6345,ما هو اقدم متحف في العالم؟,6,Medium (4-8)
6347,ما هو هرمون الأوكسيتوسين؟,4,Medium (4-8)
6348,متى بدءت الحرب السوفيتية في أفغانستان؟,6,Medium (4-8)
6349,أين يقع المقر الرئيسي لشركة تويوتا؟,6,Medium (4-8)
6357,من هو اول ملوك حضارة بلاد الرافدين ؟,8,Medium (4-8)
6361,من هو ابن خلدون؟,4,Medium (4-8)
6363,متى تم أول مرة إستعمال  الأسلحة النووية؟,7,Medium (4-8)
6364,في أي عام كانت النسخة التاسعة عشرة من كأس العالم لكرة القدم؟,12,Long (9+)
6365,من هو رافائيل تروخيو؟,4,Medium (4-8)
6367,ما هو أ قدم  فريق كرة قدم في المغرب؟,9,Long (9+)
6375,متى تولى أحمد علي عبد الله صالح قيادة الحرس الجمهوري؟,10,Long (9+)
6377,متى تم بناء نصب نصب لنكولن التذكاري؟,7,Medium (4-8)
6378,هل الإجهاض في الحوامل من علامات حمى الوادي المتصدع؟,9,Long (9+)
6382,هل كان رائد الفضاء الأمريكي نيل آرمسترونغ أول شخص يمشي على القمر؟,12,Long (9+)
6390,من هو مخترع أول تلغراف كهربائي؟,6,Medium (4-8)
6395,ما هو الصمام الأبهري أو الأورطي؟,6,Medium (4-8)
6403,أين ولد دَيفيد كاميرون ؟,5,Medium (4-8)
6407,متى كان أول سجن خاص؟,5,Medium (4-8)
6421,متى شنت العراق حرباً على الكويت؟,6,Medium (4-8)
6422,ما هي عاصمة جمهورية مالطة ؟,6,Medium (4-8)
6431,كم يبلغ طول قناة كيل؟,5,Medium (4-8)
6434,لم تتبع شبه جزيرة جبل طارق؟,6,Medium (4-8)
6435,ما هي العملة الرسمية في سوريا؟,6,Medium (4-8)
6437,متى تأسست الوكالة الأمريكية للتنمية الدولية ؟,7,Medium (4-8)
6440,اين توجد بقعة الجي ؟,5,Medium (4-8)
6442,ما هي أول دولة سمحت بزواج المثليين في العالم ؟,10,Long (9+)
6458,من هو مؤسس الفلسفة الوجودية ؟,6,Medium (4-8)
6464,هل تحصل ألْبِرْت أينْشتاين على جائزة نوبل؟,7,Medium (4-8)
6473,من قام بإغتيال الحُسين بن علي بن أبي طالب ؟,10,Long (9+)
6475,من هو عيدي امين ؟,5,Medium (4-8)
6481,متى انتهت الحرب الأهلية الأميركية؟,5,Medium (4-8)
6502,هل لعملية التبرع بالدم انعكاسات جيدة على الصحة؟,8,Medium (4-8)
6509,ما هي عملية البناء الضوئي؟,5,Medium (4-8)
6512,متى تاسس المنتخب الارجنتيني لكرة القدم؟,6,Medium (4-8)
6517,متي ولدة جاكلين لي ؟,5,Medium (4-8)
6527,متى تأسس النادي الأهلي؟,4,Medium (4-8)
6532,اين توجد محافظة قنا؟,4,Medium (4-8)
6536,هل حيوان الليمور من الكائنات المهددة بالانقراض؟,7,Medium (4-8)
6538,اين ولد أرخميدس؟,3,Short (1-3)
6544,ماهى مساحة جمهورية الشيشان ؟,5,Medium (4-8)
6556,ماهو تعداد سكان لبنان ؟,5,Medium (4-8)
6557,ما هو عدد فيرما في الرياضيات؟,6,Medium (4-8)
6558,متى ولد ناجي أبو نوار ؟,6,Medium (4-8)
6560,متى أنتج أول فيلم للرسوم متحركة؟,6,Medium (4-8)
6582,ما هو الليثيوم؟,3,Short (1-3)
6587,أين تقع مدينة سامراء؟,4,Medium (4-8)
6588,متى تأسست شركة أوراكل؟,4,Medium (4-8)
6590,من هو يوحنا بولس الثاني؟,5,Medium (4-8)
6592,أين تقع حضر موت ؟,5,Medium (4-8)
6594,ما هي جائزة  أوسكار؟,4,Medium (4-8)
6613,متى توفي القائد المغولي هولاكو؟,5,Medium (4-8)
6624,ما هي أحصنة طروادة؟,4,Medium (4-8)
6639,أين يقع بحر تيمور؟,4,Medium (4-8)
6642,متى تأسس موقع لينكد إن؟,5,Medium (4-8)
6676,من هو الملك المصري مينا؟,5,Medium (4-8)
6677,ما هو اسم عاصمة فيتنام الحالي ؟,7,Medium (4-8)
6680,ما هي الإحيائية ؟,4,Medium (4-8)
6681,أين توفي جان-بول شارل؟,4,Medium (4-8)
6682,متى ولدة خديجة بنت خويلد ؟,6,Medium (4-8)
6699,اين يقع مقر منظمة اوكسفام ؟,6,Medium (4-8)
6701,متى تأسس اتحاد الأطباء العرب؟,5,Medium (4-8)
6703,ما هي درجة غليان عنصر الرصاص؟,6,Medium (4-8)
6706,ما هو برزخ الغدة الدرقية؟,5,Medium (4-8)
6708,متى ولد تشارلز ديكنز؟,4,Medium (4-8)
6709,من هي  إسرائيل؟,3,Short (1-3)
6710,متى حدثة الثورة الصناعية ؟,5,Medium (4-8)
6729,ما هو الباي بال؟,4,Medium (4-8)
6733,مم يتكون الغاز الطبيعي؟,4,Medium (4-8)
6751,من هم السابقون الأولون؟,4,Medium (4-8)
6753,من هو أول عالم فيزياء فاز بجائزة نوبل ؟,9,Long (9+)
6771,متى تأسست الأكاديمية الصربية للعلوم والفنون؟,6,Medium (4-8)
6778,من هن أعضاء فرقة سبايس قيرلز ؟,7,Medium (4-8)
6782,هل يحرض القرآن علي العنف ؟,6,Medium (4-8)
6792,ما هي ترددات الاصوات التي تستطيع الأذن البشرية سماعها؟,9,Long (9+)
6794,متى بدأت سلسلة الأفلام الكوميدية النمر الوردي ؟,8,Medium (4-8)
6798,ماهي نظرية داروين؟,3,Short (1-3)
6800,متى تأسست جمهورية البوسنة والهرسك؟,5,Medium (4-8)
6808,متى تمت الوحدة اليمنية ؟,5,Medium (4-8)
6825,هل الأيل الأحمر حيوان مجتر؟,5,Medium (4-8)
6826,ما عاصمة الفلبين؟,3,Short (1-3)
6832,ما هي نظرية السمة في علم النفس؟,7,Medium (4-8)
6838,من هو خوسيه غرازيانو داسيلفا؟,5,Medium (4-8)
6840,من هو قوردن رامزي ؟,5,Medium (4-8)
6844,من هو ديفيد ليفينغستون؟,4,Medium (4-8)
6848,ما هي أكبر مدن مقاطعة كيبك وأكبر مدينة كندية حتى سنوات 1970؟,12,Long (9+)
6852,متى تم تأسيس منظمة الأونروا التابعة للأمم المتحدة؟,8,Medium (4-8)
6856,متى تم إنشاء منظمة داعش الإرهابية ؟,7,Medium (4-8)
6862,ماهي أعلى شهادة أكاديمية حصل عليها الرئيس السابق حسني مبارك؟,10,Long (9+)
6866,ماذا يدرس علم الفلك ؟,5,Medium (4-8)
6867,أين يوجد غار حراء؟,4,Medium (4-8)
6874,ما هي عاصمة نيجيريا؟,4,Medium (4-8)
6878,ما هي القدود الحلبية؟,4,Medium (4-8)
6880,أين ولد فلاديمير بوتين؟,4,Medium (4-8)
6887,أين ولد ديفيد هيوم ؟,5,Medium (4-8)
6889,ما هي الأوديسة؟,3,Short (1-3)
6891,من إكتشف قارة أمريكا؟,4,Medium (4-8)
6899,متى تأسس نادي بايرن ميونخ لكرة القدم؟,7,Medium (4-8)
6905,ما هي  متلازمة ثلاثية إكس؟\,5,Medium (4-8)
6918,كم عدد مرات فوز المنتخب العراقي ببطولة كأس الخليج؟,9,Long (9+)
6925,هل يمكن أن توجد صحراء قطبية؟,6,Medium (4-8)
6927,ما هي عاصمة جزيرة بينانج؟,5,Medium (4-8)
6937,ما نسبة  المسيحية في  نيجيريا حاليا؟,6,Medium (4-8)
6956,ماهو عدد أمراض الأمعاء الإلتهابية ؟,6,Medium (4-8)
6974,أين تقع مدينة سبليت؟,4,Medium (4-8)
6981,من هو مصمم الراديوا ؟,5,Medium (4-8)
6983,من هو ناصيف اليازجي؟,4,Medium (4-8)
6984,ما هو العدد الذري للكوبالت؟,5,Medium (4-8)
6989,هل مجموعة فودافون بريطانية ؟,5,Medium (4-8)
6990,ما هو الاسم القديم لتل أسمر الأثري ؟,8,Medium (4-8)
6994,ماهو تعريف قناة الفالوب؟,4,Medium (4-8)
6995,ماهى نظرة مايا أنجيلو عن العنصرية ضد السود ؟,9,Long (9+)
7001,كم عدد الجزر اليابانية؟,4,Medium (4-8)
7007,ما هو قانون جاستا ؟,5,Medium (4-8)
7012,متى تاسس نادي باريس سان جيرمان؟,6,Medium (4-8)
7029,أين تقع البتراء ؟,4,Medium (4-8)
7030,من هي سيمون دي بوفوار؟,5,Medium (4-8)
7031,متى وقعت معركة الاحزاب؟,4,Medium (4-8)
7034,متى تولى فهد بن عبد العزيز  الحكم ؟,8,Medium (4-8)
7040,ما هو قانون فاراداي للحث الكهرومغناطيسي؟,6,Medium (4-8)
7044,في أي عام أسس جيرت قسم أبحاث الموظفين بشركة آي بي إم أوروبا؟,13,Long (9+)
7045,ما هو عدد أولاد دونالد ترامب ؟,7,Medium (4-8)
7049,متى تأسس نادي الهلال السعودي؟,5,Medium (4-8)
7058,من هو ابن بطوطة؟,4,Medium (4-8)
7060,هل شركة ماجي تابعة لشركة نستله؟,6,Medium (4-8)
7070,من أين ينبع نهر الميسيسيبي ؟,6,Medium (4-8)
7071,هل يوجد عنصر الليثيوم في الطبيعة بصورته الحرة؟,8,Medium (4-8)
7073,متى تم بناء جامع بني أمية الكبير في دمشق؟,9,Long (9+)
7078,في أي عام ولد كريستوفر ماكويري؟,6,Medium (4-8)
7096,من هو العالم الذي وضع أسس تقنية المحرك الكهربائي؟,9,Long (9+)
7097,ما هي الأطراف المشاركة في حرب البوير الثانية ؟,9,Long (9+)
7113,متى نشأت حركة توحيد إيطاليا ؟,6,Medium (4-8)
7120,من هو مخرج مسلسل الجوارح التلفزيوني السوري ؟,8,Medium (4-8)
7123,ما هو الاسم الحقيقي للمطربة اللبنانية إليسا؟,7,Medium (4-8)
7129,متى بدأت الحرب العالمية الأولى؟,5,Medium (4-8)
7132,من هو عبد الوهاب الإنكليزي ؟,6,Medium (4-8)
7133,ما هو فرط المنعكسات؟,4,Medium (4-8)
7137,متى ولد القديس يوحنا الدمشقي؟,5,Medium (4-8)
7138,ما هو الجهاز الهيكلي ؟,5,Medium (4-8)
7146,أين تقع كنيسة كل الأمم؟,5,Medium (4-8)
7162,ما هي أعلى قمة لجبال الألب ؟,7,Medium (4-8)
7164,أين يقع واد مجردة؟,4,Medium (4-8)
7166,ما هي  الزواحف البلانوسية؟,4,Medium (4-8)
7167,هل يأثر التدخين على صحة الجنين ؟,7,Medium (4-8)
7172,ما هو تنظيم طالبان ؟,5,Medium (4-8)
7176,متى ولد عاموس عوز؟,4,Medium (4-8)
7193,ما هو التفاعل الكيميائي ؟,5,Medium (4-8)
7194,"من مثل دور ""جون سنو"" ؟",6,Medium (4-8)
7196,هل يسبب ضغط الدم الجلطة؟,5,Medium (4-8)
7201,أين تقع جزيرة بورنيو؟,4,Medium (4-8)
7204,من اقترح الاحتفال بيوم القدس العالمي؟,6,Medium (4-8)
7211,هل قونية كانت عاصمة الدولة السلجوقية قبل الغزو المغولي؟,9,Long (9+)
7220,في أي عام ولد الشيخ أحمد كفتارو؟,7,Medium (4-8)
7223,ما هو أصل كلمة الكوكتورك ؟,6,Medium (4-8)
7229,من هو أول مصمم أزياء في العالم؟,7,Medium (4-8)
7231,ما هو رهاب الزواج؟,4,Medium (4-8)
7232,أين تقع جمهورية القرم؟,4,Medium (4-8)
7242,في أي عام قامت ثورة 26 سبتمبر اليمنية؟,8,Medium (4-8)
7245,أين تقع مدينة البيزنسون؟,4,Medium (4-8)
7249,ما هو مرض ألزهايمر؟,4,Medium (4-8)
7251,أين تقع منطقة كتالونيا؟,4,Medium (4-8)
7253,هل يوجد السيليكا في الرمل؟,5,Medium (4-8)
7254,ما هو عدد أخوات كان في اللغة العربية؟,8,Medium (4-8)
7255,ما هوأكبر بركان في  اليابان ؟,6,Medium (4-8)
7257,من أدى صوت مهند في المسلسل التركي المدبلج نور ؟,10,Long (9+)
7273,هل الخليفة هشام بن عبد الملك يُعد من الخلفاء الراشدين؟,10,Long (9+)
7274,ما هي الأبرشية؟,3,Short (1-3)
7281,متى ولد كونراد أديناور ؟,5,Medium (4-8)
7282,في أي عام دارة حروب العظام ؟,7,Medium (4-8)
7295,من هي ليلى زانا؟,4,Medium (4-8)
7300,ماهي شبكية العين؟,3,Short (1-3)
7309,متى تأسست منظمة أوبيك للنفط؟,5,Medium (4-8)
7317,من هو جوردانو برونو؟,4,Medium (4-8)
7320,متى ولد أبو بكر الصديق ؟,6,Medium (4-8)
7325,ما هو علم النيوماتيك؟,4,Medium (4-8)
7326,من أكبر أهرامات مصر؟,4,Medium (4-8)
7334,ما هي المركبات الحلقية غير المتجانسة؟,6,Medium (4-8)
7340,من هو مطور لغة سي++؟,5,Medium (4-8)
7346,ما هو بيت المال ؟,5,Medium (4-8)
7352,ما هو الكوكب الأزرق؟,4,Medium (4-8)
7357,ماهي الغدة المسؤولة عن النمو في جسم الإنسان؟,8,Medium (4-8)
7358,ما هو اسم امير موناكو؟,5,Medium (4-8)
7363,أين تعمل تعمل كتائب القسام ؟,6,Medium (4-8)
7365,من أدى صوت مارج في مسلسل عائلة سيمبسون ؟,9,Long (9+)
7366,من هو مؤسس الدولة العثمانية ؟,6,Medium (4-8)
7367,متى إحتل الأتراك تونس ؟,5,Medium (4-8)
7371,ما هو الجلد؟,3,Short (1-3)
7372,متي تم إكتشاف متلازمة نقص المناعة المكتسبة في البشر ؟,10,Long (9+)
7374,متى ولد الإسكندر الثالث المقدوني؟,5,Medium (4-8)
7376,من هو آخر ملك حكم مصر؟,6,Medium (4-8)
7377,ما هو حيوان الأُكاب؟,4,Medium (4-8)
7380,ما هو التنميل في الطب؟,5,Medium (4-8)
7386,أين ولدة زيلدا ساير ؟,5,Medium (4-8)
7394,إلى أي عام يرجع تاريخ التدخين ؟,7,Medium (4-8)
7396,من هو مخرج فلم الرجل النملة الذي صدر عام 2015؟,10,Long (9+)
7407,متى تأسست المؤسسة المصرية لحقوق الصم؟,6,Medium (4-8)
7412,متى وصلت المسيحية منطقة الجزيرة العربية؟,6,Medium (4-8)
7413,ما هو التعبير الجيني؟,4,Medium (4-8)
7414,متي تأسست دولة إسرائيل الصهيونية ؟,6,Medium (4-8)
7418,متى ولدت أمل علم الدين المحامية والناشطة الحقوقية والكاتبة الإنجليزية من أصل لبناني؟,13,Long (9+)
7425,ما هي اكبر المدن الاسكتلندية ؟,6,Medium (4-8)
7429,متى تأسست مؤسسة الأهرام الصحفية؟,5,Medium (4-8)
7431,ما هي عملية درع الصحراء؟,5,Medium (4-8)
7454,من هو القديس مرقس؟,4,Medium (4-8)
7460,من كاتب شخصية أفاتار ؟,5,Medium (4-8)
7463,هل كان جورج دي بوفون  من علماء الطبيعة؟,8,Medium (4-8)
7468,متى تأسست هيئة الطاقة الذرية الأردنية؟,6,Medium (4-8)
7473,هل السعودية عضو في الأمم المتحدة ؟,7,Medium (4-8)
7487,متى تاسست دبليو دبليو إي؟,5,Medium (4-8)
7489,من هي كوكو شانيل ؟,5,Medium (4-8)
7499,ما هو الميزان التجاري؟,4,Medium (4-8)
7503,هل تسبب البرفيرية بعض الأمراض النفسية ؟,7,Medium (4-8)
7515,أين ولد فرانك فالتر شتاينماير ؟,6,Medium (4-8)
7532,متى بدأت طباعة فرز الألوان؟,5,Medium (4-8)
7538,من هو عبد الحكيم عامر ؟,6,Medium (4-8)
7553,كم تبلغ سرعة السيالة العصبية في الجسم البشري؟,8,Medium (4-8)
7560,متى تأسس مجلس التعاون الخليجي؟,5,Medium (4-8)
7564,أين ولد جان سيبيليوس ؟,5,Medium (4-8)
7566,من هو مكتشف القارة الأمريكية ؟,6,Medium (4-8)
7568,ما هي قِردة المكّاك؟,4,Medium (4-8)
7579,ماهو اسم أول فلم شاركت به للممثلة الأميركية (جوليا روبرتس)؟,10,Long (9+)
7590,في أي عام ولد فلاديمير لينين؟,6,Medium (4-8)
7594,أين تقع جزيرة إلبا ؟,5,Medium (4-8)
7597,أين وقع اغتيال عماد مغنية أحد قادة حزب الله اللبناني ؟,11,Long (9+)
7599,ما هو الفوتون؟,3,Short (1-3)
7603,هل يمكن أن يولد الجنين مصاباً باليرقان؟,7,Medium (4-8)
7605,متى بدأ بناء جدار برلين؟,5,Medium (4-8)
7613,من هي المرأة التي أكلت كبد عم الرسول حمزة؟,9,Long (9+)
7615,متى إنتهى العصر الفيكتوري ؟,5,Medium (4-8)
7616,هل يتركب الكروموسوم من الحمض النووي؟,6,Medium (4-8)
7618,ما نسبة  المسيحية في سوريا؟,5,Medium (4-8)
7623,كم عدد العظام في جمجمة الإنسان؟,6,Medium (4-8)
7625,من مؤلف رواية الشياطين؟,4,Medium (4-8)
7633,أين ظهرت الديانة المسيحية ؟,5,Medium (4-8)
7634,متى تأسست الدولة السودانية؟,4,Medium (4-8)
7638,ما هو أول ديوان لعباس محمود العقاد؟,7,Medium (4-8)
7654,أين تقع مدينة كامبريدج؟,4,Medium (4-8)
7655,ما هو العَجُز؟,3,Short (1-3)
7666,كم تبلغ مساحة كوريا الجنوبية؟,5,Medium (4-8)
7667,ما هو الامن الغذائي؟,4,Medium (4-8)
7671,من هو الأمين العام الثامن للأمم المتحدة؟,7,Medium (4-8)
7673,من تولى تدريب المنتخب المغربي في كاس امم افريقيا في 2017؟,11,Long (9+)
7679,ماهي مساحة جنوب السودان ؟,5,Medium (4-8)
7684,ماهو أول فلم أنتجته شركة مارفل؟,6,Medium (4-8)
7688,أين تقع مدينة جيلان ؟,5,Medium (4-8)
7698,ما هي الابر الصينية ؟,5,Medium (4-8)
7701,ما معنى كلمة التوراة بالعبرية؟,5,Medium (4-8)
7708,أين ولد أبو محمد عز الدين عبد العزيز بن عبد السلام ؟,12,Long (9+)
7713,من هي هيلين في إلياذة هوميروس؟,6,Medium (4-8)
7718,ما هي كربونات البوتاسيوم؟,4,Medium (4-8)
7723,متى صدر فيلم الذبابة؟,4,Medium (4-8)
7724,متى تأسس التلفزيون الكويتي؟,4,Medium (4-8)
7733,ماهو اسم النيزك الذي سقط في روسيا عام 2013؟,9,Long (9+)
7737,أين تقع شرم الشيخ ؟,5,Medium (4-8)
7742,اين توجد كنيسة القيامة؟,4,Medium (4-8)
7749,ما هو قمر لنايل سات؟,5,Medium (4-8)
7754,كم دامت الإمبراطورية العثمانية؟,4,Medium (4-8)
7765,من كتب رؤاية  100 عام من العزلة؟,7,Medium (4-8)
7769,إلى من يعود اكتشاف التحلل الإشعاعي؟,6,Medium (4-8)
7781,ما هو الرنين المغناطيسي؟,4,Medium (4-8)
7792,ما هي مساحة الدارفور؟,4,Medium (4-8)
7801,من هو صاحب كتاب آراء أهل المدينة الفاضلة؟,8,Medium (4-8)
7805,متى حكم فرنسا نابليون بونابرت؟,5,Medium (4-8)
7806,هل نظام الحكم في النرويج ملكي؟,6,Medium (4-8)
7807,في اي عام دخلت المسيحية إلى هولندا؟,7,Medium (4-8)
7809,ما هي الهضبة ؟,4,Medium (4-8)
7812,اين تمت اتفاقيات إيفيان؟,4,Medium (4-8)
7819,هل ولادة الطفل عن عمر أقل من 37 أسبوعًا يدعى ولادة المبكرة ؟,13,Long (9+)
7821,أين تقع مدينة هرموبوليس؟,4,Medium (4-8)
7823,من هو مؤلف رواية مدن الملح؟,6,Medium (4-8)
7837,ما هو البرلمان أو مجلس النواب؟,6,Medium (4-8)
7842,"متى تم عرض مسلسل ""في جعبتي حكاية"" الكرتوني ؟",9,Long (9+)
7843,من هو يشوعداد المروزي؟,4,Medium (4-8)
7863,في أي عام تأسست صحيفة التايمز؟,6,Medium (4-8)
7864,متى ولد العباس بن عبد المطلب الهاشمي ؟,8,Medium (4-8)
7865,"من مؤلف رواية "" لا أنام "" ؟",8,Medium (4-8)
7870,متى تنازل الرئيس السابق حسني مبارك عن السلطة؟,8,Medium (4-8)
7889,ما جنسية أسامة بن لادن؟,5,Medium (4-8)
7890,أين تقع بوركينا فاسو؟,4,Medium (4-8)
7891,كم يبلغ تعداد سكان داغستان ؟,6,Medium (4-8)
7898,ما هي جنسية عالم الفلك أوربان لوفيرييه؟,7,Medium (4-8)
7903,من هو الاندرتيكر ؟,4,Medium (4-8)
7912,ما هي البلطجة؟,3,Short (1-3)
7913,من هو إقليدس؟,3,Short (1-3)
7915,متى حدثة الأزمة الإقتصادية في اليونان ؟,7,Medium (4-8)
7916,في أي عام تأسس برنامج الامم المتحدة الانمائي؟,8,Medium (4-8)
7918,متى حاز رامي مالك على جائزة الأوسكار لأفضل ممثل؟,9,Long (9+)
7919,ما هى جنسية آشانتي شيكويا ؟,6,Medium (4-8)
7931,كم عدد الحلقات المدبلجة من مسلسل الرسوم المتحركة فلة والأقزام السبعة؟,11,Long (9+)
7935,من هو فردريك بانتنغ؟,4,Medium (4-8)
7938,ما هي لغة نيكولاس كوبرنيكوس الأم ؟,7,Medium (4-8)
7939,ماهي مساحة جمهورية الدومنيكان ؟,5,Medium (4-8)
7943,متى انتج فيلم أبولو 13 ؟,6,Medium (4-8)
7944,ما هي جنسية الشاعر آدم ميتسكيفيتش؟,6,Medium (4-8)
7950,ما هي المدينة الفاضلة؟,4,Medium (4-8)
7953,من قام بتأليف مانغا بوروتو ؟,6,Medium (4-8)
7957,ما هو ضمور العضلات ؟,5,Medium (4-8)
7974,في أي مدينة بحرينية تقع كنيسة القلب المقدس؟,8,Medium (4-8)
7978,من هو والد هرقل بحسب الاساطير اليونانية؟,7,Medium (4-8)
7980,اين تقع جزيرة بالاوان؟,4,Medium (4-8)
7981,أين تقع تلال كويوت؟,4,Medium (4-8)
7982,"من هو مؤلف كتاب ""السيرة النبوية""؟",6,Medium (4-8)
7986,من هم الشعوب الجرمانية؟,4,Medium (4-8)
7995,من أول من استخدم النار؟,5,Medium (4-8)
7996,متى اكتشف  البلاتين لأول مرة؟,5,Medium (4-8)
8000,اين توجد جزيرة ايبيزا؟,4,Medium (4-8)
8016,متى إنقرض  طائر الدودو؟,4,Medium (4-8)
8022,ما هو هرمون الأندروجين؟,4,Medium (4-8)
8031,أين ولد هوغو تشافيز ؟,5,Medium (4-8)
8036,ما هو الرقم الذري للكربون؟,5,Medium (4-8)
8041,متى تم عرض اول موسم من مسلسل طاش ما طاش ؟,11,Long (9+)
8056,متى تأسست جريدة أخبار الأدب؟,5,Medium (4-8)
8057,من هي قبائل قحطان؟,4,Medium (4-8)
8058,متى حدثت الحرب الفرنسية البروسية؟,5,Medium (4-8)
8059,متى توفي  عبد السلام محمد عارف الجميلي ؟,8,Medium (4-8)
8065,متى وقعت الحرب الكمبودية الفيتنامية؟,5,Medium (4-8)
8066,متى تأسس حزب الحرية والتضامن في تركيا ؟,8,Medium (4-8)
8073,ما هي الاشتراكية الليبرتارية ؟,5,Medium (4-8)
8077,ما أصل مسلسل وادي الذئاب؟,5,Medium (4-8)
8082,ما هي اللغة الرسمية في أرمينيا؟,6,Medium (4-8)
8083,من هو مؤسس شركة نوكيا؟,5,Medium (4-8)
8085,هل إرتفاع الحرارة من علامات حمى الوادي المتصدع؟,8,Medium (4-8)
8089,من هو المدير التنفيذي الحالي لشركة مايكروسوفت ؟,8,Medium (4-8)
8099,من هو علي بن محمد السمري؟,6,Medium (4-8)
8106,متى غادر العثمانيون الأراضي العربية ؟,6,Medium (4-8)
8124,في أي فترة جرت الإبادة الجماعية لليهود (الهولوكوست)؟,8,Medium (4-8)
8125,ما نسبة  المسيحية في روسيا  حاليا؟,6,Medium (4-8)
8127,أين تقع  مدينة معان؟,4,Medium (4-8)
8132,ما هي قناة فالوب ؟,5,Medium (4-8)
8134,كم عدد فصوص الغدة النخامية؟,5,Medium (4-8)
8137,ما هي الفلسفة المادية؟,4,Medium (4-8)
8138,اين توجد شلالات نياغرا؟,4,Medium (4-8)
8148,من هو جوناثان غود؟,4,Medium (4-8)
8149,كم عدد  إصدارات بروتوكول معلومات التوجيه؟,6,Medium (4-8)
8153,ما هي ريفييرا البحر الأحمر؟,5,Medium (4-8)
8163,أين يقع جسر السلطان محمد الفاتح؟,6,Medium (4-8)
8165,كم يبلغ وزن الحوت الأزرق البالغ ؟,7,Medium (4-8)
8182,متى قتل العقيد معمر القذافي؟,5,Medium (4-8)
8187,في أي عام  تأسست اللجنة الدولية للصليب الأحمر؟,8,Medium (4-8)
8201,من هي الشركة المنتجة لفيلم الأميرة والضفدع؟,7,Medium (4-8)
8210,كم يبلغ طول سمندل الأوروبي البالغ ؟,7,Medium (4-8)
8212,متى تمت  كتابة الدستور الجزائري ؟,6,Medium (4-8)
8216,في أي قارة تقع جمهورية بوروندي؟,6,Medium (4-8)
8221,من  فاز بالدوري الأنجليزي الممتازلكرة القدم لسنة 2018؟,8,Medium (4-8)
8226,من مخترع الطابعة الليزرية ؟,5,Medium (4-8)
8228,متى انتهت الثورة السورية الكبرى؟,5,Medium (4-8)
8232,أين تقع مدينة كرمان ؟,5,Medium (4-8)
8237,ما هو الحيوان الوحيد الذي له عظام على رأسه؟,9,Long (9+)
8240,ماهي المناعة  في جسم الإنسان؟,5,Medium (4-8)
8241,متى تم بناء كنيسة نوتردام ؟,6,Medium (4-8)
8247,ما هو مرض البهاق؟,4,Medium (4-8)
8250,متى إعتنق الإمبراطور قسطنطين الديانة المسيحية ؟,7,Medium (4-8)
8252,من هو مؤلف كتاب الشفق؟,5,Medium (4-8)
8253,من هو الإله آمون؟,4,Medium (4-8)
8255,من هو رئيس جمهورية هندوراس ؟,6,Medium (4-8)
8257,متى تم إنشاء البنك المركزي الأوروبي؟,6,Medium (4-8)
8258,من هو الإمام محمد الباقر؟,5,Medium (4-8)
8264,lما هي النواة ؟,4,Medium (4-8)
8265,ماهى مساحة إنسبروك ؟,4,Medium (4-8)
8276,ما هو التامور؟,3,Short (1-3)
8280,من هو أنس بن سيرين الأنصاري؟,6,Medium (4-8)
8281,من مؤسس الضباط الوطنيين أوالأحرار في العراق؟,7,Medium (4-8)
8287,ما هو أول ميترو في العالم؟,6,Medium (4-8)
8292,ما هو كسوف الشمس؟,4,Medium (4-8)
8293,أين يقع  هرم خوفو ؟,5,Medium (4-8)
8295,هل يوجد فرق بين وظائف الدماغ الايمن و الايسر؟,9,Long (9+)
8306,هل يمكن ان تعيش الخنافس في الماء؟,7,Medium (4-8)
8312,من هو مانويل فراغا؟,4,Medium (4-8)
8314,من هم اطراف الصراع في الحرب الاهلية الامريكية؟,8,Medium (4-8)
8316,من هو أول مؤرخ عربي؟,5,Medium (4-8)
8317,ما هي اللافلزات في الكيمياء؟,5,Medium (4-8)
8318,متى ولد مارتن لوثر؟,4,Medium (4-8)
8319,في أي عام تم وعد بلفور؟,6,Medium (4-8)
8321,أين تقع مدينة سبتة ؟,5,Medium (4-8)
8322,ما هو اللحوح ؟,4,Medium (4-8)
8326,من هي ابنة زيوس المفضلة؟,5,Medium (4-8)
8333,ما هي اتفاقات الهدنة 1949 ؟,6,Medium (4-8)
8336,متى تأسست  جامعة سلامنكا؟,4,Medium (4-8)
8338,من هو مخرج فليم أنمي كاري كانو؟,7,Medium (4-8)
8340,متى تم إنشاء مسجد سليم الأول في تركيا؟,8,Medium (4-8)
8345,ما هي البرمجيات التطبيقية؟,4,Medium (4-8)
8350,ما هي مساحة هوليوود؟,4,Medium (4-8)
8355,من هم البرجوازيون في فرنسا؟,5,Medium (4-8)
8356,من مؤلف الروايات المقتبس منها مسلسل لعبة العروش؟,8,Medium (4-8)
8379,ماهي وظيفة الطبلة في الاذن ؟,6,Medium (4-8)
8383,متى وصل الإسلام إلي الأندلس ؟,6,Medium (4-8)
8384,ماهو بروتكول آي بي في 4 ؟,7,Medium (4-8)
8385,ماذا يحد إريتريا شمالاً؟,4,Medium (4-8)
8386,متى تأسست مملكة أستورياس؟,4,Medium (4-8)
8389,ما هو القمر الطبيعي؟,4,Medium (4-8)
8390,متى تأسس النادي الإفريقي التونسي؟,5,Medium (4-8)
8396,متى ولدة جانيت جوزيف ؟,5,Medium (4-8)
8397,متى ولد المغني محمد عبده؟,5,Medium (4-8)
8401,اين ولد موسوليني ؟,4,Medium (4-8)
8414,متى تم بناء البانثيون ؟,5,Medium (4-8)
8415,ماهى اللغة المتكلم بها في البرتغال ؟,7,Medium (4-8)
8417,ما هو أربعاء الرماد؟,4,Medium (4-8)
8418,ما هو عدد العناصر في الجدول الدوري؟,7,Medium (4-8)
8421,ما مساحة  دولة إريتريا؟,4,Medium (4-8)
8428,هل تؤدي الاصابة بالالتهاب الرئوي الى صعوبة في عملية التنفس؟,10,Long (9+)
8432,من هو آل كابون ؟,5,Medium (4-8)
8440,ما هي متلازمة استوكهولم؟,4,Medium (4-8)
8443,أين تقع البنغلاديش ؟,4,Medium (4-8)
8464,كم يبلغ طول سكة مترو الجزائر ؟,7,Medium (4-8)
8469,أين تقع شبه جزيرة سيناء؟,5,Medium (4-8)
8473,متى تم بناء قصر فيرساي ؟,6,Medium (4-8)
8487,متى كانت أول قمة عربية؟,5,Medium (4-8)
8490,ما هو الدي ان آيه ؟,6,Medium (4-8)
8491,من هو يوليوس قيصر؟,4,Medium (4-8)
8493,متى قام ابن كثير بوضع كتاب (البداية والنهاية)؟,8,Medium (4-8)
8495,من كان بابا الكنيسة الكاثوليكية عام 1993 ؟,8,Medium (4-8)
8503,أين يقع جبل سنجار؟,4,Medium (4-8)
8508,اين توجد مدينة كيرلا؟,4,Medium (4-8)
8512,في أي قرن بدأت الحروب النابليونية؟,6,Medium (4-8)
8520,متى سيطر تنظيم الدولة على الموصل ؟,7,Medium (4-8)
8521,ما هي الوحدة الخطية؟,4,Medium (4-8)
8522,متى تأسست مدينة دبي؟,4,Medium (4-8)
8523,اين يوجد مضيق البوسفور؟,4,Medium (4-8)
8526,أين تقع قلعة العقبة؟,4,Medium (4-8)
8527,ما هو البيون؟,3,Short (1-3)
8528,من هو مصطفى صادق الرافعي؟,5,Medium (4-8)
8531,ما هو الستيرويد؟,3,Short (1-3)
8540,هل ينقل عظم الركاب الذبذبات إلى القوقعة مباشرة؟,8,Medium (4-8)
8544,أين تقع الغدة الصنوبرية؟,4,Medium (4-8)
8552,ما هي الأزدرخت؟,3,Short (1-3)
8559,ما هو الكولوسيوم أو ما يسمى المدرج الفلافي؟,8,Medium (4-8)
8564,متى حدثة غزوة الخندق ؟,5,Medium (4-8)
8571,في أي عام قامت ألمانيا النازية باحتلال هولندا؟,8,Medium (4-8)
8573,ما هو السوبرانو؟,3,Short (1-3)
8574,في أي عام  تأسست منظمة الدول المصدرة للنفط أوبك؟,9,Long (9+)
8578,ما هو طريق الحرير؟,4,Medium (4-8)
8579,ما هي الصدقة الجارية في الإسلام؟,6,Medium (4-8)
8586,متى توفي ألفريد دريفوس؟,4,Medium (4-8)
8588,ما هي قبيلة الأشاعرة؟,4,Medium (4-8)
8590,متى إندلعت حرب العاشر من رمضان ؟,7,Medium (4-8)
8593,من بنى أبو الهول؟,4,Medium (4-8)
8597,من هم البناؤون الاحرار؟,4,Medium (4-8)
8599,كم عدد طبقات الجلد؟,4,Medium (4-8)
8605,متى بدأت آنجلينا جولي التمثيل؟,5,Medium (4-8)
8606,ما هو الفورمالديهايد؟,3,Short (1-3)
8610,متى تأسست شركة روتانا؟,4,Medium (4-8)
8613,اين يقع ميناء المخا؟,4,Medium (4-8)
8622,هل غوغل هو محرك بحث؟,5,Medium (4-8)
8625,متى ولد جورج بوش الأب ؟,6,Medium (4-8)
8628,كم عدد آيات سورة الجاثية؟,5,Medium (4-8)
8642,كم موسم تم عرضه من مسلسل ديرديفيل ؟,8,Medium (4-8)
8651,متى تأسست الدولة العثمانية ؟,5,Medium (4-8)
8652,من هو ادونيس ؟,4,Medium (4-8)
8659,متى تم تأسيس الجيش السعودي؟,5,Medium (4-8)
8660,أين ولد ميغيل بريمو دي ريفيرا ؟,7,Medium (4-8)
8661,أين تقع حديقة بلتشلي؟,4,Medium (4-8)
8664,من هو زينون الرواقي؟,4,Medium (4-8)
8669,هل الفيروسات النباتية تسبب الأنفلونزا؟,5,Medium (4-8)
8673,من هو بوريس يلتسن؟,4,Medium (4-8)
8679,متى بدأت الحرب الأهلية الفنلندية؟,5,Medium (4-8)
8680,ما هي المادة التي تستخدم في صناعة الاسلاك ؟,9,Long (9+)
8682,من هو اسد الدين شيركوه ؟,6,Medium (4-8)
8684,ما هو القانون الدولي؟,4,Medium (4-8)
8705,ما هو طول نهر المسيسيبي؟,5,Medium (4-8)
8709,ما هي الفدرالية؟,3,Short (1-3)
8711,من هو لويس الرابع (الإمبراطور الروماني المقدس)؟,7,Medium (4-8)
8717,متى تم كتابة مانغا وان بيس ؟,7,Medium (4-8)
8720,متى ولدت كاثرين دوقة كامبريدج؟,5,Medium (4-8)
8721,متى تم الاعتراف الدولي بإسرائيل ؟,6,Medium (4-8)
8730,من هو آخر أباطرة روسيا؟,5,Medium (4-8)
8731,من هو جيمس باركنسون؟,4,Medium (4-8)
8739,ما هي نمور التاميل؟,4,Medium (4-8)
8746,ما هي عاصمة جمهورية بيلاروسيا؟,5,Medium (4-8)
8753,من ألف كتاب نظام الطبيعة؟,5,Medium (4-8)
8757,ماهى مساحة جمهورية كوسوفو ؟,5,Medium (4-8)
8761,في أي عام منحت جائزة وولف في الرياضيات لأول مرة؟,10,Long (9+)
8766,ما هي جنسية المغنية سيلين ديون ؟,7,Medium (4-8)
8779,ما معنى النازية؟,3,Short (1-3)
8781,من هو يعقوب آغا؟,4,Medium (4-8)
8797,إلى أي عام يعود تاريـخ الهواتف النقالة؟,7,Medium (4-8)
8799,ما هي أقدم جامعة في اسكتلندا؟,6,Medium (4-8)
8802,ما هي الثورة البلشفية ؟,5,Medium (4-8)
8806,لماذا استلمت اليابان في العرب العالمية الثانية ؟,8,Medium (4-8)
8809,ما هو النظام الإداري للدولة التونسية؟,6,Medium (4-8)
8820,متى تأسست شبكة فوكس التلفزيونية؟,5,Medium (4-8)
8825,متي تحصلت جمهورية كولومبيا علي إستقلالها ؟,7,Medium (4-8)
8830,متى ولد حسن نصر الله ؟,6,Medium (4-8)
8833,ماهو تعداد سكان طرابلس الشرق ؟,6,Medium (4-8)
8835,أين تقع قلعة هوهنتسولرن؟,4,Medium (4-8)
8836,من هو مؤلف مسرحية الفلاح البائس؟,6,Medium (4-8)
8840,هل كان يلقب مايكل جاكسون ب ملك البوب؟,8,Medium (4-8)
8843,أين تقع محافظة البقاع ؟,5,Medium (4-8)
8849,اين تقع جزر الكناري ؟,5,Medium (4-8)
8856,ما هو مرض أديسون؟,4,Medium (4-8)
8857,أين تقع مدينة ميونخ؟,4,Medium (4-8)
8864,ان يوجد اكبر منجم للألماس ؟,6,Medium (4-8)
8870,"من هو مخرج فيلم ""لوف""؟",5,Medium (4-8)
8873,ما هي عاصمة بنما؟,4,Medium (4-8)
8888,متى تأسست جمعية الاتحاد العثماني؟,5,Medium (4-8)
8895,إلى أي مدينة ينتمي حنبعل؟,5,Medium (4-8)
8896,من رئيس جمهورية الأوروغواي؟,4,Medium (4-8)
8903,متى ولد محمد بن الحسن الثاني بن محمد الخامس ؟,10,Long (9+)
8904,هل يعد الزمخشري من رواد فكر المعتزلة؟,7,Medium (4-8)
8913,هل تمنح المانيا الجنسية للاجئين ؟,6,Medium (4-8)
8918,متى وقعت معركة رأس العش؟,5,Medium (4-8)
8922,متى شارك المنتخب المغربي في كاس العالم أول مرة؟,9,Long (9+)
8923,أين تقع مدينة الكرنك؟,4,Medium (4-8)
8924,ما هو سبب صدأ الحديد؟,5,Medium (4-8)
8929,ما هي وظيفة القلب في الجسم؟,6,Medium (4-8)
8937,كم ركعة بصلاة العيد؟,4,Medium (4-8)
8942,متى قامت أول إنتخابات تشريعية في ليبيا ؟,8,Medium (4-8)
8943,هل أندونيسيا بلد مسلم؟,4,Medium (4-8)
8947,ما هي جنسية الروائي هرمان ملفيل؟,6,Medium (4-8)
8950,ماهو تاريخ إعلان الإمبراطورية اليابانية الحرب على جمهورية الصين في الحرب العالمية الثانية؟؟,13,Long (9+)
8954,ما هو الجين؟,3,Short (1-3)
8957,متى ظهر المذهب الزيدي في اليمن؟,6,Medium (4-8)
8960,من هو ليون تروتسكي؟,4,Medium (4-8)
8963,في اي عام حصل الطبيب  فردريك بانتنغ على جائزة نوبل في الطب؟,12,Long (9+)
8968,متى ولد الشاعر عنترة بن شداد؟,6,Medium (4-8)
8971,من هو حزقيال؟,3,Short (1-3)
8984,في أي عام ولد فرانسيس فوكوياما؟,6,Medium (4-8)
8986,متى صدر فلم (لعبة التزييف)؟,5,Medium (4-8)
8997,في أي عام تأسست مجلة فوربس؟,6,Medium (4-8)
8999,إلى أي عام يعود تاريخ شركة سوبارو؟,7,Medium (4-8)
9002,ما معنى النَّوْءِ ؟,4,Medium (4-8)
9004,في أي عام حدث تصادم سفينتين محملتين بالبترول في مضيق إسطنبول (البوسفور)؟,12,Long (9+)
9009,أين تقع إيران جغرافيا؟,4,Medium (4-8)
9011,كم عدد الجزر البحرينية؟,4,Medium (4-8)
9013,متى إنفصلت جنوب السودان عن السودان ؟,7,Medium (4-8)
9021,متى بني مرصد تقي الدين الفلكي الأسطنبولي؟,7,Medium (4-8)
9022,من هو محمد الفاتح ؟,5,Medium (4-8)
9027,كم تبعد مدينة رام الله عن القدس؟,7,Medium (4-8)
9033,ما هو غاز النشادر ؟,5,Medium (4-8)
9035,ما هي عملية بيرل هاربر ؟,6,Medium (4-8)
9036,ما هي رقصة الهارلم شيك؟,5,Medium (4-8)
9055,كم تبعد غزة على القدس؟,5,Medium (4-8)
9056,ما هو نبات قصب السكر؟,5,Medium (4-8)
9063,من هو أرمينيوس؟,3,Short (1-3)
9068,ما أصل اللغة الفرنسية؟,4,Medium (4-8)
9070,ما أصل ديكارت؟,3,Short (1-3)
9073,كم عدد الوان علم مملكة ليسوتو ؟,7,Medium (4-8)
9080,ماهى العلاقات التجارية التركية-الليبية ؟,5,Medium (4-8)
9081,ماهى فرقة الكرَّاميَّة ؟,4,Medium (4-8)
9092,متى كتب صلاح الإمام كتاب أشهر الثورات في التاريخ ؟,10,Long (9+)
9096,من الصقالبة ؟,3,Short (1-3)
9098,متى استلم الرئيس التركي رجب طيب أردوغان رئاسة تركيا؟,9,Long (9+)
9109,في أي عام انضم ديفيد لويز لنادي تشيلسي الانجليزي لكرة القدم؟,11,Long (9+)
9113,كم عدد الجزر التابعة للكويت ؟,6,Medium (4-8)
9116,متى تم غزو البلقان من العثمانيين؟,6,Medium (4-8)
9120,كم يبلغ حجم المبيض؟,4,Medium (4-8)
9121,ما هي الرابطة الهانزية؟,4,Medium (4-8)
9124,متى بدأ العصر البرونزي ؟,5,Medium (4-8)
9129,متى فتح العرب إسبانيا؟,4,Medium (4-8)
9130,ما هو الحجر الصحي ؟,5,Medium (4-8)
9133,متى تأسس حزب البعث العربي الاشتراكي - قطر اليمن؟,9,Long (9+)
9136,ما هو معدل الخصوبة الكلي؟,5,Medium (4-8)
9138,ما هي كتلة الوفاء للمقاومة؟,5,Medium (4-8)
9142,أين يقع قصر المصمك؟,4,Medium (4-8)
9145,كم دام  فريق البي جيز؟,5,Medium (4-8)
9154,ما هي العلوم المريميّة؟,4,Medium (4-8)
9155,من هو مبتكر شخصية سوبرمان؟,5,Medium (4-8)
9156,ما هي اعلى قمة جبلية في المغرب؟,7,Medium (4-8)
9160,متى وقعت معركة حطين؟,4,Medium (4-8)
9161,من هو الممثل الذي أدى دور المجاهد عمر المختارفي فيلم أسد الصحراء؟,12,Long (9+)
9171,كم المدة التي حكم فيها الملك فيصل العراق؟,8,Medium (4-8)
9186,من هو دونالد ديفيس؟,4,Medium (4-8)
9194,متى تكونت  الدولة الهولندية؟,4,Medium (4-8)
9198,متى ولدت آجاثا كريستي ؟,5,Medium (4-8)
9206,ماهو محفز الإلبان البشري المشيمي ؟,6,Medium (4-8)
9210,متى ولد جون فوربس ناش؟,5,Medium (4-8)
9218,أين تقع إمبراطورية المغول؟,4,Medium (4-8)
9233,متى ولد الممثل ياسين بقوش؟,5,Medium (4-8)
9237,متى بنيت مدينة دبي؟,4,Medium (4-8)
9240,من هو مخترع المنطاد؟,4,Medium (4-8)
9272,أين ولد مصطفى كمال أتاتورك ؟,6,Medium (4-8)
9287,من هو أرتق بن أكسب؟,5,Medium (4-8)
9289,من خلف الملك فهد بن عبد العزيز بعد وفاته ؟,10,Long (9+)
9290,من هو المعروف بأب دولة إسرائيل؟,6,Medium (4-8)
9292,كم عدد آيات سورة الحديد؟,5,Medium (4-8)
9295,من هو مؤلف كتاب لا تحزن؟,6,Medium (4-8)
9296,ما هي الدولة الأرتقية؟,4,Medium (4-8)
9298,أين دفن عبد الله بن عمر بن الخطاب ؟,9,Long (9+)
9300,أين ولد اي. يورنر جودمان ؟,6,Medium (4-8)
9302,متى تم ظهور متجر جوجل بلاي للتطبيقات؟,7,Medium (4-8)
9303,ما هي التاي تشي؟,4,Medium (4-8)
9308,كم عدد أفراد  فرقة  المونكيز؟,5,Medium (4-8)
9320,ما هي اكبر مدن بنما ؟,6,Medium (4-8)
9326,هل الشمس نجم؟,3,Short (1-3)
9334,ما هو ديوان المظالم في المملكة العربية السعودية؟,8,Medium (4-8)
9338,ما هي الثيوقراطية؟,3,Short (1-3)
9340,أين توفي محمد بن جرير الطبري؟,6,Medium (4-8)
9349,هل مرض التهاب القولون التقرحي هو مرض مزمن؟,8,Medium (4-8)
9354,متى وقعت معاهدة الطائف بين السعودية واليمن ؟,8,Medium (4-8)
9367,في اي ولاية امريكية يتواجد الأميش؟,6,Medium (4-8)
9370,أين تقع جامعة لستر؟,4,Medium (4-8)
9380,كم عدد المشاركين في الألعاب الأولمبية؟,6,Medium (4-8)
9385,في أي عام تأسست صحيفة ذا ديلي تليغراف البريطانية؟,9,Long (9+)
9388,ما هو الصمّام؟,3,Short (1-3)
9393,من هو اللاعب الايطالي الذي تسبب بطرد زين الدين زيدان في نهائي كأس العالم 2006؟,15,Long (9+)
9395,ما أول حضارة كانت في لبنان؟,6,Medium (4-8)
9406,من هو ابن النفيس؟,4,Medium (4-8)
9407,متى تأسس موقع ويكيليكس؟,4,Medium (4-8)
9412,من بنى إمبراطورية الإنكا؟,4,Medium (4-8)
9415,من هو يورغن هابرماس؟,4,Medium (4-8)
9418,هل كبريتات المغنيسيوم  مركب غير عضوي؟,6,Medium (4-8)
9424,ماذا كان اسم خطيب القديسة مريم العذراء؟,7,Medium (4-8)
9427,من هو عبيد الله بن زياد؟,6,Medium (4-8)
9432,أين ولد ياسرعرفات؟,3,Short (1-3)
9443,مامقدار زكاة  الفطر ؟,4,Medium (4-8)
9451,من هم المتنورون؟,3,Short (1-3)
9455,أين تقع مدينة المدائن  أو سلمان باك؟,7,Medium (4-8)
9457,كم تبلغ مساحة ويلز؟,4,Medium (4-8)
9458,من هو هنري غراي؟,4,Medium (4-8)
9462,أين يقع ممر التنمية والتعمير في الصحراء الغربية ؟,9,Long (9+)
9472,من هو ريتشارد اروين رود؟,5,Medium (4-8)
9476,أين تأسست  جماعة الإخوان المسلمين؟,5,Medium (4-8)
9483,ماهو تعداد سكان بورما ؟,5,Medium (4-8)
9491,ما هو اقصى تردد صوتي يمكن ان يسمعة الانسان؟,9,Long (9+)
9492,متى تحالفت دول الحلفاء ضد دول المحور؟,7,Medium (4-8)
9496,متى ولد محمد شفيع اوكاروي ؟,6,Medium (4-8)
9497,ماهى أكبر دولة في شبه الجزيرة العربية ؟,8,Medium (4-8)
9498,كم تبلغ مساحة قصرالعظم؟,4,Medium (4-8)
9505,متى تأسس الحزب الديمقراطي الكردستاني؟,5,Medium (4-8)
9506,من أدى صوت سانتا ليتل هيلبر في مسلسل عائلة سيمبسون؟,10,Long (9+)
9510,كم يبلغ تعداد سكان مدينة الفاو ؟,7,Medium (4-8)
9513,متى فاز النادي الإفريقي بالكأس الأفروآسيوية للأندية؟,7,Medium (4-8)
9517,من هو ثويني بن عبد الله السعدون؟,7,Medium (4-8)
9528,في أي عام تأسست جامعة ويسترن أونتاريو؟,7,Medium (4-8)
9533,من كان الرئيس الأول لجمهورية الصومال الديموقراطية؟,7,Medium (4-8)
9540,متى ولد عبد الكريم الجيلي ؟,6,Medium (4-8)
9543,متى تأسست الكويت؟,3,Short (1-3)
9549,ما هو التنفس الاصطناعي؟,4,Medium (4-8)
9551,ما هي لجنة التراث العالمي؟,5,Medium (4-8)
9554,أين تقع جزر ساندويتش الجنوبية ؟,6,Medium (4-8)
9556,كيف عزل الرئيس محمد مرسي؟,5,Medium (4-8)
9564,على اي بحر تطل مدينة الأسكندرية المصرية ؟,8,Medium (4-8)
9565,ما هو المضاف والمضاف إليه ؟,6,Medium (4-8)
9570,من هو مأسس متحف الفن السيء ؟,7,Medium (4-8)
9574,هل الطاقة المتجددة تضم طاقة الرياح فقط؟,7,Medium (4-8)
9596,متى فاز نادي ليدز يونايتد لكرة القدم بالدوري الأنجليزي الممتاز؟,10,Long (9+)
9597,متى توفي الخطيب البغدادي؟,4,Medium (4-8)
9599,متى تم إنشاء إتفاقية سايكس بيكو ؟,7,Medium (4-8)
9603,كم تبلغ نسبة المياه العذبة من مياه الأرض؟,8,Medium (4-8)
9606,ما هي الخلايا السرطانية الخبيثة؟,5,Medium (4-8)
9611,كم كان عمر العباس بن عبد المطلب الهاشمي عند وفاته ؟,11,Long (9+)
9616,ما هو هجوم الدي دوس؟,5,Medium (4-8)
9617,ما هي القنبلة الهيدروجينية ؟,5,Medium (4-8)
9623,أين توفي الأميرعبد القادر الجزائري؟,5,Medium (4-8)
9624,ما هو قمر الأرصاد الجوية؟,5,Medium (4-8)
9625,أين تقع غانتوك ؟,4,Medium (4-8)
9634,متى عاش نبي الله نوح ؟,6,Medium (4-8)
9639,من كان الأب الروحى لثورة يوليو 1952 في مصر؟,9,Long (9+)
9648,متى انتهت حرب الخليج الأولى؟,5,Medium (4-8)
9650,"من قام بإخراج فيلم ""صيد السلمون في اليمن"" ؟",9,Long (9+)
9655,ما أول حضارة في اليمن؟,5,Medium (4-8)
9656,متى ارتكبت مجزرة صبرا و شاتيلا ؟,7,Medium (4-8)
9660,أين تقع بلدة لوتسن؟,4,Medium (4-8)
9661,ما هو الخُنَاق أو الديفتيريا؟,5,Medium (4-8)
9662,من هو صاحب رواية كوابيس بيروت؟,6,Medium (4-8)
9663,ما هي الخلية العصبية؟,4,Medium (4-8)
9669,من هي والدة فيلهلم رايش؟,5,Medium (4-8)
9672,كم يبلغ طول المهبل عند أنثى الإنسان ؟,8,Medium (4-8)
9686,متى توفي إدوارد وديع سعيد مُنظر ؟,7,Medium (4-8)
9694,متى عاش عمر عبد الله المحيشي الشركسي؟,7,Medium (4-8)
9695,ما هي المسافة التي تمتد عليها سلسلة جبال الهيمالايا؟,9,Long (9+)
9705,ماهى مساحة جمهورية السلفادور ؟,5,Medium (4-8)
9711,أين تقع سيراليون ؟,4,Medium (4-8)
9714,في أي عام ولد ونستون تشرشل؟,6,Medium (4-8)
9729,ما هي البكتيريا آكلة اللحم ؟,6,Medium (4-8)
9732,ما  هو إسم هرمون السعادة؟,5,Medium (4-8)
9735,أين ولد حسني الزعيم؟,4,Medium (4-8)
9740,في أي عام تأسس مجلس الأمة الكويتي؟,7,Medium (4-8)
9745,ما هو العنصر رقم 60 في الجدول الدوري ؟,9,Long (9+)
9752,هل التمساح هو من الزواحف؟,5,Medium (4-8)
9769,متى عاش غابرييل غارسيا ماركيز؟,5,Medium (4-8)
9772,ما هي الافلام المستقلة ؟,5,Medium (4-8)
9781,ما هو الحقل المغناطيسي؟,4,Medium (4-8)
9789,من هو إفريقيس بن ذي المنار؟,6,Medium (4-8)
9796,متى بناء برج المملكة في الرياض ؟,7,Medium (4-8)
9797,ماهى ديانة مجموعة البَقَّارَة ؟,5,Medium (4-8)
9798,متى تأسس نادي برشلونة لكرة قدم ؟,7,Medium (4-8)
9802,من شغل منصب مدير تحرير النسخة العربية من مجلة فورين بوليسي؟,11,Long (9+)
9818,ما هو ترتيب شهرُ رَمَضَانَ في التقويم الهجري؟,8,Medium (4-8)
9829,من هو مؤلف أوبرا مدام بترفلاي؟,6,Medium (4-8)
9843,في أي قرن نشأة الدولة المرابطية ؟,7,Medium (4-8)
9852,ماهى الأشعة الفوق بنفسجية ؟,5,Medium (4-8)
9853,اين درس عبد العزيز بن عبد الله بن باز؟,9,Long (9+)
9857,ما هو المنصب السابق للرئيس عبد الفتاح السيسي؟,8,Medium (4-8)
9866,متى تم إنشاء المركز الوطني للدراسات الفضائية في باريس؟,9,Long (9+)
9870,من هو الأب المنشإ لي السيكولوجيا الحديثة ؟,8,Medium (4-8)
9874,متى ولدة رشا رزق ؟,5,Medium (4-8)
9879,ما هي عاصمة ولاية فيكتوريا الأسترالية؟,6,Medium (4-8)
9885,ما هو اللحن الجلي ؟,5,Medium (4-8)
9890,ما نسبة  المسيحية  في أيرلندا الشمالية  حاليا؟,7,Medium (4-8)
9891,متى عينت بريانكا تشوبرا سفيرة للنوايا الحسنة؟,7,Medium (4-8)
9892,متى تم اغتيال شكري بالعيد؟,5,Medium (4-8)
9899,أين ينبت نبات جنكو أو الجِنْكَة؟,6,Medium (4-8)
9901,من أين ينبع نهر المرغاب؟,5,Medium (4-8)
9903,من هو مخترع لغة بايثون ؟,6,Medium (4-8)
9905,متى ولد بوذا ؟,4,Medium (4-8)
9906,أين تقع جزر أوركني؟,4,Medium (4-8)
9919,ما هو المنشط الذهني؟,4,Medium (4-8)
9926,أين كانت تمتد بلاد الغال؟,5,Medium (4-8)
9932,متى تم اكتشاف هوية الجاسوس الاسرائيلي (ايلي كوهين)؟,8,Medium (4-8)
9945,من هو تركي الشبانة؟,4,Medium (4-8)
9950,متى تأسست مؤسسة التنمية الدولية؟,5,Medium (4-8)
9952,ما هي عاصمة استراليا؟,4,Medium (4-8)
9960,كم تبلغ مساحة دولة زائير ؟,6,Medium (4-8)
9965,كم تبعد مدينة السامراء عن بغداد؟,6,Medium (4-8)
9966,ما هي الطبقة البرجوازية؟,4,Medium (4-8)
9970,من هي خديجة بنت خويلد؟,5,Medium (4-8)
9972,كم عدد كواكب المجموعة الشمسية؟,5,Medium (4-8)
9977,من هو الأدريسي ؟,4,Medium (4-8)
9978,اين توجد مدينة القنيطرة؟,4,Medium (4-8)
9979,من هو والد الرئيس السوري بشار الأسد ؟,8,Medium (4-8)
9982,متى يعقد يوم القدس العالمي أو اليوم الدولي لمدينة القدس الشريف ؟,12,Long (9+)
9987,متى ولد المؤرخ شمس الدين السخاوي؟,6,Medium (4-8)
9997,كم تبلغ مساحة غينيا ؟,5,Medium (4-8)
10000,هل كانت اليابان حليفة لألمانيا الحرب العالمية الثانية؟,8,Medium (4-8)
10003,من هي كليوبترا؟,3,Short (1-3)
10011,هل تعد دولة (جزر القمر) من الدول العربية؟,8,Medium (4-8)
10027,ما هو الطيف الراديوي؟,4,Medium (4-8)
10031,ما هو مرض التوحد ؟,5,Medium (4-8)
10034,اين تقع مقاطعة نيو برونزويك؟,5,Medium (4-8)
10038,هل يمكن السرطانات التواجد في المياه العذبة ؟,8,Medium (4-8)
10039,ما هو الحمض النووي معاد التركيب؟,6,Medium (4-8)
10040,متى تأسست صحيفة الاتحاد؟,4,Medium (4-8)
10042,ما هي أول معاهدة رسمية بين الدولتين الصفوية والعثمانية؟,9,Long (9+)
10057,أين تصدر صحيفة ذا ناشيونال؟,5,Medium (4-8)
10061,ما هو الرباط المنصوري؟,4,Medium (4-8)
10070,أين توجد أكبر مكتبة في العالم؟,6,Medium (4-8)
10074,من قاد معركة عين جالوت ضد التاتار ؟,8,Medium (4-8)
10075,من هو ثيودور إيشيرش؟,4,Medium (4-8)
10079,متى تم إنتاج المسلسل التركي (العشق الممنوع) لأول مرة؟,9,Long (9+)
10081,ما هي الفيتوكيميكال ؟,4,Medium (4-8)
10087,ما هو التصلب الجانبي الضموري؟,5,Medium (4-8)
10088,من جلب الديانة المسيحية إلى الجزيرة العربية ؟,8,Medium (4-8)
10090,متى تأسست مملكة أكسوم؟,4,Medium (4-8)
10103,ما هي المنظومة البيئية؟,4,Medium (4-8)
10104,هل وقعت عملية هاربون 1942  بصقليّة؟,6,Medium (4-8)
10114,ما هي الجهمية؟,3,Short (1-3)
10116,هل كوكب الزهرة هو أقرب الكواكب للأرض؟,7,Medium (4-8)
10121,من أدى دور جون سنو في  مسلسل صراع العروش؟,9,Long (9+)
10142,متى توفي ملحم بركات ؟,5,Medium (4-8)
10145,ما هو الاحتباس الحراري؟,4,Medium (4-8)
10148,ما أقدم دين سماوي؟,4,Medium (4-8)
10150,متى ولد المخرج يوسف شاهين؟,5,Medium (4-8)
10155,متى عين البابا فرنسيس ك بابا للكنيسة الكاثوليكية؟,8,Medium (4-8)
10162,من هو مقدم برنامج يلا شباب ؟,7,Medium (4-8)
10165,من أول مدينة استضافت الألعاب الألعاب الأولمبية ؟,8,Medium (4-8)
10169,ماهو مسقط رأس الرئيس السوري بشار الأسد؟,7,Medium (4-8)
10171,من كان قائد المسلمين في معركة حطين؟,7,Medium (4-8)
10172,كم يبلغ ارتفاع مدينة صنعاء عن سطح البحر؟,8,Medium (4-8)
10174,ما هو المفعول المطلق في اللغة العربية؟,7,Medium (4-8)
10175,ما هي القوات الانكشارية؟,4,Medium (4-8)
10185,ما هو هدف الماسح الجيولوجي الأمريكي؟,6,Medium (4-8)
10194,ممّا يتغذى البَيسون الأمريكي؟,4,Medium (4-8)
10198,ما هي جنسية لاعب كرة القدم بوشكاش ؟,8,Medium (4-8)
10203,متى توفي السيد درويش؟,4,Medium (4-8)
10205,مما تتكون خلايا الدم الحمراء؟,5,Medium (4-8)
10209,ما هي البوصة؟,3,Short (1-3)
10212,ما هو التنجيم ؟,4,Medium (4-8)
10217,من هو أبو بكر يونس؟,5,Medium (4-8)
10230,من هي الشركة المنتجة لانمي ون بيس؟,7,Medium (4-8)
10237,أين يقع المقر الرئيسي لشركة غوغل؟,6,Medium (4-8)
10242,كم تبعد مدينة أُمَّ ٱلْفَحْم  على القدس؟,7,Medium (4-8)
10247,ماهو تعداد سكان مدينة أريحا ؟,6,Medium (4-8)
10250,ما هي السيكودراما ؟,4,Medium (4-8)
10251,ما هي الإقطاعية؟,3,Short (1-3)
10253,"ما اسم اللبناني الوحيد الذي كان على متن ""تايتانك""؟",9,Long (9+)
10254,هل تعد ويلز جزءاً من المملكة المتحدة؟,7,Medium (4-8)
10257,ماهو المتوسط الحسابي ؟,4,Medium (4-8)
10259,أين يقع مطار آدم عدي الدولي؟,6,Medium (4-8)
10271,متى تأسست منظمة أطباء بلا حدود ؟,7,Medium (4-8)
10272,ما هي المدرسة التكعيبية في الفن؟,6,Medium (4-8)
10276,إنزيم نازع لهيدروجين اللاكتات,4,Medium (4-8)
10286,متى ولد أبو بكر الصديق عبد الله بن عثمان ؟,10,Long (9+)
10287,اين تقع مدينة ظفار ؟,5,Medium (4-8)
10291,ما هو سن اليأس؟,4,Medium (4-8)
10294,أين تقع مغارة جعيتا؟,4,Medium (4-8)
10297,في أي عام تأسست هيئة الإذاعة الأمريكية أو أيه بي سي ؟,12,Long (9+)
10301,ماهو الاسم المشفر الذي أطلق على أول قنبلة ذرية ألقيت على مدينة هيروشيما اليابانية؟,14,Long (9+)
10306,من هو نمير نور الدين؟,5,Medium (4-8)
10314,هل جبل إلبروس هو بركان خامد؟,6,Medium (4-8)
10320,من هو مؤسس الفلسفة البراغماتية؟,5,Medium (4-8)
10330,متى يبلغ الإنسان عمر الشيخوخة؟,5,Medium (4-8)
10331,ما هي اكبر دولة منتجة للشاي في العالم؟,8,Medium (4-8)
10332,"من هو صاحب كتاب ""الشفاعة""؟",5,Medium (4-8)
10333,ما هي المادة الرمادية ؟,5,Medium (4-8)
10334,في أي عام أنشئ صندوق النقد الدولي؟,7,Medium (4-8)
10335,ما هي مواقع التراث العالمي؟,5,Medium (4-8)
10340,من هو جورج بيبودي؟,4,Medium (4-8)
10342,ما هي اقدم جامعة في أمريكا؟,6,Medium (4-8)
10361,ما هو التردد أو الذبذبة؟,5,Medium (4-8)
10366,متى ولد إسحاق نيوتن؟,4,Medium (4-8)
10368,كم يبلغ طول مترو الجزائر ؟,6,Medium (4-8)
10378,من هو مخرج فيلم افاتار؟,5,Medium (4-8)
10380,أين درست هالة شكرالله الدكتوراه؟,5,Medium (4-8)
10382,من هو جلال الدين منكبرتي؟,5,Medium (4-8)
10385,كم عدد ألوان العلم اليمني ؟,6,Medium (4-8)
10398,متى إنتهت الحرب الباردة ؟,5,Medium (4-8)
10401,ما هو الجسم الأحادي اللون؟,5,Medium (4-8)
10403,متى توفي ملك بريطانيا العظمى؟,5,Medium (4-8)
10415,ما هو العدوان الثلاثي على مصر؟,6,Medium (4-8)
10416,اين ولد الممثل شون كونري ؟,6,Medium (4-8)
10418,ماذا كان الهدف الرئيسي لمؤتمر برلين (13 يونيو - 13 يوليو 1878)؟,12,Long (9+)
10427,كم عدد الحروف في الأبجدية الرومية؟,6,Medium (4-8)
10438,هل هناك جهنم في المسيحية؟,5,Medium (4-8)
10444,اين توجد قبائل نجد؟,4,Medium (4-8)
10449,ما هي فصيلة السنوريات؟,4,Medium (4-8)
10451,متى تاسس التليفزيون المصري ؟,5,Medium (4-8)
10456,من أسس مشروع غوتنبرغ؟,4,Medium (4-8)
10459,ما هو الاسم الحقيقي لمارلين مونرو ؟,7,Medium (4-8)
10476,أين تقع جزيرة سومطرة؟,4,Medium (4-8)
10486,من هو جوزيه إدواردو دوس سانتوس؟,6,Medium (4-8)
10490,هل يتواجد التوأم في نفس المشيمة اثناء فترة الحمل؟,9,Long (9+)
10506,ما هي عاصمة  كرواتيا ؟,5,Medium (4-8)
10514,في أي عام ولد الأديب الأمريكي إرنست همنغواي؟,8,Medium (4-8)
10515,هل يوجد الغلوتين في بذرة القمح؟,6,Medium (4-8)
10516,هل منطقة برمودا هي جزء من المحيط الأطلسي؟,8,Medium (4-8)
10526,ماهو تعداد سكان المكسيك ؟,5,Medium (4-8)
10527,ماهو اسم البارجة الإسرائيلية التي دمرها حزب الله اللبناني في حرب تموز؟,12,Long (9+)
10529,متى تأسست الحضارة الرومانية؟,4,Medium (4-8)
10543,متى تأسس برنامج الأمم المتحدة الإنمائي ؟,7,Medium (4-8)
10552,كم كان عدد ضحايا تفجير سروج 2015 ؟,8,Medium (4-8)
10553,كم تبلغ مساحة ملبورن؟,4,Medium (4-8)
10563,ما هو قط الزباد ؟,5,Medium (4-8)
10573,ما هي الفسيفساء؟,3,Short (1-3)
10574,من هو آخر أباطرة إثيوپيا؟,5,Medium (4-8)
10576,كم عدد أعضاء فرقة مشروع ليلى ؟,7,Medium (4-8)
10582,كم  تبعد مجرة المرأة المسلسلة عن درب التبانة؟,8,Medium (4-8)
10590,ما هو مرض ذات الرئة؟,5,Medium (4-8)
10595,ما هي أول بطولة رسمية شاركت فيها إسبانيا؟,8,Medium (4-8)
10596,كم يبلغ طول فرس النهر البالغ ؟,7,Medium (4-8)
10601,متى عاش لينين؟,3,Short (1-3)
10606,متى ولد توم كروز؟,4,Medium (4-8)
10609,أين ولد الكاتب جاك لندن؟,5,Medium (4-8)
10616,مما تتكون النواة الداخلية للأرض؟,5,Medium (4-8)
10618,متى تم اختراع جهاز في إتش إس؟,7,Medium (4-8)
10624,متي توفي حمود بن عبد الله بن عقلاء؟,8,Medium (4-8)
10641,متى أصدرت  أغنية الجليد والنار؟,5,Medium (4-8)
10651,متى ولدت إميلي سارتين؟,4,Medium (4-8)
10653,من هو كاتب رواية الشيخ والبحر؟,6,Medium (4-8)
10664,ما هو مرض التوحد؟,4,Medium (4-8)
10665,ما هي أكبر دار نشر كتب باللغة الإنجليزية ؟,9,Long (9+)
10681,ما هو سفر المزامير؟,4,Medium (4-8)
10683,متى بدأت بطولة الألغاز العالمية؟,5,Medium (4-8)
10685,في أي عام تأسست شركة النشر الأمريكية مارفل كومكس؟,9,Long (9+)
10692,متى لعبت السعودية لأول مرة في كاس العالم؟,8,Medium (4-8)
10698,ماهي المدينة الحالية لحضرموت القديمة؟,5,Medium (4-8)
10710,ما هي أقرب مجرة كبيرة لمجرتنا؟,6,Medium (4-8)
10717,كم عدد الأبراج الفلكية ؟,5,Medium (4-8)
10722,هل سورة الأنعام إِحدى السور المكية الطويلة؟,7,Medium (4-8)
10728,متى ولد أسامة بن لادن؟,5,Medium (4-8)
10732,متي ولد جان دي لافونتين؟,5,Medium (4-8)
10738,من هو مؤسس شركة مايكروسوفت؟,5,Medium (4-8)
10739,من هو الصاحب بن عباد؟,5,Medium (4-8)
10743,هل تحالفت روسيا مع نظام بشار الأسد؟,7,Medium (4-8)
10746,أين يقع نهر التمز؟,4,Medium (4-8)
10754,كم تبلغ مساحة اقليم كردستان العراق؟,6,Medium (4-8)
10760,ما هي نظرية الخروج من أفريقيا؟,6,Medium (4-8)
10761,ما هي منظمة فريدم هاوس؟,5,Medium (4-8)
10764,ما هو أقرب المذاهب للمذهب المالكي؟,6,Medium (4-8)
10766,في أي عام انسحب الجيش الإسرائيلي وأعوانه فعلياً من جنوب لبنان؟,11,Long (9+)
10768,متى حكم شارلمان مملكة الفرنجة؟,5,Medium (4-8)
10772,ماهي اللغة الرسمية في الجزائر؟,5,Medium (4-8)
10774,كم عدد طبقات الأرض؟,4,Medium (4-8)
10785,ما هي الديانة الجاينيّة؟,4,Medium (4-8)
10786,ما هي عاصمة المغرب؟,4,Medium (4-8)
10791,من هو مراد الأول؟,4,Medium (4-8)
10806,متى ولدت سناء محيدلي؟,4,Medium (4-8)
10811,أين تقع مدرسة وقبة نجم الدين أيوب؟,7,Medium (4-8)
10823,ما هو التصوير العصبي؟,4,Medium (4-8)
10825,اين ولد الشاعرميخائيل نعيمة؟,4,Medium (4-8)
10846,ما هي العُضَيّة؟,3,Short (1-3)
10849,من هو مؤلف رواية هاملت ؟,6,Medium (4-8)
10862,من هو هوميروس؟,3,Short (1-3)
10868,ما هو مرض اليرقان ؟,5,Medium (4-8)
10870,كم عدد دول مجلس التعاون الخليجي ؟,7,Medium (4-8)
10878,هل الاسفنج نبات أم حيوان ؟,6,Medium (4-8)
10892,أين تقع الكوفة؟,3,Short (1-3)
10897,"من هي جماعة ""كو كلوكس كلان""؟",6,Medium (4-8)
10899,هل يمكن سحب الفضة؟,4,Medium (4-8)
10912,في أي عام تأسست الكشافة الأمريكية؟,6,Medium (4-8)
10913,ما جنسية الطبيب أرنست جرافنبرج؟,5,Medium (4-8)
10922,هل تشكل سلمونيلا أبواغاً ؟,5,Medium (4-8)
10927,"من هو مؤلف كتاب "" الحب الفاضل "" ؟",9,Long (9+)
10930,ما هي ميدالية فيلدز؟,4,Medium (4-8)
10936,من هو صاحب كتاب الإخوة كارامازوف ؟,7,Medium (4-8)
10945,كم يعيش الدرّة أو الطائر الطيّب؟,6,Medium (4-8)
10947,أين ولد جورج وينت هينسلي؟,5,Medium (4-8)
10966,ما هي اهم موارد جمهورية كازاخستان الاقتصادية ؟,8,Medium (4-8)
10977,من هو وودرو ويلسون؟,4,Medium (4-8)
10979,كيف تعمل تقنية الطباعة الضوئية ؟,6,Medium (4-8)
11004,متى عاش غلام رضا خان بن حسين؟,7,Medium (4-8)
11008,ماهى اللغة المتكلم بها في إيران ؟,7,Medium (4-8)
11013,أين وقعت حادثة انهيار منجم كوبيابو؟,6,Medium (4-8)
11025,متى توفي عبد الرحمن بن عوف ؟,7,Medium (4-8)
11028,أين تقع مدينة كوناكت؟,4,Medium (4-8)
11032,متى ولد عادل الجبير ؟,5,Medium (4-8)
11033,متى أزيح الملك فاروق من السلطة ؟,7,Medium (4-8)
11036,هل سورة محمد هي سورة مكية ؟,7,Medium (4-8)
11041,متى عاش آرييل شارون؟,4,Medium (4-8)
11044,من هم قوم ثمود ؟,5,Medium (4-8)
11055,متى تم توقيع اتفاقية اوسلو؟,5,Medium (4-8)
11069,ما هي الشبكة العنكبوتية ؟,5,Medium (4-8)
11075,كم تبعد  مدينة المحلة الكبرى على مدينة الإسكندرية ؟,9,Long (9+)
11081,هل كان المستكشف أمريكو فسبوتشي ايطالياً؟,6,Medium (4-8)
11082,أين ولد محمد بن الحسن الثاني ؟,7,Medium (4-8)
11084,هل تنتمي ألبانيا للإتحاد الأوروبي؟,5,Medium (4-8)
11093,من كان قائد الأسطول الفرنسي في معركة أبو قير البحرية؟,10,Long (9+)
11095,هل ستحل السيارات الكهربائية محل السيارات العادية في المستقبل القريب؟,10,Long (9+)
11108,ما هي الشركة القابضة؟,4,Medium (4-8)
11115,متى ولد الشيخ حسونة النواوي؟,5,Medium (4-8)
11116,ما هو وحش جيلا؟,4,Medium (4-8)
11117,من هم الهنود الحمر؟,4,Medium (4-8)
11119,ما نسبة  المسلمين في تركيا  حاليا؟,6,Medium (4-8)
11121,اين تقع مدينة الشيخ زايد؟,5,Medium (4-8)
11129,في أي دولة تقع (سمرقند) حالياً؟,6,Medium (4-8)
11140,متى توفي محمد عز الدين بن عبد القادر القسام؟,9,Long (9+)
11146,ما هي قومية الهان؟,4,Medium (4-8)
11151,متى تكونت الجمهورية في لبنان؟,5,Medium (4-8)
11154,كم مساحة زامبيا؟,3,Short (1-3)
11161,في أي محافظة ايرانية تقع آباده؟,6,Medium (4-8)
11164,ما هي الكا ؟,4,Medium (4-8)
11166,من هو ستان لي ؟,5,Medium (4-8)
11171,من هو مؤسس جامعة موسكو الحكومية؟,6,Medium (4-8)
11179,هل يحتوي الغلاف الجوي على غاز الآرغون؟,7,Medium (4-8)
11183,ما هي الألواح الضوئية؟,4,Medium (4-8)
11188,ما هي مساحة إمارة دبي؟,5,Medium (4-8)
11193,ماهي عاصمة اليونان؟,3,Short (1-3)
11198,هل يعتبر البهاق من الأمراض الوراثية ؟,7,Medium (4-8)
11200,ما هي الديمقراطية؟,3,Short (1-3)
11204,في أي عام تأسست شركة بي إم دبليو؟,8,Medium (4-8)
11208,ما طول سواحل لبنان؟,4,Medium (4-8)
11210,ماهي مساحة اليمن ؟,4,Medium (4-8)
11213,من هو نيكولا بوالو؟,4,Medium (4-8)
11220,كم تبلغ مساحة جمهورية ألبانيا ؟,6,Medium (4-8)
11226,ما هو الحكم الثيوقراطي؟,4,Medium (4-8)
11229,أين تقع جزيرة نيوفندلاند ؟,5,Medium (4-8)
11230,ما هي الكاماسوترا؟,3,Short (1-3)
11235,من هم الآباء المؤسسون للولايات المتحدة؟,6,Medium (4-8)
11237,مم يتألف الكونغرس الأمريكي؟,4,Medium (4-8)
11239,ما هي العصور الوسطى ؟,5,Medium (4-8)
11246,من هو مؤسس جماعة الحشاشين ؟,6,Medium (4-8)
11247,من العالم الذي وضع نظرية الانفجار العظيم؟,7,Medium (4-8)
11251,ما هو عدد شهر ذي الحجة في الأشهر القمرية؟,9,Long (9+)
11257,ما هي عاصمة الهند ؟,5,Medium (4-8)
11266,من هو جمال الدين الأفغاني؟,5,Medium (4-8)
11273,متى بدأت سلسلة عائلة سيمبسون؟,5,Medium (4-8)
11277,كم يبلغ عدد العضلات في جسم الإنسان ؟,8,Medium (4-8)
11282,في أي عام ولدت الممثلة المصرية حنان ترك؟,8,Medium (4-8)
11289,من كان العدّو الرئيسي لباتمان؟,5,Medium (4-8)
11290,كم عدد الجزرالتابعة لأندونيسيا؟,4,Medium (4-8)
11305,ما هي الهالوجينات ؟,4,Medium (4-8)
11306,من هو مخرج فيلم الرسالة؟,5,Medium (4-8)
11318,ماهو اسم الإمبراطورالحالي لليابان؟,4,Medium (4-8)
11319,ما هي نسبة البروتوستانت في سويسرا؟,6,Medium (4-8)
11335,ماهو تعداد سكان مدينة الفاتيكان ؟,6,Medium (4-8)
11353,من هو مخرج فيلم تذكار؟,5,Medium (4-8)
11358,متى تأسست حركة حماس العراق؟,5,Medium (4-8)
11360,ما هي الانكشارية ؟,4,Medium (4-8)
11363,ماذا يعني إرهاب الدولة ؟,5,Medium (4-8)
11368,ما هو العدد الذري في الكيمياء؟,6,Medium (4-8)
11369,على أي مقاطعة كان يطلق اسم  بروسيا؟,7,Medium (4-8)
11371,متى ولد نجيب محفوظ؟,4,Medium (4-8)
11401,ما هو أكبر مفصل في الجسم البشري؟,7,Medium (4-8)
11410,متى تأسست القوات الجوية الأمريكيّة؟,5,Medium (4-8)
11411,متى تم بناء قلعة حلب؟,5,Medium (4-8)
11414,هل تعتبر الأعاصير مهددة للحياة ؟,6,Medium (4-8)
11415,ما هي عملية التقاط النيوترون السريعة؟,6,Medium (4-8)
11417,من مكتشف دواء داء الكلب؟,5,Medium (4-8)
11418,ما هي اللّائكية؟,3,Short (1-3)
11443,من هو دنيس ديدرو؟,4,Medium (4-8)
11456,كم دامت سنة الدولة المرابطية؟,5,Medium (4-8)
11457,من أسس  الإمبراطورية البيزنطية؟,4,Medium (4-8)
11469,متي تم إنشاء الولايات المتحدة الامريكية ؟,7,Medium (4-8)
11473,متى تاسست جامعة السوربون؟,4,Medium (4-8)
11476,ما  تأثيرتقدم السن على الذاكرة ؟,6,Medium (4-8)
11479,متى تاسست الدولة الأموية؟,4,Medium (4-8)
11488,ماذا يحد إثيوبيا من جهة الشرق؟,6,Medium (4-8)
11489,متى تم إغتيال محمد براهمي ؟,6,Medium (4-8)
11503,متى تولت مارغريت هيلدا منصب رئيسة الوزراء البريطانية ؟,9,Long (9+)
11507,متى تأسست روما البيزانطينية ؟,5,Medium (4-8)
11514,اين ولد الامام البخاري؟,4,Medium (4-8)
11515,أين تقع بحيرة طبريه؟,4,Medium (4-8)
11521,في أي عام  وقعت حادثة انهيار منجم كوبيابو؟,8,Medium (4-8)
11522,متى تاسس سوق دبي المالي؟,5,Medium (4-8)
11524,متى تم انطلاق موقع (أمازون) عبر الانترنت لأول مرة؟,9,Long (9+)
11542,متى تم اصدار اول فلم من سلسلة افلام مجزرة منشار تكساس؟,11,Long (9+)
11546,أين يقع جبل الجولان؟,4,Medium (4-8)
11547,ما هي بلازما الدم؟,4,Medium (4-8)
11549,أين تقع جزيرة غوريه؟,4,Medium (4-8)
11557,ما الاسم الحقيقي  للمصارع الأندرتيكر؟,5,Medium (4-8)
11559,ما هي فرقة الخدمات الوقائية الأمريكية؟,6,Medium (4-8)
11561,ما هو الموطن الأصلي لحيوان فرس النهر ؟,8,Medium (4-8)
11563,ما هو البيغماتيت؟,3,Short (1-3)
11566,كم عدد سنوات التعليم الجامعي قطاع الطب في جامعة طرابلس ؟,11,Long (9+)
11570,ما هي عاصمة جمهورية سيشل؟,5,Medium (4-8)
11579,من هو مؤسس شركة أوراكل؟,5,Medium (4-8)
11580,متى ولد إدوارد وديع سعيد مُنظر؟,6,Medium (4-8)
11583,هل ممارسة الجنس الدبري خطراً ؟,6,Medium (4-8)
11597,اين توجد مدينة حيدر آباد؟,5,Medium (4-8)
11598,ما هو الأَسْبِرِين؟,3,Short (1-3)
11609,من هو مؤسس  الجمعية الوطنية لأبحاث وعلاج المثلية الجنسية في الولايات المتحدة؟,12,Long (9+)
11610,من أسس   الامبراطورية الكارولنجية؟,4,Medium (4-8)
11611,من هو يوسيفوس فلافيوس؟,4,Medium (4-8)
11613,ما هو اسم أول ألبوم اطلقته نيللي فرتادو باللغة الاسبانية؟,10,Long (9+)
11624,متى تأسس الاتحاد المصري لتنس الطاولة؟,6,Medium (4-8)
11625,أين يقع نهر كولومبيا؟,4,Medium (4-8)
11642,متى تم إكتشاف مرض السرطان؟,5,Medium (4-8)
11643,ما هو اقوى جيش في العالم حاليا ؟,8,Medium (4-8)
11655,ما هي كرادة مريم أو الكرادة الغربية؟,7,Medium (4-8)
11660,أين تقع مدريد؟,3,Short (1-3)
11663,أين ولد ابن الأثير الجزري؟,5,Medium (4-8)
11664,من هو أبو عبد الله القضاعي؟,6,Medium (4-8)
11666,"ما معنى اسم  ""ليلى""؟",4,Medium (4-8)
11668,في أي عام ولدت أماندا بيت ؟,7,Medium (4-8)
11669,أين قامت مملكة فالنسيا؟,4,Medium (4-8)
11670,من هو مؤلف معجم البلدان؟,5,Medium (4-8)
11672,هل كانت ثورة فلسطين الكبرى ضد الإحتلال البريطاني؟,8,Medium (4-8)
11680,ما أكبر مصدر لزيت النخيل في عام 2010؟,8,Medium (4-8)
11683,متى قتل أسامة بن لادن؟,5,Medium (4-8)
11698,من هو حسين هرموش؟,4,Medium (4-8)
11703,ما هي متلازمة جريسيل؟,4,Medium (4-8)
11709,ما هو السعال الديكي؟,4,Medium (4-8)
11736,متى قامت المملكة المتوكلية في اليمن؟,6,Medium (4-8)
11739,من هو مصمم موقع ويكيبيديا ؟,6,Medium (4-8)
11745,من فاز بنهائي كأس العالم لكرة القدم 2006؟,8,Medium (4-8)
11748,أين يوجد مسجد الفتاح العليم ؟,6,Medium (4-8)
11753,ما هو الفن الجزيري؟,4,Medium (4-8)
11755,متى توفي شكري القوتلي؟,4,Medium (4-8)
11766,متى توفي معاذ بن جبل ؟,6,Medium (4-8)
11769,متى ولد ابن البيطار ؟,5,Medium (4-8)
11770,ما هي جماعات الضغط؟,4,Medium (4-8)
11787,ما هي الأمونيا؟,3,Short (1-3)
11789,هل يمكن للمياه الملوثة التسبب في الوفاة ؟,8,Medium (4-8)
11791,متى انتهت الامبراطورية الرومانية ؟,5,Medium (4-8)
11807,متى تم بناء المدرسة المستنصرية؟,5,Medium (4-8)
11810,من هو علمدار مصطفى باشا؟,5,Medium (4-8)
11821,هل هناك إنتخابات  في الإمارات العربية المتحدة؟,7,Medium (4-8)
11828,أين ولد الشيخ محمد بن الحبيب البوزيدي ؟,8,Medium (4-8)
11831,من هو مالكوم إكس؟,4,Medium (4-8)
11836,متى ولد علي بن أبي طالب ؟,7,Medium (4-8)
11851,ما هي أنفلونزا الخنازير؟,4,Medium (4-8)
11852,أين تقع مدينة خيخون؟,4,Medium (4-8)
11857,في أي سنة كانت ثورة نوفمبر الألمانية؟,7,Medium (4-8)
11860,ما هي اتفاقية السرية و عدم الافشاء؟,7,Medium (4-8)
11871,"من هو مخرج مسلسل "" الزير سالم "" ؟",9,Long (9+)
11873,متى صدر مسلسل جريس اناتومي ؟,6,Medium (4-8)
11874,متى ولد عبد السلام المجالي؟,5,Medium (4-8)
11876,متى فازت حركة حماس بالانتخابات؟,5,Medium (4-8)
11882,ما هي الأعصاب الحسية؟,4,Medium (4-8)
11902,متي ولد الزُّبَيْرُ بن العَوَّام؟,5,Medium (4-8)
11905,ما هي إدارة المشاريع ؟,5,Medium (4-8)
11909,متى توفي الأميرة البريطانية ديانا؟,5,Medium (4-8)
11911,من هو مبتكر خط الرقعة؟,5,Medium (4-8)
11916,متى وقعت حادثة صبرا وشاتيلا ؟,6,Medium (4-8)
11918,من هو أوّل من اكتشف عنصر الأكسجين كعنصر كيميائي مستقلّ ؟,11,Long (9+)
11920,من هو مخترع التلغراف ؟,5,Medium (4-8)
11922,هل تعد موناكو إمارة فرنسية مستقلة؟,6,Medium (4-8)
11931,متى قتل الصبي الفلسطيني محمد الدرة؟,6,Medium (4-8)
11935,ما هي الكاميليا؟,3,Short (1-3)
11942,ما هو الغاز الطبيعي المسال؟,5,Medium (4-8)
11957,أين تقع مملكة ددان؟,4,Medium (4-8)
11964,من هو شرحبيل بن عمرو الغساني؟,6,Medium (4-8)
11975,متى اعلن قيام جمهورية روسيا السوفيتية الاتحادية؟,7,Medium (4-8)
11984,ما هي مذابح سيفو؟,4,Medium (4-8)
11992,ما هي العاطفة في التعريف العام؟,6,Medium (4-8)
11993,متى نشأت  شركة طيران  جرينلاند؟,5,Medium (4-8)
11997,أين تقع جزيرة سانتوريني؟,4,Medium (4-8)
12009,ما هي ثالث أكبر ديانة في العالم  بعد المسيحية والإسلام؟,10,Long (9+)
12011,ما هي مدة الحمل عند الأرنب ؟,7,Medium (4-8)
12012,في أي عام للهجرة وقعت غزوة العشيرة؟,7,Medium (4-8)
12014,من هو عبد الله بن مسعود؟,6,Medium (4-8)
12017,الى توفي الملك فاروق؟,4,Medium (4-8)
12022,متى ولد الرئيس التركي رجب طيب أردوغان؟,7,Medium (4-8)
12034,أين يقع جامع الأزهر ؟,5,Medium (4-8)
12037,من هو مؤسس شركة أديداس الرياضية ؟,7,Medium (4-8)
12041,أين تقع مدينة كيل؟,4,Medium (4-8)
12051,ماهو تعداد سكان دولة الكويت ؟,6,Medium (4-8)
12057,هل سلطنة عمان بلد ساحلي؟,5,Medium (4-8)
12063,اين ولد سيبويه؟,3,Short (1-3)
12066,ما جنسية  جان جاك روسو؟,5,Medium (4-8)
12082,أين يقع نهر الكونغو؟,4,Medium (4-8)
12094,هل الضفدع من الفقريات؟,4,Medium (4-8)
12104,متي توفي يوربيديس ؟,4,Medium (4-8)
12116,متى حدث الغزو العراقي للكويت؟,5,Medium (4-8)
12129,ما هو التوحد ؟,4,Medium (4-8)
12138,أين يقع نهر يوروتاس؟,4,Medium (4-8)
12139,هل استئصال المبيض يزيد من خطر الإصابة بهشاشة العظام؟,9,Long (9+)
12151,متى ولدت العارضة كيندال جينر؟,5,Medium (4-8)
12157,هل يحوي العنب على فيتامين ب؟,6,Medium (4-8)
12160,من هو مارتن لوثر كينغ ؟,6,Medium (4-8)
12162,ما هو الرقم الذري لعنصر الالمنيوم ؟,7,Medium (4-8)
12165,ما هي الأطراف التي تنازعت في معركة اليرموك؟,8,Medium (4-8)
12166,في أي عام تم إنتاج مسلسل جريمة شغف؟,8,Medium (4-8)
12169,متى ولد مارتن لوثر كينغ الابن؟,6,Medium (4-8)
12172,من هو أول رئيس لبناني بعد الإستقلال؟,7,Medium (4-8)
12174,ماذا كانت مهنة غريس كيلي قبل زواجها من أمير موناكو؟,10,Long (9+)
12184,ماهى مساحة إسبانيا ؟,4,Medium (4-8)
12196,هل يعيش النمر الصيّاد في إفريقيا؟,6,Medium (4-8)
12203,ما هو سفر أعمال الرسل؟,5,Medium (4-8)
12204,ما هي جرائم ذوي الياقات البيضاء؟,6,Medium (4-8)
12205,متى يقال عن لاعب كرة المضرب إنه اكتسب البطولات الكبرى في سنة عظمى ؟,14,Long (9+)
12209,ماهي الصهيونية ؟,3,Short (1-3)
12213,أين يقع إقليم الحجاز؟,4,Medium (4-8)
12220,من بنى مسجد صلاح الدين الايوبي ؟,7,Medium (4-8)
12221,"من هو صاحب مقولة "" أنا أشك إذاً أنا موجود "" ؟",12,Long (9+)
12224,ما هي عاصمة كوريا الجنوبية؟,5,Medium (4-8)
12225,متى بدأت  فترة حكم  الخلفاء الراشدين ؟,7,Medium (4-8)
12226,كم عدد سكان جزيرة صقلية ؟,6,Medium (4-8)
12234,متى تولى أنثوني إيدن وزارة الخارجية في وزارة الحرب؟,9,Long (9+)
12246,من هو مؤلف رواية الآباء والبنون ؟,7,Medium (4-8)
12249,متى فقد آندريا بوتشيلي نظره؟,5,Medium (4-8)
12259,ما هي اليهودية الأرثوذكسية؟,4,Medium (4-8)
12260,ما هي فراسة الدماغ؟,4,Medium (4-8)
12266,متى أبرمت معاهدات تيليست؟,4,Medium (4-8)
12279,ما هي الإنزيمات؟,3,Short (1-3)
12282,اين توجد مدينة كورك؟,4,Medium (4-8)
12285,متى تأسست شركة غلاكسو سميث كلاين؟,6,Medium (4-8)
12293,اين يوجد ميناء جبل علي؟,5,Medium (4-8)
12295,اين تقع مدينة نجران؟,4,Medium (4-8)
12296,من هو ثالث رئيس لجمهورية مصر العربية ؟,8,Medium (4-8)
12298,ما هو الانتباذ البطاني الرحمي؟,5,Medium (4-8)
12314,هل ارمينيا دولة مستقلة ؟,5,Medium (4-8)
12320,ما هو فيروس متعلق بفيروس ابيضاض الدم الجرذي غريب التوجه؟,10,Long (9+)
12329,متى تاسست مملكة البرازيل؟,4,Medium (4-8)
12333,ما أول سورة نزلت في القرآن؟,6,Medium (4-8)
12335,لأي محافظة إيرانية تتبع مدينة عبادان؟,6,Medium (4-8)
12340,هل يفرز هرمون الاستروجين من المبيض؟,6,Medium (4-8)
12347,متى أقيم الاتحاد الجمركي الألماني؟,5,Medium (4-8)
12349,ما هي اقدم جريدة عراقية؟,5,Medium (4-8)
12351,أين تقع مدينة المكلا ؟,5,Medium (4-8)
12356,كيف يمكن تجنب الحساسية الربيعية ؟,6,Medium (4-8)
12359,متى توفي أبو عبد الله سفيان بن سعيد بن مسروق الثوري ؟,12,Long (9+)
12366,من هو أول الأئمة الأربعة عند أهل السنة والجماعة؟,9,Long (9+)
12369,أين ولد الإمبراطور لوشيوس سيبتموس سيفيروس؟,6,Medium (4-8)
12373,من هو أوغست كونت ؟,5,Medium (4-8)
12379,هل يعتبر الجلوكوز من السكريات الأحادية؟,6,Medium (4-8)
12384,كم تبعد محافظة كركوك على بغداد؟,6,Medium (4-8)
12392,في أي عام تم احتلال القوات الإسرائيلية لجنوب لبنان؟,9,Long (9+)
12394,من هو أمل دنقل ؟,5,Medium (4-8)
12399,ما هو الزلط؟,3,Short (1-3)
12415,في أي عام تم خوض معركة أكتيوم البحرية؟,8,Medium (4-8)
12440,من هو فريدريك شوبان؟,4,Medium (4-8)
12454,من هو لودفيج هولبرج؟,4,Medium (4-8)
12455,ما هي التيروصورات؟,3,Short (1-3)
12459,متى نشأت جمهورية الصين الشعبية؟,5,Medium (4-8)
12472,كم عدد خطوط الطول؟,4,Medium (4-8)
12480,متى تاسست الإمبراطورية الروسية؟,4,Medium (4-8)
12481,من كاتب أغنية ألف ليلة وليلة؟,6,Medium (4-8)
12482,كم تبلغ درجة حرارة اللب الداخلي للأرض؟,7,Medium (4-8)
12488,ما هوأول فريق لعب له أحمد سعد عجب العازمي؟,9,Long (9+)
12500,هل الخمر محرّم في الإسلام حسب الفقه في القرآن؟,9,Long (9+)
12509,متى قامت ثورة فلسطين الكبرى؟,5,Medium (4-8)
12510,ما هي الكتيبة الطيبية؟,4,Medium (4-8)
12519,ما أطول جبل في  جزيرة  صقلية ؟,7,Medium (4-8)
12524,من هو لويس بوزان؟,4,Medium (4-8)
12526,ما هي الخلية الليفية اليافعة؟,5,Medium (4-8)
12530,متى تولى الفونسو الثالث عشر عرش اسبانيا؟,7,Medium (4-8)
12535,من هم المسلمون بلا طائفة؟,5,Medium (4-8)
12536,أين تقع إسبانيا ؟,4,Medium (4-8)
12540,ماهى مخاطر عملية الساد ؟,5,Medium (4-8)
12545,اين يوجد ميدان تيانمين؟,4,Medium (4-8)
12553,في أي اختصاص تحمل أنغيلا ميركل شهادة دكتوراه؟,8,Medium (4-8)
12556,ما هو التحصين؟,3,Short (1-3)
12560,لأي محافظة سورية تتبع قرية الخرسان ؟,7,Medium (4-8)
12563,"من مؤلف رواية "" مدن الملح "" ؟",8,Medium (4-8)
12571,متى تأسست ولاية الغال الإمبراطورية؟,5,Medium (4-8)
12572,أين تقع العَضَلَة الظُنبوبية الخَلفية؟,5,Medium (4-8)
12574,متى تم إنشاء تلفيزيون الكويت؟,5,Medium (4-8)
12597,متى تاسست الدولة العباسية ؟,5,Medium (4-8)
12605,ما هو المذهب المالكي ؟,5,Medium (4-8)
12607,هل تدخلت المملكة السعودية في الأزمة السورية ؟,8,Medium (4-8)
12615,هل تؤدي متلازمة نفق عظم الكَعْب إلى تَوَرُّم الأقدام؟,9,Long (9+)
12625,كم عدد طائرات شركة طيران  جرينلاند؟,6,Medium (4-8)
12643,من  عروج بربروس ريس؟,4,Medium (4-8)
12646,أين تقع مدينة فونزيدل؟,4,Medium (4-8)
12649,من هو آخر رئيس للاتحاد السوفييتي قبل انهياره؟,8,Medium (4-8)
12651,ما هي القبلة عند المسلمين؟,5,Medium (4-8)
12655,ما هو أقدم معهد بحثي ومتحف للتاريخ الطبيعي في العالم الجديد؟,11,Long (9+)
12657,أين تقع مدينة سلفيت؟,4,Medium (4-8)
12660,متى تاسس دار شانيل للازياء؟,5,Medium (4-8)
12665,كم يبلغ طول الأمعاء الغليظة عند النساء ؟,8,Medium (4-8)
12669,لأي غرض نشأة الأمم المتحدة ؟,6,Medium (4-8)
12670,هل يقتل المثلي أو المثليه في الإسلام ؟,8,Medium (4-8)
12671,متى كانت حرب تموز في لبنان؟,6,Medium (4-8)
12672,كم يبلغ ارتفاع جبال القوقاز ؟,6,Medium (4-8)
12680,ما هي الثقة بالنفس ؟,5,Medium (4-8)
12692,أين تقع مدينة أوليانوفسك؟,4,Medium (4-8)
12705,في أي عام تم انقلاب البعث في سوريا؟,8,Medium (4-8)
12709,هل سبق و عاش الفينيقيون في المغرب العربي؟,8,Medium (4-8)
12712,ما هو اختلال الصيغة الصبغية؟,5,Medium (4-8)
12714,ما هي الكيمياء الكمومية؟,4,Medium (4-8)
12720,عن أية أبجدية تنحدر الأبجدية الآرامية؟,6,Medium (4-8)
12721,من هو مؤسس أصول الفلسفة الحديثة ؟,7,Medium (4-8)
12723,هل الكرملين اسم منطقة في روسيا؟,6,Medium (4-8)
12727,في كم مدينة حول العالم تتم طباعة صحيفة فاينانشال تايمز؟,10,Long (9+)
12729,متى يحتفل المسيحيون بعيد القديس نقولا؟,6,Medium (4-8)
12730,ما هي أقدم الجامعات السورية ؟,6,Medium (4-8)
12739,أين تفع الغدة الصعترية في جسم الانسان؟,7,Medium (4-8)
12754,من هو توماس هاردي؟,4,Medium (4-8)
12755,كم تبلغ مساحة محافطة حضرموت اليمنية؟,6,Medium (4-8)
12758,متى تولى السلطان سليمان حكم العثمانيين؟,6,Medium (4-8)
12764,ما هي اتفاقية بريتون وودز؟,5,Medium (4-8)
12782,أين تقع هولندا ؟,4,Medium (4-8)
12784,متى ولد دايفيد بيكهام ؟,5,Medium (4-8)
12787,اين ولد بروس لي؟,4,Medium (4-8)
12790,متى ولد مصطفى كمال أتاتورك؟,5,Medium (4-8)
12793,ما هي حضارة الأنكا ؟,5,Medium (4-8)
12804,من هي حواء الميتوكوندرية؟,4,Medium (4-8)
12821,كم عدد أنواع إضطراب الشخصية ؟,6,Medium (4-8)
12829,من هو حسين مؤنس؟,4,Medium (4-8)
12836,كم عدد المحافظات المصرية؟,4,Medium (4-8)
12841,أين تقع غدة المهاد ؟,5,Medium (4-8)
12842,ما هي اعلى قمة جبلية في سلطنة عمان؟,8,Medium (4-8)
12849,ما  نسبة استهلاك المحركات النفاثة من الاستهلاك العالمي؟,8,Medium (4-8)
12866,ما هو نوع الحكم في كردستان العراق؟,7,Medium (4-8)
12875,أين وقعة حرب البوير الثانية ؟,6,Medium (4-8)
12880,ما هي زخة الشهب؟,4,Medium (4-8)
12889,اين تقع صخرة الروشة؟,4,Medium (4-8)
12898,أين يقع حصن غمدان ؟,5,Medium (4-8)
12902,ما هو الفيتامين الذي يسبب نقصه مرض الكساح عند الأطفال ؟,11,Long (9+)
12910,من هو غريغور يوهان مندل؟,5,Medium (4-8)
12918,من هو آخر خلفاء الدولة الاموية ؟,7,Medium (4-8)
12920,أين تقع كولومبيا؟,3,Short (1-3)
12921,متى تم اختراع الطائرة؟,4,Medium (4-8)
12939,متى تم إطلاق أول مسبار فضائي إلى المريخ؟,8,Medium (4-8)
12944,اين يقغ خان اسعد باشا ؟,6,Medium (4-8)
12947,أين ولد أرسطو ؟,4,Medium (4-8)
12949,من هو عمرو بن معد يكرب؟,6,Medium (4-8)
12963,ما هو الكيراتين؟,3,Short (1-3)
12967,ما هو نظام الحكم في  جمهورية الصين الشعبية؟,8,Medium (4-8)
12971,من هو أول رئيس منتخب في تونس بعد ثورة 2011 ؟,11,Long (9+)
12982,ما هي الديناميكية النفسية؟,4,Medium (4-8)
12983,هل السنوريات هي من الثديات؟,5,Medium (4-8)
12987,متى ولدة الأميرة شارلوت ؟,5,Medium (4-8)
13005,من هو أدريانوا جيانوني؟,4,Medium (4-8)
13011,أين يقع مقر نادي بوكا جونيورز الرياضي ؟,8,Medium (4-8)
13013,ما هي مساحة إيطاليا؟,4,Medium (4-8)
13018,هل الديانات السماوية نفسها الإبراهيمية؟,5,Medium (4-8)
13031,أين توفي بيل پاكستون ؟,5,Medium (4-8)
13034,من الفائز بغزوة الخندق؟,4,Medium (4-8)
13039,من اين يستخرج التبغ؟,4,Medium (4-8)
13043,من هو سقراط ؟,4,Medium (4-8)
13046,أين كانت عملة الصوليدوس متداولة؟,5,Medium (4-8)
13047,ما اسم الهرمون المسؤول عن لون البشرة ؟,8,Medium (4-8)
13049,من هو الموسيقي مؤلف كسارة البندق؟,6,Medium (4-8)
13052,كم عدد ألوان علم المثلية ؟,6,Medium (4-8)
13056,ما الغذاء الرئيسي للنمل الأبيض؟,5,Medium (4-8)
13059,ما معنى فرض عين؟,4,Medium (4-8)
13062,متى توفي المهاتما غاندي؟,4,Medium (4-8)
13066,كم تبلغ مساحة تونس؟,4,Medium (4-8)
13067,من هو روبرت كوخ؟,4,Medium (4-8)
13069,من اخترع البطاطا المقلية؟,4,Medium (4-8)
13092,أين تقع مدينة وايت ريفر؟,5,Medium (4-8)
13097,كم ترتفع مدينة معلولا السورية عن سطح البحر ؟,9,Long (9+)
13099,من هو إسخيلوس؟,3,Short (1-3)
13102,من هو سرجون الاكدي؟,4,Medium (4-8)
13108,من أدى صوت بارت سيمبسون في مسلسل عائلة سيمبسون؟,9,Long (9+)
13112,متى أٌُُُنشأ الجامع الأموي في دمشق؟,6,Medium (4-8)
13113,من هو عباس بن فرناس؟,5,Medium (4-8)
13115,من هو تشارلز ديكنز؟,4,Medium (4-8)
13118,ما هو أعلى جبل على وجه الأرض؟,7,Medium (4-8)
13131,متى ولد الطبيب فردريك بانتنغ؟,5,Medium (4-8)
13134,أين ولد الفارابي؟,3,Short (1-3)
13142,من هو جوليان أسانج؟,4,Medium (4-8)
13168,متى تم تاسيس الجامعة العربية؟,5,Medium (4-8)
13175,كم يبلغ تعداد سكان مدينة كيوتو اليابانية ؟,8,Medium (4-8)
13178,ما هو القرص المضغوط أو المدمج؟,6,Medium (4-8)
13179,متي يحتفل بعيد الميلاد ؟,5,Medium (4-8)
13183,متى نشأة عادة الزواج القسري ؟,6,Medium (4-8)
13185,متى توفيت ديان فوسي ؟,5,Medium (4-8)
13186,متى قامت منظمة اليونيسيف التابعة للأمم المتحدة بإصدار إعلان حقوق الطفل؟,11,Long (9+)
13200,ماهو تعداد سكان دولة الإمارات العربية ؟,7,Medium (4-8)
13201,هل ترتبط الزمر ارتباطًا أساسيًّا بفكرة التناظر في الرياضيات؟,9,Long (9+)
13213,ما هي مساحة صقلية ؟,5,Medium (4-8)
13215,ما هو الورم البرولاكتيني؟,4,Medium (4-8)
13219,ماهى العجلة ؟,3,Short (1-3)
13223,متى ولدت اللبنانية مريم نور؟,5,Medium (4-8)
13224,أين تقع مدينة نزوى ؟,5,Medium (4-8)
13232,متى توفي ياسر عرفات ؟,5,Medium (4-8)
13235,ماهو تعداد سكان محافظة حلب ؟,6,Medium (4-8)
13237,أين يقع سد دربندخان؟,4,Medium (4-8)
13255,"متى إنتهى عرض أنمي ""ناروتو شيبودن"" ؟",7,Medium (4-8)
13259,كم تبلغ مساحة كوريا الشمالية؟,5,Medium (4-8)
13276,متى ولد مايكل شون هكنبوتم؟,5,Medium (4-8)
13280,كم عدد الأهداف التي سجلها اللاعب واين روني مع منتخب بلاده؟,11,Long (9+)
13283,ماهى مساحة الجُمهُورِيَّة البُولندِيَّة ؟,5,Medium (4-8)
13285,أين تقع ولاية البويرة؟,4,Medium (4-8)
13286,أين تقع مدينة زيورخ؟,4,Medium (4-8)
13293,من هو ألبرت باريل؟,4,Medium (4-8)
13306,ما هو البيون في فيزياء الجسيمات؟,6,Medium (4-8)
13311,كم استمرت فترة الحكم العثماني على اليمن؟,7,Medium (4-8)
13327,متى بدأت معركة الطرف الأغر؟,5,Medium (4-8)
13329,متى تأسست كلية غريشام؟,4,Medium (4-8)
13331,اين ولد كريستانو رونالدو ؟,5,Medium (4-8)
13335,ما هو الأيزو 9000 ؟,5,Medium (4-8)
13340,كم تبلغ مساحة بييمونتي؟,4,Medium (4-8)
13342,اين توجد مدينة القيروان؟,4,Medium (4-8)
13354,أين يقع جبل الدروز؟,4,Medium (4-8)
13360,ما هو اضطراب الشخصية النرجسية؟,5,Medium (4-8)
13380,ماهو تعداد سكان السويد ؟,5,Medium (4-8)
13383,متى تأسس المجلس الأعلى الإسلامي العراقي؟,6,Medium (4-8)
13396,ما معنى كلمة التلمود بالعبرية؟,5,Medium (4-8)
13404,أين تقع مدينة يافع ؟,5,Medium (4-8)
13413,متى تاسس معهد ماساتشوستس للتكنولوجيا؟,5,Medium (4-8)
13423,من مؤسس التويتر ؟,4,Medium (4-8)
13427,من هو بول ألين؟,4,Medium (4-8)
13428,هل تسقط بؤرة الضوء أمام الشبكية في الحسر؟,8,Medium (4-8)
13433,أين تقع مدينة أبوقير ؟,5,Medium (4-8)
13436,ما هي نسبة الاكسجين في الانسان البالغ ؟,8,Medium (4-8)
13438,أين صنع أول حاسوب؟,4,Medium (4-8)
13441,متى ولد السياسي اللبناني كمال جنبلاط؟,6,Medium (4-8)
13444,ما هي حقيقية النواة؟,4,Medium (4-8)
13449,متى استولى فرانسيسكو فرانكو على الحكم في اسبانيا؟,8,Medium (4-8)
13463,ما هو العصر الفيكتوري؟,4,Medium (4-8)
13465,من هو بيرسي وليامز؟,4,Medium (4-8)
13480,متى تم القبض على آل شابو؟,6,Medium (4-8)
13482,ما معنى حليف رئيسي خارج الناتو؟,6,Medium (4-8)
13496,من هم الإسكيمو؟,3,Short (1-3)
13498,أين ولد غولدنغ بيرد ؟,5,Medium (4-8)
13500,في أي عام نشبت حرب الخلافة الإسبانية؟,7,Medium (4-8)
13504,من هو كاتب مسرحية كاسك يا وطن ؟,8,Medium (4-8)
13505,أين ولد الشيخ عبد الرحمن بن حمد بن فوزان ؟,10,Long (9+)
13512,من قاد الحملة الفرنسية على مصر؟,6,Medium (4-8)
13514,اين يوجد اكبر مسجد في تركيا ؟,7,Medium (4-8)
13526,كم عدد سنوات التعليم الثانوي في المغرب ؟,8,Medium (4-8)
13527,كم بلغ إجمالي مساحة السودان قبل الإنقسام ؟,8,Medium (4-8)
13534,هل تولى الرئيس حسني الزعيم رئاسة سوريا بإنقلاب عسكري؟,9,Long (9+)
13557,من أسس جامعة الملك سعود؟,5,Medium (4-8)
13567,في أي عام انطلقت صحيفة الرياضية السعودية؟,7,Medium (4-8)
13569,ما هو العصر الكامبري؟,4,Medium (4-8)
13573,ما هي صبغة غرام؟,4,Medium (4-8)
13579,ما هو الاستعباد الجنسي؟,4,Medium (4-8)
13583,من هو محمد رضا بهلوي؟,5,Medium (4-8)
13596,أين تقع محافظة أرخبيل سقطرى؟,5,Medium (4-8)
13600,في أي عام قامت ألمانيا النازية باحتلال بلجيكا؟,8,Medium (4-8)
13606,هل يعد  ستيفن هاربر نصيرا لدولة إسرائيل؟,7,Medium (4-8)
13614,من هو العالم الحاصل على أول جائزة نوبل في الطب؟,10,Long (9+)
13617,أين تقع مدينة كن تاه؟,5,Medium (4-8)
13630,متى إعتنقة الإمبراطورية الرومانية الديانة المسيحية ؟,7,Medium (4-8)
13631,ماهو غاز الخردل ؟,4,Medium (4-8)
13638,في أي عام وقعت حرب الخليج الأولى؟,7,Medium (4-8)
13639,ما هي السياسة النقدية ؟,5,Medium (4-8)
13660,ما هي البكتيريا العنقودية ؟,5,Medium (4-8)
13666,ما هو قانون العمل؟,4,Medium (4-8)
13670,متي تم إغتيال بينظير بوتو ؟,6,Medium (4-8)
13686,في أي عام توفي الرئيس التركي أتاتورك؟,7,Medium (4-8)
13691,"متى أطلقت فرقة صودا ستيريوا أغنية ""نادا بيرسونال"" ؟",9,Long (9+)
13694,ما هو الإجهاد التأكسدي ؟,5,Medium (4-8)
13695,ما اسم أنثى الجمل ؟,5,Medium (4-8)
13698,ما هو الخبر ؟,4,Medium (4-8)
13707,من هو قيس بن الملوح؟,5,Medium (4-8)
13710,من هي رادكليف هول؟,4,Medium (4-8)
13711,ما هو الوتر في التشريح؟,5,Medium (4-8)
13717,متى قامة حرب لبنان ؟,5,Medium (4-8)
13721,ما هي أكبر جزيرة كويتية ؟,6,Medium (4-8)
13731,متى عين أنطونيو غوتيريس أميناً عاماً الأمم المتحدة؟,8,Medium (4-8)
13733,ما هو تعريف الناقد الأمريكي هنري رماك للأدب المقارن؟,9,Long (9+)
13734,أين تقع مدينة الشطرة؟,4,Medium (4-8)
13745,ما هي المياه الجوفيه ؟,5,Medium (4-8)
13759,ماذا تعني ثيوصوفية؟,3,Short (1-3)
13760,ما هو ثالث أكبر قمر في المجموعة الشمسية بعد جانيميد,10,Long (9+)
13778,هل فلوريد التنغستن السداسي غاز عديم اللون؟,7,Medium (4-8)
13779,متى تم إنشاء موقع ويكيليكس؟,5,Medium (4-8)
13782,متى تاسست مملكة البحرين ؟,5,Medium (4-8)
13789,من هو مؤلف كتاب يوتوبيا ؟,6,Medium (4-8)
13796,كيف يمكن تمييز ذكر الشاهين عن الأنثي ؟,8,Medium (4-8)
13797,ما هو اصغر جزء في المادة؟,6,Medium (4-8)
13803,متى قامت معركة جسر ستامفورد؟,5,Medium (4-8)
13811,أين تقع تنزانيا؟,3,Short (1-3)
13813,اين وجدت مملكة اغاريت؟,4,Medium (4-8)
13820,هل يسمح بتعدد الزوجات في الإسلام ؟,7,Medium (4-8)
13830,ما هي عاصمة  إيران؟,4,Medium (4-8)
13834,ما هي السعرات الحرارية ؟,5,Medium (4-8)
13838,متى ولد بيل كلينتون؟,4,Medium (4-8)
13840,أين يقع بركان كالديرا يلوستون؟,5,Medium (4-8)
13845,ما هي  درجة الحرارة الكافية لصهر معدن الحديد؟,8,Medium (4-8)
13852,ما هي المُكَوَّرات ؟,4,Medium (4-8)
13864,ما هو الشره الرقمي؟,4,Medium (4-8)
13866,من بنى  القلعة الحمراء في إسبانيا؟,6,Medium (4-8)
13873,متى تأسست لجنة الأمم المتحدة الاقتصادية والاجتماعية لغرب آسيا؟,9,Long (9+)
13881,ما هي العربية السعيدة؟,4,Medium (4-8)
13883,ما هو اكبر جبال تركيا ؟,6,Medium (4-8)
13885,متى تأسست قوات درع الجزيرة؟,5,Medium (4-8)
13887,اين توجد مدينة حفر الباطن؟,5,Medium (4-8)
13910,كم تبعد جزيرة أرواد عن الساحل السوري؟,7,Medium (4-8)
13913,من هو هانيبال ؟,4,Medium (4-8)
13918,ماهو موطن مملكة ايبلا التاريخية؟,5,Medium (4-8)
13920,أين ولد ويليام ويتشرلي؟,4,Medium (4-8)
13925,ماذا كان عمل والد أحمد الأسير الحسيني ؟,8,Medium (4-8)
13930,ما هي مدينة فيليب العربي ؟,6,Medium (4-8)
13937,متى تم إطلاق تيليسكوب هابل ؟,6,Medium (4-8)
13947,ما هو قياس مستوى الذكاء؟,5,Medium (4-8)
13964,هل حائط البراق هو نفسه حائط المبكى عند اليهود؟,9,Long (9+)
13966,من هو فيدال كاسترو؟,4,Medium (4-8)
13973,أين ولد كوينتن جيروم تارانتينو ؟,6,Medium (4-8)
14007,هل انتهى النزاع في اوكرانيا؟,5,Medium (4-8)
14015,في أي مدينة تقع قلعة صلاح الدين في سوريا؟,9,Long (9+)
14019,ما هو المصدر الصناعي في اللغة العربية ؟,8,Medium (4-8)
14020,إلى متى يرجع تاريخ أستقلال لاوس؟,6,Medium (4-8)
14021,متى حدثت معركة الجمل؟,4,Medium (4-8)
14028,في أي سنة احتلت فرنسا هايتي؟,6,Medium (4-8)
14030,من هو مؤسس موقع ويكيليكس ؟,6,Medium (4-8)
14038,أين تقع شبه جزيرة يامال؟,5,Medium (4-8)
14039,متي ظهرت الديانة المسيحية ؟,5,Medium (4-8)
14041,ما هو التنمر؟,3,Short (1-3)
14042,ما هو ماء التبلور؟,4,Medium (4-8)
14050,متى حصلت الثورة الشبابية في اليمن؟,6,Medium (4-8)
14052,ما هو السنديان؟,3,Short (1-3)
14054,متى تأسست قناة سبيستون التلفزيونية؟,5,Medium (4-8)
14056,هل انضمت القوات البريطانية للقوات الاميركية التي غزت العراق؟,9,Long (9+)
14061,ماهي عاصمة فرنسا؟,3,Short (1-3)
14062,اين يقع قصر طولمة باغجة؟,5,Medium (4-8)
14078,من هم الموريسكيون ؟,4,Medium (4-8)
14086,متى ولدت الممثلة التركية (Beren Saat) بطلة مسلسل (العشق الممنوع)؟,10,Long (9+)
14094,أين تقع قرية طماي الزهايرة؟,5,Medium (4-8)
14095,أين تقع جزيرة فلندرز؟,4,Medium (4-8)
14102,من أخرج فيلم الاستهلال ؟,5,Medium (4-8)
14105,ما النمط المعماري لقصرالعظم؟,4,Medium (4-8)
14116,من هو إميل كريبيلن؟,4,Medium (4-8)
14120,ما هي عاصمة فنلندا ؟,5,Medium (4-8)
14121,ما هو نزع الأمين؟,4,Medium (4-8)
14128,متى ولد الأمير خليفة بن سلمان آل خليفة؟,8,Medium (4-8)
14141,أين تقع جامعة غوتينغن؟,4,Medium (4-8)
14145,متى عاش خير الدين بربروس باشا؟,6,Medium (4-8)
14154,من هي كونديليزا رايس؟,4,Medium (4-8)
14155,من هو إبراهام أورتيليوس؟,4,Medium (4-8)
14158,ما هي الهرمونات الستيرويدية؟,4,Medium (4-8)
14162,في أي عام نشب صراع أيلول الأسود ؟,8,Medium (4-8)
14170,هل يعد فرط كوليسترول الدم من الأمراض المزمنة ؟,9,Long (9+)
14171,ماذا يعني وجود الدم في السائل المنوي ؟,8,Medium (4-8)
14176,هل يوجد الغلوتين في شراب السعال؟,6,Medium (4-8)
14178,من كان قائد القوات الزنجبارية خلال حرب زنجبار عام 1896 ؟,11,Long (9+)
14185,من كان الرئيس الفرنسي عندما حدث انقلاب الجزائر عام 1961؟,10,Long (9+)
14188,ماهو اسم المدينة التي عرفت كعاصمة للدولة الإدريسية؟,8,Medium (4-8)
14207,ما هو السبب المباشرللحرب العالمية الأولى؟,6,Medium (4-8)
14222,ما هي عاصمة المالديف؟,4,Medium (4-8)
14225,متى تكونة أمة الاوساج ؟,5,Medium (4-8)
14228,كم عدد الدول الموجودة في قارة أفريقيا؟,7,Medium (4-8)
14238,متى تأسست العالمة التجارية نوتيلا؟,5,Medium (4-8)
14240,ما هي هواتف نقل الصوت عبر بروتوكول الإنترنت اللاسلكية؟,9,Long (9+)
14250,ما هي الحيوانات مزدوجات الأصابع؟,5,Medium (4-8)
14256,ما هي عاصمة مالطا؟,4,Medium (4-8)
14263,متى كانت النهضة ألأوروبية؟,4,Medium (4-8)
14273,في أي عام كان إطلاق مصر القمر الصناعي المصري الثاني، النايل سات 102؟,13,Long (9+)
14275,ما هو زيت كبد سمك؟,5,Medium (4-8)
14279,"من هو مؤلف رواية ""كافكا على الشاطئ""؟",7,Medium (4-8)
14281,ما هي الكحول؟,3,Short (1-3)
14283,من هم المصريون القدماء ؟,5,Medium (4-8)
14297,أين تقع بغداد ؟,4,Medium (4-8)
14310,متى تم إنشاء مدينة هوليوود؟,5,Medium (4-8)
14322,من هي إلكا أغريكولا؟,4,Medium (4-8)
14334,من هي مابل نورماند؟,4,Medium (4-8)
14338,ما اسم والدة يوحنا المعمدان؟,5,Medium (4-8)
14344,أين ولد سلفادور دالي؟,4,Medium (4-8)
14363,في أي عام ولد بيل غيتس؟,6,Medium (4-8)
14380,متى ولد محمد بن جرير الطبري؟,6,Medium (4-8)
14381,ما هو الإشعاع الكهرومغناطيسي؟,4,Medium (4-8)
14383,من إكتشف الكمبيوتر؟,3,Short (1-3)
14387,متى ولد سعد الدين رفيق الحريري ؟,7,Medium (4-8)
14394,من هو فينس غيليغان؟,4,Medium (4-8)
14395,ما هي العصمة البابوية ؟,5,Medium (4-8)
14396,هل يؤمن المسيحيون بآدم وحواء؟,5,Medium (4-8)
14401,متى توفيت أم كلثوم؟,4,Medium (4-8)
14404,اين ولد المغني الامريكي جوني كاش؟,6,Medium (4-8)
14408,من هو اوزكر لافونتاينه؟,4,Medium (4-8)
14423,ماهو الGDPR أو قانون حماية البيانات ؟,7,Medium (4-8)
14428,ما معنى التطير ؟,4,Medium (4-8)
14429,من هو مؤسس الدولة العباسية؟,5,Medium (4-8)
14444,متى ولد خالد بن الوليد ؟,6,Medium (4-8)
14446,أين تقع مقاطعة بروسيا؟,4,Medium (4-8)
14463,متي ولد نابليون بونابارد؟,4,Medium (4-8)
14464,متى تم إعادة إفتتاح سكة حديد الحجاز ؟,8,Medium (4-8)
14468,"متى حصلت مجزرة ""جمعة الكرامة"" ؟",6,Medium (4-8)
14469,متى تم بناء ملعب الاليانز ارينا؟,6,Medium (4-8)
14471,ما هي الدول النامية؟,4,Medium (4-8)
14472,متى تم اصدار الدستور المصري؟,5,Medium (4-8)
14482,ما لقب القديس أنطونيوس الكبير باللغة القبطية؟,7,Medium (4-8)
14483,متى تم بناء تمثال ابو الهول؟,6,Medium (4-8)
14495,ماهو تعداد سكان آيسلندا ؟,5,Medium (4-8)
14497,ما هو المنهج التجريبي ؟,5,Medium (4-8)
14504,متى تم تأسيس الاتحاد الأوروبي؟,5,Medium (4-8)
14505,ما هي مساحة بنغال الغربية؟,5,Medium (4-8)
14514,ما هو الدليل التشخيصي والإحصائي للاضطرابات النفسية؟,7,Medium (4-8)
14515,في أي عام تم إنشاء شركة برايس ووتر هاوس كوبرز؟,10,Long (9+)
14517,متى حصلت الانتفاضة الفلسطينية الأولى ؟,6,Medium (4-8)
14518,متى وقع الهجوم على الهجوم على صحيفة شارلي إبدو؟,9,Long (9+)
14527,من أي مدينة يبدأ خط حديد الحجاز؟,7,Medium (4-8)
14536,أين تقع جزر الأزور؟,4,Medium (4-8)
14538,من فتح الأندلس؟,3,Short (1-3)
14539,ما هو التعبير الدرامي؟,4,Medium (4-8)
14548,متى عقدت اتفاقية تعيين الحدود البحرية السعودية المصرية؟,8,Medium (4-8)
14553,أين تقع ويلز؟,3,Short (1-3)
14564,متى سميت أنقرة عاصمة لتركيا؟,5,Medium (4-8)
14568,ما هي الدواجن أو الطيور الداجنة ؟,7,Medium (4-8)
14581,من هو غوستاف كاسل؟,4,Medium (4-8)
14585,ماهو برنامج الأمم المتحدة الإنمائي ؟,6,Medium (4-8)
14592,ما هو مرض القرن الأمامي؟,5,Medium (4-8)
14599,متى وصل الاسلام إلى البانيا؟,5,Medium (4-8)
14604,كم عدد مواسم مسلسل فريندز ؟,6,Medium (4-8)
14611,من هو سرجون الأول؟,4,Medium (4-8)
14619,متي تأسست كتائب عزالدين القسام ؟,6,Medium (4-8)
14631,من هو فريدريش إيبرت؟,4,Medium (4-8)
14642,متى إندلعت ثورة جمال عبد الناصر ؟,7,Medium (4-8)
14650,في أي عام أنشئت القوة متعددة الجنسيات والمراقبون في سيناء؟,10,Long (9+)
14651,في أي عام تم توقيع إتفاقية سايكس بيكو ؟,9,Long (9+)
14659,هل توجد حرية الإعتقاد في الأردن ؟,7,Medium (4-8)
14662,من تتولى منح جائزة أنطوانيت بيري للتميز في مجال المسرح؟,10,Long (9+)
14686,هل نيللي فرتادو إسبانية الأصل ؟,6,Medium (4-8)
14687,من هو  جلالُ الدين يلدرم بايزيد خان الأوَّل بن مُراد بن أورخان العُثماني؟,13,Long (9+)
14691,ما هي العفص؟,3,Short (1-3)
14697,متى  بني جامع الزيتونة ؟,5,Medium (4-8)
14704,ما هو مثلث باسكال؟,4,Medium (4-8)
14716,أين تقع جمهورية ألبانيا ؟,5,Medium (4-8)
14719,متى تاسست وكالة ناسا ؟,5,Medium (4-8)
14721,ما هو الكيتين؟,3,Short (1-3)
14722,ما هو اسم أول ألبوم اطلقته نيللي فرتادو؟,8,Medium (4-8)
14723,ما هو داء الانسداد الرئوي المزمن؟,6,Medium (4-8)
14730,في أي كوكبة يقع النجم القطبي؟,6,Medium (4-8)
14731,من هو جاك ماريتان؟,4,Medium (4-8)
14736,ما هو الربيع العربي؟,4,Medium (4-8)
14747,متى ولد إبن الهيثم ؟,5,Medium (4-8)
14756,ما معنى كلمة إسكيمو؟,4,Medium (4-8)
14767,ما هو الاسم الحقيقي للشاعر امرؤ القيس؟,7,Medium (4-8)
14781,من كانت زوجة ابراهام لينكولن؟,5,Medium (4-8)
14787,في أي مقاطعة أمريكية تقع بيفرلي هيلز؟,7,Medium (4-8)
14789,من هو زوج الملكة إليزابيث من فالوا؟,7,Medium (4-8)
14802,كم يبلغ عدد جزر المالديف ؟,6,Medium (4-8)
14804,هل تعد ايطاليا جغرافياً شبه جزيرة؟,6,Medium (4-8)
14816,متى نالت سوريا استقلالها ؟,5,Medium (4-8)
14817,من هم الأوس والخزرج؟,4,Medium (4-8)
14822,ما هو الصوروفاغانكس؟,3,Short (1-3)
14832,كم يوم تستمر دورة الحيض ؟,6,Medium (4-8)
14845,في أي عام صدر كتاب أعمدة الحكمة السبعة؟,8,Medium (4-8)
14850,ماهو الكوليسترول ؟,3,Short (1-3)
14851,ما هي الكوميكس ؟,4,Medium (4-8)
14856,ما نسبة المسيحيين في فلسطين؟,5,Medium (4-8)
14859,أين بدأت موسيقى الراي؟,4,Medium (4-8)
14861,اين يوجد مضيق هرمز؟,4,Medium (4-8)
14869,متى تأسست جريدة الحياة ؟,5,Medium (4-8)
14885,متى تأسست جامعة رياض العلم في الرياض؟,7,Medium (4-8)
14900,ما هي القرنية ؟,4,Medium (4-8)
14905,من هو مبتكر شخصية الرجل الوطواط؟,6,Medium (4-8)
14926,ما هو رقص البالي؟,4,Medium (4-8)
14938,ما هو عدد الدول المطلة على البحر الأدرياتيكي؟,8,Medium (4-8)
14939,ما هي البرمائيات؟,3,Short (1-3)
14943,من هو مؤلف كتاب الفهرست؟,5,Medium (4-8)
14949,من أول من سكن فلسطين؟,5,Medium (4-8)
14951,متى توفي حافظ الأسد؟,4,Medium (4-8)
14963,ماهو اسم الجهة المانحة لجائزة الأوسكار؟,6,Medium (4-8)
14965,كم دامت الحضارة الكنعانية في فلسطين؟,6,Medium (4-8)
14966,ما عاصمة البرتغال؟,3,Short (1-3)
14967,ما هي الجندرة ؟,4,Medium (4-8)
14968,من مؤلف كتاب اغنى رجل في بابل ؟,8,Medium (4-8)
14989,كيف يمكن الحصول على فيتامين د طبيعياً ؟,8,Medium (4-8)
14991,ما هو قانون جيستنيان الأول؟,5,Medium (4-8)
14993,من هم الخوارج؟,3,Short (1-3)
14999,من هو مخرج الفلم الأمريكي البجعة السوداء؟,7,Medium (4-8)
15004,متي سقط الإتحاد السوفيتي ؟,5,Medium (4-8)
15011,هل يمكن تحويل الغاز إلى حالة صلبة بدون المرور بالحالة السائلة ؟,12,Long (9+)
15012,أين تبدأ دورة الماء؟,4,Medium (4-8)
15015,ما هي المستحرة المتقلبة؟,4,Medium (4-8)
15022,ما هو العدد الذري للمغنيزيوم؟,5,Medium (4-8)
15023,ما هي مساحة جزيرة مارتينيك؟,5,Medium (4-8)
15024,ما هي المركبة الجوية؟,4,Medium (4-8)
15027,في أي عام تم إجراء اول عملية قلب قيصرية؟,9,Long (9+)
15041,كيف يمكن تحرير نص بإستعمال المايكروسوفت وورد ؟,8,Medium (4-8)
15044,ما هي اكبر مدينة في بنين؟,6,Medium (4-8)
15048,متى ولد ابن البيطار؟,4,Medium (4-8)
15050,في أي عام انضمت بلغاريا ورومانيا إلى الاتحاد الأوروبي؟,9,Long (9+)
15054,ما هو تخطيط صدى القلب؟,5,Medium (4-8)
15061,ما هو مؤشر كتلة الجسم؟,5,Medium (4-8)
15073,هل أستعمل التُرس (الدرع) في أوروبا ؟,7,Medium (4-8)
15074,ما هي الفحسة ؟,4,Medium (4-8)
15077,من إكتشف النيتروغليسرين ؟,4,Medium (4-8)
15099,متى تأسست شركة أدوبي ؟,5,Medium (4-8)
15104,من هو نيكولا تسلا ؟,5,Medium (4-8)
15107,من هو ماو تسي تونغ ؟,6,Medium (4-8)
15109,ما هي اليسارية؟,3,Short (1-3)
15110,هل مملكة ليسوتو بلد ساحلي؟,5,Medium (4-8)
15111,متى تم توقيع الاتفاق النووي الايراني؟,6,Medium (4-8)
15113,اين تقع مدينة الشوبك ؟,5,Medium (4-8)
15114,من هو والد دونالد ترامب ؟,6,Medium (4-8)
15115,متى توفي بلال بن رباح ؟,6,Medium (4-8)
15121,من هو توماس سانكارا؟,4,Medium (4-8)
15145,من هو مؤسس اتحاد المصارعة الحرة ؟,7,Medium (4-8)
15147,في أي عام وقعت نكسة حزيران ؟,7,Medium (4-8)
15153,متي تم تفعيل قانون سماح المرأة بالقيادة في السعودية ؟,10,Long (9+)
15165,في أي قارة تقع  البحرين؟,5,Medium (4-8)
15172,ما هو أول محرك بحث ؟,6,Medium (4-8)
15203,كم عدد أوتار آلة العود؟,5,Medium (4-8)
15210,متى بدأت الحرب الإسبانية المغربية؟,5,Medium (4-8)
15215,من هو بولس الرسول ؟,5,Medium (4-8)
15217,ما الرمزالكيميائي للنيتروجين ؟,4,Medium (4-8)
15221,من هو أول الملوك الساسانيين؟,5,Medium (4-8)
15222,متى ولد محمد مرسي؟,4,Medium (4-8)
15232,ما هو الإرهاب؟,3,Short (1-3)
15238,من هو أول من قام ببناء مكتبة الاسكندرية؟,8,Medium (4-8)
15242,متى تأسست الأرجنتين ؟,4,Medium (4-8)
15245,متى تم إنشاء برنامج الطائرات الإيرانية بدون طيار ؟,9,Long (9+)
15261,متى ولد نيكولاس مادورو؟,4,Medium (4-8)
15266,ما عدد اللاعبين في لعبة كرة القدم ؟,8,Medium (4-8)
15274,ما هى الفلسفة المستقبلية ؟,5,Medium (4-8)
15275,متى ولد الممثل الامريكي توم هانكس؟,6,Medium (4-8)
15283,أين تم إكتشاف حبوب الكاكاو ؟,6,Medium (4-8)
15288,من هو إنفانتي كارلوس، كونت مولينا؟,6,Medium (4-8)
15295,ما هي جنسية بيكاسو؟,4,Medium (4-8)
15300,ما نسبة  المسيحية في العراق؟,5,Medium (4-8)
15304,هل بيل كلينتون هو رئيس الولايات المتحدة سنة 1994؟,9,Long (9+)
15314,أين تقع جامعة لودفيغ ماكسيميليان الألمانية؟,6,Medium (4-8)
15318,هل تحتوي البطاطا الحلوة على الحديد؟,6,Medium (4-8)
15323,ما الفرق بين ميكانيا الكم وفيزياء الكم ؟,8,Medium (4-8)
15325,ما هو النظام الفاشي ؟,5,Medium (4-8)
15330,هل يمتلك أسامة بن لادن الجنسية السعودية؟,7,Medium (4-8)
15340,ما هي الصانعات اليخضورية ؟,5,Medium (4-8)
15345,ما هو أطول نفق بالعالم؟,5,Medium (4-8)
15346,من هو علي بن أبي طالب؟,6,Medium (4-8)
15351,ما هو القرن الأفريقي؟,4,Medium (4-8)
15352,هل يؤدي التهاب القرنية إلى ضعف في البصر؟,8,Medium (4-8)
15365,من هو آخر خليفة أموي ؟,6,Medium (4-8)
15369,من كم دولة تأسست حركة عدم الانحياز؟,7,Medium (4-8)
15371,من هو مايكل كوهين؟,4,Medium (4-8)
15379,مم يتألف تجويف الحُقّ؟,4,Medium (4-8)
15386,هل يوجد  الزخارف الإسلامية في إسبانيا؟,6,Medium (4-8)
15387,"من هو مخرج مسلسل ""غزلان في غابة الذئاب"" ؟",9,Long (9+)
15391,"من كتبت رواية "" بئر العزلة"" ؟",7,Medium (4-8)
15400,أين تقع مدينة حكاري؟,4,Medium (4-8)
15402,ما هو جسيم ألفا ؟,5,Medium (4-8)
15411,ماذا يسمى صوت الضبع ؟,5,Medium (4-8)
15415,ماهى مساحة إقليم أنقرة ؟,5,Medium (4-8)
15418,من هم شعب الداياك؟,4,Medium (4-8)
15428,هل يوجد الغلوتين في الشوفان؟,5,Medium (4-8)
15430,متى كان أول تحليل جيني في العالم؟,7,Medium (4-8)
15436,كم تبلغ نسبة الأكسجين من الغلاف الجوي ؟,8,Medium (4-8)
15446,لماذا تفشى داء الكوليرا في اليمن ؟,7,Medium (4-8)
15448,اين توجد الكوفة ؟,4,Medium (4-8)
15455,كم عدد الآيات في سورة مريم؟,6,Medium (4-8)
15465,من هي زوجة الممثل معتصم النهار؟,6,Medium (4-8)
15466,من هو أبو بكر البغدادي؟,5,Medium (4-8)
15469,هل اللون الأزرق للنجوم دليل على حرارتها المرتفعة؟,8,Medium (4-8)
15471,من هو ستانلي بلدوين؟,4,Medium (4-8)
15472,أين تقع مدينة سيدي بوزيد ؟,6,Medium (4-8)
15473,أين تقع دنشواي؟,3,Short (1-3)
15482,هل كان لأبو يوسف يعقوب بن إسحاق المعروف ب (الكندي) اهتمام بالموسيقى؟,12,Long (9+)
15488,هل يمكن الزراعة في المناطق القطبية؟,6,Medium (4-8)
15493,في أي عام توفي إلفيس بريسلي؟,6,Medium (4-8)
15509,هل نجح الربيع العربي ؟,5,Medium (4-8)
15510,من هو كريستيان دو دوف؟,5,Medium (4-8)
15511,من ابتكر المثلجات؟,3,Short (1-3)
