qid,ndcg10_csqe_hybrid,recall10_csqe_hybrid,mrr_csqe_hybrid,ndcg10_aya_blind_bm25,recall10_aya_blind_bm25,mrr_aya_blind_bm25,ndcg10_bm25_baseline,recall10_bm25_baseline,mrr_bm25_baseline,delta_ndcg10_csqe_vs_blind
0,0.0,0.0,0.018518518518518517,0.0,0.0,0.02127659574468085,0.0,0.0,0.022727272727272728,0.0
10000,0.6309297535714575,1.0,0.5,0.3010299956639812,1.0,0.1111111111111111,0.0,0.0,0.0,0.32989975790747633
10003,0.38268031849431083,0.6666666666666666,0.3333333333333333,0.0,0.0,0.07142857142857142,0.0,0.0,0.021739130434782608,0.38268031849431083
10011,0.9651366671790967,1.0,1.0,0.644824486427155,0.5,1.0,0.9049278636531481,1.0,1.0,0.3203121807519418
10027,1.0,1.0,1.0,0.3333333333333333,1.0,0.14285714285714285,1.0,1.0,1.0,0.6666666666666667
10031,0.5413996682199069,0.5,1.0,0.24630238874073,0.25,0.5,0.0,0.0,0.08333333333333333,0.29509727947917697
10034,0.6309297535714575,1.0,0.5,0.6309297535714575,1.0,0.5,0.0,0.0,0.016129032258064516,0.0
10038,0.43067655807339306,1.0,0.25,0.5,1.0,0.3333333333333333,0.0,0.0,0.07142857142857142,-0.06932344192660694
10039,1.0,1.0,1.0,1.0,1.0,1.0,0.6309297535714575,1.0,0.5,0.0
10040,0.46927872602275644,0.3333333333333333,1.0,0.18154179253735267,0.3333333333333333,0.2,0.20210734650054757,0.3333333333333333,0.25,0.28773693348540375
10042,0.7977228895450266,1.0,1.0,0.8315546295836225,1.0,1.0,0.8175295903539445,1.0,1.0,-0.0338317400385959
10057,1.0,1.0,1.0,1.0,1.0,1.0,1.0,1.0,1.0,0.0
10061,1.0,1.0,1.0,0.0,0.0,0.022222222222222223,1.0,1.0,1.0,1.0
1007,0.7328286204777911,1.0,0.5,0.5931729515195112,1.0,0.3333333333333333,0.15642624200758548,0.3333333333333333,0.14285714285714285,0.13965566895827985
10070,0.6309297535714575,1.0,0.5,0.38685280723454163,1.0,0.2,0.0,0.0,0.09090909090909091,0.2440769463369159
10074,0.2640681225725909,0.5,0.25,0.6131471927654584,0.5,1.0,0.0,0.0,0.022727272727272728,-0.3490790701928675
10075,1.0,1.0,1.0,1.0,1.0,1.0,1.0,1.0,1.0,0.0
10079,1.0,1.0,1.0,1.0,1.0,1.0,1.0,1.0,1.0,0.0
10081,1.0,1.0,1.0,0.0,0.0,0.0,0.0,0.0,0.0,1.0
10087,0.6309297535714575,1.0,0.5,1.0,1.0,1.0,0.3562071871080222,1.0,0.16666666666666666,-0.36907024642854247
10088,0.5433536754396464,1.0,0.2,0.13012668333070054,0.25,0.14285714285714285,0.0,0.0,0.018518518518518517,0.41322699210894587
10090,0.7653606369886217,0.6666666666666666,1.0,0.3228087653971817,0.6666666666666666,0.2,0.8710785440003369,1.0,1.0,0.44255187159144
10103,0.6309297535714575,1.0,0.5,1.0,1.0,1.0,0.43067655807339306,1.0,0.25,-0.36907024642854247
10104,1.0,1.0,1.0,1.0,1.0,1.0,1.0,1.0,1.0,0.0
10114,0.38685280723454163,0.5,0.5,0.6131471927654584,0.5,1.0,0.0,0.0,0.07692307692307693,-0.22629438553091674
10116,0.9217868789962071,1.0,1.0,0.7653606369886217,0.6666666666666666,1.0,0.7039180890341347,0.6666666666666666,1.0,0.15642624200758548
10121,0.6309297535714575,1.0,0.5,0.3333333333333333,1.0,0.14285714285714285,0.0,0.0,0.045454545454545456,0.2975964202381242
10142,0.5,1.0,0.3333333333333333,0.5,1.0,0.3333333333333333,0.5,1.0,0.3333333333333333,0.0
10145,0.5249810332008933,1.0,0.3333333333333333,0.5437713091520254,1.0,0.3333333333333333,0.21840743681816419,0.5,0.16666666666666666,-0.01879027595113214
10148,0.0,0.0,0.05,0.0,0.0,0.0,0.0,0.0,0.014285714285714285,0.0
10150,1.0,1.0,1.0,0.8065735963827293,1.0,1.0,0.18457569677956817,0.5,0.1111111111111111,0.1934264036172707
10155,1.0,1.0,1.0,1.0,1.0,1.0,1.0,1.0,1.0,0.0
10162,0.9469024295259745,1.0,1.0,0.9469024295259745,1.0,1.0,0.6663732474096913,1.0,0.5,0.0
10165,0.0,0.0,0.0,0.0,0.0,0.0,0.0,0.0,0.037037037037037035,0.0
10169,0.5,1.0,0.3333333333333333,0.0,0.0,0.05263157894736842,0.6309297535714575,1.0,0.5,0.5
10171,0.9674679834891693,1.0,1.0,0.18154179253735267,0.3333333333333333,0.2,0.7653606369886217,0.6666666666666666,1.0,0.7859261909518166
10172,0.0,0.0,0.045454545454545456,0.0,0.0,0.0,0.0,0.0,0.0,0.0
10174,0.41443699955334395,1.0,0.2,0.0,0.0,0.07142857142857142,0.0,0.0,0.05263157894736842,0.41443699955334395
10175,1.0,1.0,1.0,0.448643819352159,1.0,0.25,0.6131471927654584,0.5,1.0,0.551356180647841
10185,1.0,1.0,1.0,0.6309297535714575,1.0,0.5,1.0,1.0,1.0,0.36907024642854247
10194,0.3973220069685352,0.5,0.5,0.44149241373678083,0.5,0.5,0.24630238874073,0.25,0.5,-0.04417040676824563
10198,0.7328286204777911,1.0,0.5,0.7039180890341347,0.6666666666666666,1.0,0.7328286204777911,1.0,0.5,0.028910531443656406
10203,0.6309297535714575,1.0,0.5,0.0,0.0,0.022222222222222223,0.0,0.0,0.029411764705882353,0.6309297535714575
10205,0.5012658353418871,1.0,0.25,0.0,0.0,0.04,0.3065735963827292,0.5,0.3333333333333333,0.5012658353418871
10209,0.5802792108518124,1.0,0.5,1.0,1.0,1.0,0.17723928678404774,0.5,0.1,-0.41972078914818756
10212,0.0,0.0,0.0,0.0,0.0,0.0,0.0,0.0,0.018867924528301886,0.0
10217,0.31546487678572877,1.0,0.125,0.0,0.0,0.0,0.0,0.0,0.08333333333333333,0.31546487678572877
1023,0.8772153153380493,1.0,1.0,0.8503449055347546,1.0,1.0,0.3065735963827292,0.5,0.3333333333333333,0.026870409803294693
10230,1.0,1.0,1.0,0.0,0.0,0.013513513513513514,0.43067655807339306,1.0,0.25,1.0
10237,0.6131471927654584,0.5,1.0,0.6131471927654584,0.5,1.0,0.19342640361727081,0.5,0.125,0.0
10242,0.9197207891481876,1.0,1.0,0.8315546295836225,1.0,1.0,0.6131471927654584,0.5,1.0,0.08816615956456508
10247,0.8927537907700456,1.0,1.0,0.6366824387328317,0.5,1.0,0.5274486902992358,0.75,0.5,0.2560713520372139
10250,0.8065735963827293,1.0,1.0,0.6509209298071326,1.0,0.5,0.3065735963827292,0.5,0.3333333333333333,0.15565266657559673
10251,0.6131471927654584,0.5,1.0,0.0,0.0,0.024390243902439025,0.2640681225725909,0.5,0.25,0.6131471927654584
10253,1.0,1.0,1.0,0.6309297535714575,1.0,0.5,1.0,1.0,1.0,0.36907024642854247
10254,0.4226415848467783,0.6,0.3333333333333333,0.5946590549605647,0.8,0.5,0.0,0.0,0.09090909090909091,-0.17201747011378643
10257,0.6309297535714575,1.0,0.5,0.5,1.0,0.3333333333333333,0.38685280723454163,1.0,0.2,0.13092975357145753
10259,1.0,1.0,1.0,1.0,1.0,1.0,1.0,1.0,1.0,0.0
10271,0.6309297535714575,1.0,0.5,0.5,1.0,0.3333333333333333,0.6309297535714575,1.0,0.5,0.13092975357145753
10272,1.0,1.0,1.0,1.0,1.0,1.0,0.9197207891481876,1.0,1.0,0.0
10276,0.9060254355346823,1.0,1.0,0.8529278650606567,1.0,1.0,0.9134015924715543,1.0,1.0,0.053097570474025635
10286,0.3562071871080222,1.0,0.16666666666666666,0.0,0.0,0.0,0.0,0.0,0.0,0.3562071871080222
10287,0.5,1.0,0.3333333333333333,0.0,0.0,0.047619047619047616,0.43067655807339306,1.0,0.25,0.5
10291,0.18154179253735267,0.3333333333333333,0.2,0.16716045496620227,0.3333333333333333,0.16666666666666666,0.4632423659320675,0.6666666666666666,0.5,0.014381337571150399
10294,0.6309297535714575,1.0,0.5,0.5,1.0,0.3333333333333333,1.0,1.0,1.0,0.13092975357145753
10297,1.0,1.0,1.0,1.0,1.0,1.0,1.0,1.0,1.0,0.0
1030,0.5413996682199069,0.5,1.0,0.5855700749881525,0.5,1.0,0.3903800499921017,0.25,1.0,-0.044170406768245574
10301,0.9374130297304558,1.0,1.0,0.6843515475204855,0.6,1.0,0.5531464700081437,0.4,1.0,0.25306148220997027
10306,1.0,1.0,1.0,1.0,1.0,1.0,1.0,1.0,1.0,0.0
1031,0.38685280723454163,0.5,0.5,0.38685280723454163,0.5,0.5,0.0,0.0,0.0,0.0
10314,1.0,1.0,1.0,1.0,1.0,1.0,1.0,1.0,1.0,0.0
10320,1.0,1.0,1.0,0.0,0.0,0.0125,0.0,0.0,0.0,1.0
10330,0.0,0.0,0.0625,0.0,0.0,0.023809523809523808,0.0,0.0,0.01694915254237288,0.0
10331,1.0,1.0,1.0,0.6131471927654584,0.5,1.0,0.6240505200038379,1.0,0.5,0.38685280723454163
10332,0.5,1.0,0.3333333333333333,0.6309297535714575,1.0,0.5,1.0,1.0,1.0,-0.13092975357145753
10333,1.0,1.0,1.0,0.43067655807339306,1.0,0.25,0.3333333333333333,1.0,0.14285714285714285,0.5693234419266069
10334,0.6934264036172708,1.0,0.5,0.9197207891481876,1.0,1.0,1.0,1.0,1.0,-0.22629438553091674
10335,0.5383087035438704,0.6666666666666666,0.3333333333333333,0.14209201620336528,0.2222222222222222,0.125,0.6099667568096199,0.6666666666666666,1.0,0.3962166873405051
10340,0.4367467095119258,0.6666666666666666,0.3333333333333333,0.9010126104210695,1.0,1.0,0.6978817289434457,1.0,0.5,-0.4642659009091437
10342,0.3065735963827292,0.5,0.3333333333333333,0.6131471927654584,0.5,1.0,0.38685280723454163,0.5,0.5,-0.3065735963827292
1035,1.0,1.0,1.0,0.0,0.0,0.05,1.0,1.0,1.0,1.0
10361,1.0,1.0,1.0,1.0,1.0,1.0,0.43067655807339306,1.0,0.25,0.0
10366,0.9674679834891693,1.0,1.0,0.9469024295259745,1.0,1.0,0.6713860725233041,0.6666666666666666,1.0,0.020565553963194816
10368,1.0,1.0,1.0,0.43067655807339306,1.0,0.25,0.6309297535714575,1.0,0.5,0.5693234419266069
10378,1.0,1.0,1.0,1.0,1.0,1.0,0.5,1.0,0.3333333333333333,0.0
10380,0.8772153153380493,1.0,1.0,0.0,0.0,0.05,0.0,0.0,0.07692307692307693,0.8772153153380493
10382,1.0,1.0,1.0,0.6309297535714575,1.0,0.5,1.0,1.0,1.0,0.36907024642854247
10385,1.0,1.0,1.0,0.0,0.0,0.07142857142857142,0.8503449055347546,1.0,1.0,1.0
10398,0.5,1.0,0.3333333333333333,0.43067655807339306,1.0,0.25,0.0,0.0,0.030303030303030304,0.06932344192660694
104,0.0,0.0,0.014925373134328358,0.0,0.0,0.047619047619047616,0.0,0.0,0.015873015873015872,0.0
10401,1.0,1.0,1.0,1.0,1.0,1.0,1.0,1.0,1.0,0.0
10403,0.5,1.0,0.3333333333333333,0.0,0.0,0.0,0.0,0.0,0.0,0.5
10415,1.0,1.0,1.0,0.6364391809889587,0.6666666666666666,1.0,0.7653606369886217,0.6666666666666666,1.0,0.3635608190110413
10416,1.0,1.0,1.0,1.0,1.0,1.0,0.7977228895450266,1.0,1.0,0.0
10418,0.9674679834891693,1.0,1.0,1.0,1.0,1.0,1.0,1.0,1.0,-0.03253201651083071
10427,1.0,1.0,1.0,0.43067655807339306,1.0,0.25,1.0,1.0,1.0,0.5693234419266069
10438,0.43067655807339306,1.0,0.25,0.0,0.0,0.07142857142857142,0.3010299956639812,1.0,0.1111111111111111,0.43067655807339306
1044,1.0,1.0,1.0,1.0,1.0,1.0,1.0,1.0,1.0,0.0
10444,0.6049306994552042,0.6666666666666666,1.0,0.0,0.0,0.09090909090909091,0.20210734650054757,0.3333333333333333,0.25,0.6049306994552042
10449,0.8048099750039491,0.75,1.0,0.7606395682357036,1.0,0.5,0.123151194370365,0.25,0.125,0.044170406768245574
10451,1.0,1.0,1.0,0.812653045383133,1.0,1.0,0.0,0.0,0.01818181818181818,0.187346954616867
10456,0.9469024295259745,1.0,1.0,0.5508095940041026,1.0,0.25,0.8385465274895063,1.0,1.0,0.3960928355218719
10459,0.5706417189553201,1.0,0.3333333333333333,0.8772153153380493,1.0,1.0,0.0,0.0,0.0,-0.3065735963827292
10476,1.0,1.0,1.0,1.0,1.0,1.0,0.31546487678572877,1.0,0.125,0.0
1048,1.0,1.0,1.0,0.3562071871080222,1.0,0.16666666666666666,0.0,0.0,0.0,0.6437928128919779
10486,0.0,0.0,0.0,0.0,0.0,0.0,0.0,0.0,0.0,0.0
1049,0.43067655807339306,1.0,0.25,0.6309297535714575,1.0,0.5,0.0,0.0,0.030303030303030304,-0.20025319549806447
10490,0.6052602440527057,1.0,0.5,0.3065735963827292,0.5,0.3333333333333333,0.38685280723454163,0.5,0.5,0.29868664766997655
10506,0.9404511968899847,1.0,1.0,0.6173729718814956,0.8333333333333334,0.5,0.26836379988737025,0.3333333333333333,0.3333333333333333,0.32307822500848904
1051,1.0,1.0,1.0,0.6309297535714575,1.0,0.5,0.5,1.0,0.3333333333333333,0.36907024642854247
10514,0.14126697285982898,0.3333333333333333,0.1111111111111111,0.0,0.0,0.022727272727272728,0.0,0.0,0.015873015873015872,0.14126697285982898
10515,1.0,1.0,1.0,1.0,1.0,1.0,1.0,1.0,1.0,0.0
10516,1.0,1.0,1.0,0.9674679834891693,1.0,1.0,1.0,1.0,1.0,0.03253201651083071
10526,1.0,1.0,1.0,1.0,1.0,1.0,0.0,0.0,0.02702702702702703,0.0
10527,1.0,1.0,1.0,1.0,1.0,1.0,1.0,1.0,1.0,0.0
10529,0.7757386182436072,0.75,1.0,0.6366824387328317,0.5,1.0,0.49820370960044086,0.75,0.5,0.13905617951077553
10543,1.0,1.0,1.0,1.0,1.0,1.0,1.0,1.0,1.0,0.0
10552,0.9197207891481876,1.0,1.0,0.8315546295836225,1.0,1.0,0.8315546295836225,1.0,1.0,0.08816615956456508
10553,0.6366824387328317,0.5,1.0,0.3903800499921017,0.25,1.0,0.7036997876179215,1.0,0.5,0.24630238874073002
10563,0.8772153153380493,1.0,1.0,0.8772153153380493,1.0,1.0,0.8315546295836225,1.0,1.0,0.0
10573,0.0,0.0,0.03125,0.0,0.0,0.043478260869565216,0.0,0.0,0.029411764705882353,0.0
10574,1.0,1.0,1.0,0.6309297535714575,1.0,0.5,1.0,1.0,1.0,0.36907024642854247
10576,1.0,1.0,1.0,0.2640681225725909,0.5,0.25,0.6509209298071326,1.0,0.5,0.7359318774274091
10582,0.9505310077117098,1.0,1.0,0.5873259502392343,0.6,1.0,0.5790560467042355,0.8,0.5,0.36320505747247556
10590,0.15130120674940672,0.16666666666666666,0.3333333333333333,0.0,0.0,0.07142857142857142,0.30260241349881345,0.16666666666666666,1.0,0.15130120674940672
10595,1.0,1.0,1.0,0.6131471927654584,0.5,1.0,0.6131471927654584,0.5,1.0,0.38685280723454163
10596,1.0,1.0,1.0,0.5,1.0,0.3333333333333333,1.0,1.0,1.0,0.5
1060,0.0,0.0,0.08333333333333333,0.38685280723454163,1.0,0.2,0.38685280723454163,1.0,0.2,-0.38685280723454163
10601,0.6005491084563833,1.0,0.5,0.0,0.0,0.03225806451612903,0.0,0.0,0.08333333333333333,0.6005491084563833
10606,1.0,1.0,1.0,1.0,1.0,1.0,0.9197207891481876,1.0,1.0,0.0
10609,1.0,1.0,1.0,1.0,1.0,1.0,0.43067655807339306,1.0,0.25,0.0
10616,1.0,1.0,1.0,0.8315546295836225,1.0,1.0,0.6131471927654584,0.5,1.0,0.16844537041637753
10618,1.0,1.0,1.0,1.0,1.0,1.0,0.0,0.0,0.03333333333333333,0.0
1062,0.0,0.0,0.024390243902439025,0.0,0.0,0.0,0.0,0.0,0.01639344262295082,0.0
10624,1.0,1.0,1.0,0.6131471927654584,0.5,1.0,0.6131471927654584,0.5,1.0,0.38685280723454163
1064,0.9197207891481876,1.0,1.0,0.6131471927654584,0.5,1.0,0.6131471927654584,0.5,1.0,0.3065735963827292
10641,0.9197207891481876,1.0,1.0,0.45560514958746035,1.0,0.2,0.18457569677956817,0.5,0.1111111111111111,0.4641156395607272
10651,1.0,1.0,1.0,0.8175295903539445,1.0,1.0,0.8175295903539445,1.0,1.0,0.18247040964605554
10653,0.6131471927654584,0.5,1.0,0.6131471927654584,0.5,1.0,0.6131471927654584,0.5,1.0,0.0
10664,0.4412576003965278,0.4,1.0,0.3391602052736161,0.2,1.0,0.0,0.0,0.08333333333333333,0.10209739512291166
10665,1.0,1.0,1.0,0.0,0.0,0.07692307692307693,0.6309297535714575,1.0,0.5,1.0
10681,0.38685280723454163,0.5,0.5,0.6131471927654584,0.5,1.0,1.0,1.0,1.0,-0.22629438553091674
10683,1.0,1.0,1.0,1.0,1.0,1.0,0.6309297535714575,1.0,0.5,0.0
10685,1.0,1.0,1.0,1.0,1.0,1.0,1.0,1.0,1.0,0.0
10692,0.9135166374400684,1.0,1.0,0.7597372923822429,0.7142857142857143,1.0,0.0,0.0,0.01818181818181818,0.15377934505782553
10698,0.14126697285982898,0.3333333333333333,0.1111111111111111,0.0,0.0,0.0,0.0,0.0,0.0,0.14126697285982898
107,0.2960819109658652,0.3333333333333333,0.5,0.38364913903790027,0.6666666666666666,0.25,0.1480409554829326,0.3333333333333333,0.125,-0.08756722807203504
1070,1.0,1.0,1.0,1.0,1.0,1.0,0.6309297535714575,1.0,0.5,0.0
10710,0.9217868789962071,1.0,1.0,0.8710785440003369,1.0,1.0,0.5307212739772434,0.6666666666666666,0.5,0.05070833499587024
10717,0.735916889650613,0.6666666666666666,1.0,0.0,0.0,0.029411764705882353,0.6620586166096418,0.6666666666666666,1.0,0.735916889650613
10722,1.0,1.0,1.0,0.43067655807339306,1.0,0.25,1.0,1.0,1.0,0.5693234419266069
10728,0.6131471927654584,0.5,1.0,0.3065735963827292,0.5,0.3333333333333333,0.23719771276929622,0.5,0.2,0.3065735963827292
10732,0.6309297535714575,1.0,0.5,1.0,1.0,1.0,1.0,1.0,1.0,-0.36907024642854247
10738,1.0,1.0,1.0,0.7757386182436072,0.75,1.0,0.369453583111095,0.5,0.5,0.22426138175639276
10739,1.0,1.0,1.0,0.43067655807339306,1.0,0.25,1.0,1.0,1.0,0.5693234419266069
10743,0.5508095940041026,1.0,0.25,0.1480409554829326,0.3333333333333333,0.125,0.0,0.0,0.030303030303030304,0.40276863852116995
10746,1.0,1.0,1.0,0.6131471927654584,0.5,1.0,0.6131471927654584,0.5,1.0,0.38685280723454163
1075,0.0,0.0,0.0,0.0,0.0,0.0,0.0,0.0,0.0,0.0
10754,0.8318724637288826,0.75,1.0,0.6366824387328317,0.5,1.0,0.6366824387328317,0.5,1.0,0.19519002499605087
10760,0.9010126104210695,1.0,1.0,0.9469024295259745,1.0,1.0,0.812653045383133,1.0,1.0,-0.04588981910490497
10761,1.0,1.0,1.0,1.0,1.0,1.0,1.0,1.0,1.0,0.0
10764,0.6309297535714575,1.0,0.5,0.0,0.0,0.05263157894736842,0.43067655807339306,1.0,0.25,0.6309297535714575
10766,0.2640681225725909,0.5,0.25,0.19342640361727081,0.5,0.125,0.18457569677956817,0.5,0.1111111111111111,0.07064171895532007
10768,0.9060254355346823,1.0,1.0,0.46927872602275644,0.3333333333333333,1.0,0.3084274278260313,0.6666666666666666,0.16666666666666666,0.43674670951192585
10772,1.0,1.0,1.0,1.0,1.0,1.0,1.0,1.0,1.0,0.0
10774,0.3562071871080222,1.0,0.16666666666666666,0.0,0.0,0.034482758620689655,0.0,0.0,0.058823529411764705,0.3562071871080222
1078,1.0,1.0,1.0,0.31546487678572877,1.0,0.125,0.0,0.0,0.0,0.6845351232142712
10785,0.3889580943680543,1.0,0.14285714285714285,1.0,1.0,1.0,0.5249810332008933,1.0,0.3333333333333333,-0.6110419056319457
10786,0.810582531061383,1.0,1.0,0.24630238874073,0.25,0.5,0.0,0.0,0.09090909090909091,0.564280142320653
10791,0.16812753627111746,0.25,0.25,0.11751610475642714,0.25,0.1111111111111111,0.15101961822780524,0.25,0.2,0.05061143151469032
108,0.0,0.0,0.0,0.0,0.0,0.0,0.0,0.0,0.0,0.0
10806,1.0,1.0,1.0,1.0,1.0,1.0,1.0,1.0,1.0,0.0
10811,1.0,1.0,1.0,1.0,1.0,1.0,1.0,1.0,1.0,0.0
10823,0.6934264036172708,1.0,0.5,0.23719771276929622,0.5,0.2,0.8503449055347546,1.0,1.0,0.45622869084797457
10825,1.0,1.0,1.0,1.0,1.0,1.0,0.0,0.0,0.0,0.0
10846,1.0,1.0,1.0,0.0,0.0,0.0,0.0,0.0,0.0,1.0
10849,0.7653606369886217,0.6666666666666666,1.0,0.16716045496620227,0.3333333333333333,0.16666666666666666,0.617319681505689,0.6666666666666666,1.0,0.5982001820224194
10862,0.6131471927654584,0.5,1.0,0.0,0.0,0.07692307692307693,0.19342640361727081,0.5,0.125,0.6131471927654584
10868,0.43067655807339306,1.0,0.25,0.43067655807339306,1.0,0.25,0.0,0.0,0.0,0.0
10870,0.7039180890341347,0.6666666666666666,1.0,0.3235866969737877,0.6666666666666666,0.16666666666666666,0.13565197343244778,0.3333333333333333,0.1,0.38033139206034694
10878,1.0,1.0,1.0,1.0,1.0,1.0,0.3010299956639812,1.0,0.1111111111111111,0.0
10892,0.8772153153380493,1.0,1.0,0.0,0.0,0.05,0.0,0.0,0.06666666666666667,0.8772153153380493
10897,0.6131471927654584,0.5,1.0,0.8175295903539445,1.0,1.0,0.23719771276929622,0.5,0.2,-0.2043823975884861
10899,0.6309297535714575,1.0,0.5,1.0,1.0,1.0,1.0,1.0,1.0,-0.36907024642854247
1090,0.8772153153380493,1.0,1.0,0.0,0.0,0.0,0.6131471927654584,0.5,1.0,0.8772153153380493
10912,0.2890648263178879,1.0,0.1,1.0,1.0,1.0,0.0,0.0,0.0,-0.7109351736821121
10913,0.9217868789962071,1.0,1.0,1.0,1.0,1.0,1.0,1.0,1.0,-0.07821312100379285
10922,0.6309297535714575,1.0,0.5,1.0,1.0,1.0,1.0,1.0,1.0,-0.36907024642854247
10927,0.5249810332008933,1.0,0.3333333333333333,0.18457569677956817,0.5,0.1111111111111111,0.0,0.0,0.05263157894736842,0.3404053364213251
10930,1.0,1.0,1.0,1.0,1.0,1.0,1.0,1.0,1.0,0.0
10936,0.6131471927654584,0.5,1.0,0.7977228895450266,1.0,1.0,0.38685280723454163,0.5,0.5,-0.1845756967795682
10945,0.38685280723454163,0.5,0.5,0.2640681225725909,0.5,0.25,0.0,0.0,0.013513513513513514,0.12278468466195075
10947,1.0,1.0,1.0,1.0,1.0,1.0,1.0,1.0,1.0,0.0
1096,0.9550236580992476,1.0,1.0,0.9349366583346498,1.0,1.0,0.3853585682515056,0.5,0.5,0.020086999764597824
10966,1.0,1.0,1.0,1.0,1.0,1.0,1.0,1.0,1.0,0.0
10977,0.0,0.0,0.011764705882352941,0.0,0.0,0.0,0.0,0.0,0.011494252873563218,0.0
10979,1.0,1.0,1.0,0.45221360703148816,0.4,1.0,0.8200261225503443,0.8,1.0,0.5477863929685118
110,0.9197207891481876,1.0,1.0,0.7903864795495061,1.0,1.0,0.0,0.0,0.04,0.12933430959868142
11004,1.0,1.0,1.0,0.5,1.0,0.3333333333333333,0.43067655807339306,1.0,0.25,0.5
11008,0.5802792108518124,1.0,0.5,0.0,0.0,0.01818181818181818,0.0,0.0,0.01282051282051282,0.5802792108518124
11013,1.0,1.0,1.0,1.0,1.0,1.0,1.0,1.0,1.0,0.0
1102,0.5646436081071458,0.75,0.5,0.3903800499921017,0.25,1.0,0.24630238874073,0.25,0.5,0.17426355811504407
11025,0.38685280723454163,1.0,0.2,0.0,0.0,0.022222222222222223,0.0,0.0,0.02857142857142857,0.38685280723454163
11028,1.0,1.0,1.0,0.5,1.0,0.3333333333333333,1.0,1.0,1.0,0.5
11032,1.0,1.0,1.0,0.9469024295259745,1.0,1.0,0.9325210919548239,1.0,1.0,0.053097570474025524
11033,0.6131471927654584,0.5,1.0,0.2640681225725909,0.5,0.25,0.0,0.0,0.07692307692307693,0.3490790701928675
11036,0.0,0.0,0.0,0.0,0.0,0.0,0.0,0.0,0.014285714285714285,0.0
11041,0.43067655807339306,1.0,0.25,1.0,1.0,1.0,0.38685280723454163,1.0,0.2,-0.5693234419266069
11044,1.0,1.0,1.0,0.5294362295028773,0.5,1.0,0.9176551163528843,1.0,1.0,0.4705637704971227
11055,0.8687949224876582,0.8,1.0,0.58341868454383,0.6,1.0,0.3391602052736161,0.2,1.0,0.28537623794382827
1106,1.0,1.0,1.0,0.3562071871080222,1.0,0.16666666666666666,0.3333333333333333,1.0,0.14285714285714285,0.6437928128919779
11069,0.31546487678572877,1.0,0.125,0.0,0.0,0.024390243902439025,0.0,0.0,0.03571428571428571,0.31546487678572877
11075,1.0,1.0,1.0,0.3562071871080222,1.0,0.16666666666666666,1.0,1.0,1.0,0.6437928128919779
11081,0.9217868789962071,1.0,1.0,1.0,1.0,1.0,0.9469024295259745,1.0,1.0,-0.07821312100379285
11082,0.6309297535714575,1.0,0.5,1.0,1.0,1.0,0.0,0.0,0.08333333333333333,-0.36907024642854247
11084,0.6309297535714575,1.0,0.5,1.0,1.0,1.0,1.0,1.0,1.0,-0.36907024642854247
11093,0.7757386182436072,0.75,1.0,0.2429718246796358,0.5,0.14285714285714285,0.29007579773858083,0.5,0.2,0.5327667935639715
11095,0.2890648263178879,1.0,0.1,0.43067655807339306,1.0,0.25,0.0,0.0,0.09090909090909091,-0.14161173175550518
11108,0.8051628502199798,0.8,1.0,0.26687965254220064,0.4,0.25,0.5392968862278849,0.6,1.0,0.5382831976777791
11115,1.0,1.0,1.0,0.6309297535714575,1.0,0.5,1.0,1.0,1.0,0.36907024642854247
11116,1.0,1.0,1.0,0.6309297535714575,1.0,0.5,1.0,1.0,1.0,0.36907024642854247
11117,0.8687949224876582,0.8,1.0,0.843537875344446,0.8,1.0,0.4671671770926196,0.8,0.2,0.025257047143212197
11119,0.7757386182436072,0.75,1.0,0.0,0.0,0.09090909090909091,0.13905617951077562,0.25,0.16666666666666666,0.7757386182436072
11121,0.21840743681816419,0.5,0.16666666666666666,0.0,0.0,0.0,0.21840743681816419,0.5,0.16666666666666666,0.21840743681816419
11129,0.4776237035032179,0.6666666666666666,0.5,0.0,0.0,0.09090909090909091,0.2960819109658652,0.3333333333333333,0.5,0.4776237035032179
1113,0.38685280723454163,1.0,0.2,0.3562071871080222,1.0,0.16666666666666666,0.3010299956639812,1.0,0.1111111111111111,0.030645620126519446
11140,1.0,1.0,1.0,0.6309297535714575,1.0,0.5,0.6309297535714575,1.0,0.5,0.36907024642854247
11146,0.892210845475489,0.8333333333333334,1.0,0.7316362001126298,0.6666666666666666,1.0,0.644824486427155,0.5,1.0,0.16057464536285926
11151,0.19519002499605084,0.25,0.3333333333333333,0.0,0.0,0.07692307692307693,0.0,0.0,0.02702702702702703,0.19519002499605084
11154,1.0,1.0,1.0,0.43067655807339306,1.0,0.25,0.3562071871080222,1.0,0.16666666666666666,0.5693234419266069
11161,0.4227898344066503,1.0,0.16666666666666666,0.0,0.0,0.05,0.0,0.0,0.0,0.4227898344066503
11164,0.5,1.0,0.3333333333333333,1.0,1.0,1.0,0.5,1.0,0.3333333333333333,-0.5
11166,1.0,1.0,1.0,0.3333333333333333,1.0,0.14285714285714285,0.0,0.0,0.0,0.6666666666666667
11171,0.6934264036172708,1.0,0.5,0.2640681225725909,0.5,0.25,0.0,0.0,0.05263157894736842,0.42935828104467993
11179,0.9361705073520016,1.0,1.0,0.6718336845524548,0.6666666666666666,1.0,0.6571532078621984,0.6666666666666666,1.0,0.26433682279954673
11183,0.8276904491046954,1.0,1.0,0.11751610475642714,0.25,0.1111111111111111,0.664550862590272,0.75,1.0,0.7101743443482682
11188,1.0,1.0,1.0,0.5249810332008933,1.0,0.3333333333333333,1.0,1.0,1.0,0.4750189667991067
11193,0.6309297535714575,1.0,0.5,0.2890648263178879,1.0,0.1,0.0,0.0,0.0,0.34186492725356965
11198,1.0,1.0,1.0,0.3065735963827292,0.5,0.3333333333333333,0.2640681225725909,0.5,0.25,0.6934264036172708
112,0.6309297535714575,1.0,0.5,1.0,1.0,1.0,0.0,0.0,0.0,-0.36907024642854247
11200,0.0,0.0,0.07692307692307693,0.46927872602275644,0.3333333333333333,1.0,0.3044671974905181,0.6666666666666666,0.14285714285714285,-0.46927872602275644
11204,0.6131471927654584,0.5,1.0,0.6131471927654584,0.5,1.0,0.6131471927654584,0.5,1.0,0.0
11208,0.6663732474096913,1.0,0.5,0.0,0.0,0.041666666666666664,0.0,0.0,0.010752688172043012,0.6663732474096913
11210,0.39780880120575696,1.0,0.14285714285714285,0.0,0.0,0.03125,0.0,0.0,0.0,0.39780880120575696
11213,1.0,1.0,1.0,0.0,0.0,0.03225806451612903,1.0,1.0,1.0,1.0
11220,0.8772153153380493,1.0,1.0,0.0,0.0,0.05,0.0,0.0,0.0,0.8772153153380493
11226,1.0,1.0,1.0,1.0,1.0,1.0,0.6309297535714575,1.0,0.5,0.0
11229,1.0,1.0,1.0,1.0,1.0,1.0,1.0,1.0,1.0,0.0
11230,1.0,1.0,1.0,1.0,1.0,1.0,0.6309297535714575,1.0,0.5,0.0
11235,1.0,1.0,1.0,0.6309297535714575,1.0,0.5,0.6309297535714575,1.0,0.5,0.36907024642854247
11237,0.9066276098484507,1.0,1.0,0.6105456988825855,0.6666666666666666,1.0,0.20210734650054757,0.3333333333333333,0.25,0.2960819109658652
11239,0.5307212739772434,0.6666666666666666,0.5,0.7653606369886217,0.6666666666666666,1.0,0.0,0.0,0.07142857142857142,-0.23463936301137822
1124,0.4227898344066503,1.0,0.16666666666666666,0.6131471927654584,0.5,1.0,0.0,0.0,0.0136986301369863,-0.19035735835880807
11246,1.0,1.0,1.0,1.0,1.0,1.0,0.0,0.0,0.02040816326530612,0.0
11247,0.7532831509624124,0.8,1.0,0.4412576003965278,0.4,1.0,0.5087403079104241,0.4,1.0,0.3120255505658846
11251,0.4034698846650846,0.3333333333333333,1.0,0.30260241349881345,0.16666666666666666,1.0,0.601312434202259,0.5,1.0,0.10086747116627115
11257,1.0,1.0,1.0,1.0,1.0,1.0,0.0,0.0,0.012987012987012988,0.0
11266,1.0,1.0,1.0,0.6509209298071326,1.0,0.5,1.0,1.0,1.0,0.34907907019286744
11273,0.5912352048230277,1.0,0.5,0.0,0.0,0.07692307692307693,0.42177340954886444,1.0,0.2,0.5912352048230277
11277,0.8772153153380493,1.0,1.0,0.8772153153380493,1.0,1.0,0.6131471927654584,0.5,1.0,0.0
1128,1.0,1.0,1.0,1.0,1.0,1.0,1.0,1.0,1.0,0.0
11282,1.0,1.0,1.0,0.5,1.0,0.3333333333333333,0.5,1.0,0.3333333333333333,0.5
11289,0.0,0.0,0.05263157894736842,0.0,0.0,0.06666666666666667,0.0,0.0,0.034482758620689655,0.0
11290,0.8503449055347546,1.0,1.0,0.6131471927654584,0.5,1.0,0.0,0.0,0.09090909090909091,0.23719771276929624
1130,0.16812753627111746,0.25,0.25,0.4144299250118475,0.5,0.5,0.0,0.0,0.0,-0.24630238874073004
11305,0.2890648263178879,1.0,0.1,0.2890648263178879,1.0,0.1,0.0,0.0,0.016129032258064516,0.0
11306,0.5319460297682747,0.75,0.5,0.11284514134893527,0.25,0.1,0.0,0.0,0.041666666666666664,0.4191008884193394
11318,0.6309297535714575,1.0,0.5,0.3010299956639812,1.0,0.1111111111111111,0.0,0.0,0.0,0.32989975790747633
11319,0.7100281367210132,1.0,0.5,0.3903800499921017,0.25,1.0,0.0,0.0,0.07692307692307693,0.3196480867289115
1133,1.0,1.0,1.0,0.43067655807339306,1.0,0.25,1.0,1.0,1.0,0.5693234419266069
11335,1.0,1.0,1.0,1.0,1.0,1.0,0.6309297535714575,1.0,0.5,0.0
11353,0.0,0.0,0.034482758620689655,0.0,0.0,0.043478260869565216,0.0,0.0,0.0,0.0
11358,1.0,1.0,1.0,0.6131471927654584,0.5,1.0,0.9197207891481876,1.0,1.0,0.38685280723454163
1136,0.6131471927654584,0.5,1.0,0.5912352048230277,1.0,0.5,0.5012658353418871,1.0,0.25,0.021911987942430655
11360,0.6309297535714575,1.0,0.5,1.0,1.0,1.0,0.0,0.0,0.06666666666666667,-0.36907024642854247
11363,0.3065735963827292,0.5,0.3333333333333333,0.6131471927654584,0.5,1.0,0.0,0.0,0.06666666666666667,-0.3065735963827292
11368,0.75369761125927,0.75,1.0,0.5135312443624667,0.5,1.0,0.6975637657739948,0.75,1.0,0.24016636689680337
11369,1.0,1.0,1.0,0.20210734650054757,0.3333333333333333,0.25,0.46927872602275644,0.3333333333333333,1.0,0.7978926534994524
11371,0.3562071871080222,1.0,0.16666666666666666,1.0,1.0,1.0,0.0,0.0,0.07692307692307693,-0.6437928128919779
1138,1.0,1.0,1.0,0.0,0.0,0.09090909090909091,1.0,1.0,1.0,1.0
1140,0.7653606369886217,0.6666666666666666,1.0,0.431733884398313,0.6666666666666666,0.5,0.15642624200758548,0.3333333333333333,0.14285714285714285,0.33362675259030866
11401,0.6309297535714575,1.0,0.5,0.6309297535714575,1.0,0.5,1.0,1.0,1.0,0.0
11410,0.3333333333333333,1.0,0.14285714285714285,0.3333333333333333,1.0,0.14285714285714285,0.43067655807339306,1.0,0.25,0.0
11411,0.6309297535714575,1.0,0.5,0.0,0.0,0.030303030303030304,0.0,0.0,0.030303030303030304,0.6309297535714575
11414,0.46927872602275644,0.3333333333333333,1.0,0.46927872602275644,0.3333333333333333,1.0,0.0,0.0,0.06666666666666667,0.0
11415,0.9674679834891693,1.0,1.0,0.7653606369886217,0.6666666666666666,1.0,0.7039180890341347,0.6666666666666666,1.0,0.20210734650054762
11417,0.6309297535714575,1.0,0.5,0.0,0.0,0.02040816326530612,0.0,0.0,0.0625,0.6309297535714575
11418,0.8175295903539445,1.0,1.0,1.0,1.0,1.0,0.0,0.0,0.0,-0.18247040964605554
1143,1.0,1.0,1.0,1.0,1.0,1.0,1.0,1.0,1.0,0.0
1144,0.6309297535714575,1.0,0.5,1.0,1.0,1.0,0.0,0.0,0.0,-0.36907024642854247
11443,1.0,1.0,1.0,1.0,1.0,1.0,0.3333333333333333,1.0,0.14285714285714285,0.0
11456,0.0,0.0,0.0,0.0,0.0,0.014285714285714285,0.0,0.0,0.038461538461538464,0.0
11457,0.6366824387328317,0.5,1.0,0.19519002499605084,0.25,0.3333333333333333,0.3903800499921017,0.25,1.0,0.44149241373678083
11469,0.430624116386567,1.0,0.2,0.6131471927654584,0.5,1.0,0.0,0.0,0.0,-0.18252307637889137
11473,0.3562071871080222,1.0,0.16666666666666666,1.0,1.0,1.0,0.6309297535714575,1.0,0.5,-0.6437928128919779
11476,0.0,0.0,0.06666666666666667,0.6663732474096913,1.0,0.5,0.2893079283427616,0.6666666666666666,0.125,-0.6663732474096913
11479,0.5356949866046503,0.8,0.3333333333333333,0.16958010263680806,0.2,0.3333333333333333,0.0,0.0,0.09090909090909091,0.36611488396784225
1148,0.9828920819566879,1.0,1.0,0.7541985434892589,0.75,1.0,0.8899603164338973,1.0,1.0,0.22869353846742901
11488,1.0,1.0,1.0,0.9469024295259745,1.0,1.0,0.46927872602275644,0.3333333333333333,1.0,0.053097570474025524
11489,0.4792350074047671,1.0,0.2,0.20210734650054757,0.3333333333333333,0.25,0.23463936301137822,0.3333333333333333,0.3333333333333333,0.27712766090421953
11503,0.0,0.0,0.0625,0.0,0.0,0.0,0.0,0.0,0.0,0.0
11507,0.6967728672917264,0.6666666666666666,1.0,0.11706259313796354,0.16666666666666666,0.2,0.11706259313796354,0.16666666666666666,0.2,0.5797102741537629
1151,1.0,1.0,1.0,1.0,1.0,1.0,1.0,1.0,1.0,0.0
11514,1.0,1.0,1.0,1.0,1.0,1.0,0.19519002499605084,0.25,0.3333333333333333,0.0
11515,0.9197207891481876,1.0,1.0,0.23719771276929622,0.5,0.2,0.38685280723454163,0.5,0.5,0.6825230763788913
11521,1.0,1.0,1.0,1.0,1.0,1.0,1.0,1.0,1.0,0.0
11522,1.0,1.0,1.0,1.0,1.0,1.0,0.6240505200038379,1.0,0.5,0.0
11524,0.5249810332008933,1.0,0.3333333333333333,1.0,1.0,1.0,0.0,0.0,0.037037037037037035,-0.4750189667991067
1153,0.6309297535714575,1.0,0.5,0.0,0.0,0.07692307692307693,0.3010299956639812,1.0,0.1111111111111111,0.6309297535714575
11542,0.6978817289434457,1.0,0.5,0.5723986829443736,1.0,0.3333333333333333,0.4899692203633839,1.0,0.2,0.12548304599907212
11546,1.0,1.0,1.0,0.7653606369886217,0.6666666666666666,1.0,0.0,0.0,0.05555555555555555,0.23463936301137833
11547,0.8318724637288826,0.75,1.0,0.6804558477306826,0.75,1.0,0.6366824387328317,0.5,1.0,0.1514166159982
11549,1.0,1.0,1.0,0.0,0.0,0.0,1.0,1.0,1.0,1.0
11557,1.0,1.0,1.0,0.6309297535714575,1.0,0.5,0.6309297535714575,1.0,0.5,0.36907024642854247
11559,1.0,1.0,1.0,1.0,1.0,1.0,1.0,1.0,1.0,0.0
11561,0.5147714448836774,0.6,0.5,0.5531464700081437,0.4,1.0,0.13120507751234178,0.2,0.2,-0.03837502512446622
11563,0.6309297535714575,1.0,0.5,0.2890648263178879,1.0,0.1,0.3562071871080222,1.0,0.16666666666666666,0.34186492725356965
11566,0.6240505200038379,1.0,0.5,0.0,0.0,0.07692307692307693,0.39780880120575696,1.0,0.14285714285714285,0.6240505200038379
11570,0.9493885684853097,1.0,1.0,0.9558295932317544,1.0,1.0,0.9493885684853097,1.0,1.0,-0.006441024746444701
11579,0.9197207891481876,1.0,1.0,0.5912352048230277,1.0,0.5,0.17723928678404774,0.5,0.1,0.32848558432515984
11580,1.0,1.0,1.0,0.9197207891481876,1.0,1.0,1.0,1.0,1.0,0.08027921085181244
11583,0.5855700749881525,0.5,1.0,0.3903800499921017,0.25,1.0,0.4144299250118475,0.5,0.5,0.19519002499605081
11597,0.5802792108518124,1.0,0.5,0.6509209298071326,1.0,0.5,0.0,0.0,0.09090909090909091,-0.07064171895532012
11598,0.0,0.0,0.03125,0.0,0.0,0.05263157894736842,0.0,0.0,0.0,0.0
11609,0.9197207891481876,1.0,1.0,0.45560514958746035,1.0,0.2,0.48247555939075504,1.0,0.25,0.4641156395607272
11610,1.0,1.0,1.0,0.13905617951077562,0.25,0.16666666666666666,0.3903800499921017,0.25,1.0,0.8609438204892244
11611,1.0,1.0,1.0,1.0,1.0,1.0,0.0,0.0,0.05263157894736842,0.0
11613,0.0,0.0,0.07692307692307693,0.20438239758848611,0.5,0.14285714285714285,0.0,0.0,0.06666666666666667,-0.20438239758848611
11624,1.0,1.0,1.0,1.0,1.0,1.0,1.0,1.0,1.0,0.0
11625,0.75369761125927,0.75,1.0,0.8318724637288826,0.75,1.0,0.4373103991125936,0.75,0.25,-0.07817485246961253
1163,0.9828920819566879,1.0,1.0,1.0,1.0,1.0,0.8318724637288826,0.75,1.0,-0.01710791804331213
11642,1.0,1.0,1.0,0.3333333333333333,1.0,0.14285714285714285,0.0,0.0,0.06666666666666667,0.6666666666666667
11643,0.19342640361727081,0.5,0.125,0.8772153153380493,1.0,1.0,0.18457569677956817,0.5,0.1111111111111111,-0.6837889117207785
11655,1.0,1.0,1.0,0.9197207891481876,1.0,1.0,0.9197207891481876,1.0,1.0,0.08027921085181244
11660,0.7227265726449519,0.6,1.0,0.3391602052736161,0.2,1.0,0.0,0.0,0.0,0.38356636737133576
11663,1.0,1.0,1.0,0.6131471927654584,0.5,1.0,0.6509209298071326,1.0,0.5,0.38685280723454163
11664,0.5,1.0,0.3333333333333333,0.6309297535714575,1.0,0.5,1.0,1.0,1.0,-0.13092975357145753
11666,0.6934264036172708,1.0,0.5,0.5706417189553201,1.0,0.3333333333333333,0.5012658353418871,1.0,0.25,0.1227846846619507
11668,1.0,1.0,1.0,1.0,1.0,1.0,1.0,1.0,1.0,0.0
11669,0.43067655807339306,1.0,0.25,0.6309297535714575,1.0,0.5,0.6309297535714575,1.0,0.5,-0.20025319549806447
11670,1.0,1.0,1.0,1.0,1.0,1.0,0.0,0.0,0.030303030303030304,0.0
11672,1.0,1.0,1.0,0.20210734650054757,0.3333333333333333,0.25,0.20210734650054757,0.3333333333333333,0.25,0.7978926534994524
11680,1.0,1.0,1.0,1.0,1.0,1.0,0.6309297535714575,1.0,0.5,0.0
11683,1.0,1.0,1.0,0.38685280723454163,0.5,0.5,0.19342640361727081,0.5,0.125,0.6131471927654584
11698,0.918839123725715,0.8888888888888888,1.0,0.4958368366663711,0.5555555555555556,0.5,0.8508957228074242,0.7777777777777778,1.0,0.4230022870593439
11703,1.0,1.0,1.0,1.0,1.0,1.0,1.0,1.0,1.0,0.0
11709,0.23719771276929622,0.5,0.2,0.6240505200038379,1.0,0.5,0.21840743681816419,0.5,0.16666666666666666,-0.38685280723454163
1172,0.8315546295836225,1.0,1.0,0.6131471927654584,0.5,1.0,0.6131471927654584,0.5,1.0,0.2184074368181641
11736,0.43334518829986224,1.0,0.14285714285714285,0.2960819109658652,0.3333333333333333,0.5,0.0,0.0,0.03125,0.137263277333997
11739,0.0,0.0,0.04,1.0,1.0,1.0,0.0,0.0,0.0,-1.0
11745,0.0,0.0,0.041666666666666664,0.0,0.0,0.02702702702702703,0.38685280723454163,1.0,0.2,0.0
11748,1.0,1.0,1.0,1.0,1.0,1.0,1.0,1.0,1.0,0.0
11753,1.0,1.0,1.0,0.0,0.0,0.02564102564102564,1.0,1.0,1.0,1.0
11755,0.8503449055347546,1.0,1.0,0.38685280723454163,0.5,0.5,0.0,0.0,0.07692307692307693,0.463492098300213
11766,0.8072467605676945,1.0,1.0,0.0,0.0,0.08333333333333333,0.15642624200758548,0.3333333333333333,0.14285714285714285,0.8072467605676945
11769,1.0,1.0,1.0,0.6131471927654584,0.5,1.0,0.6131471927654584,0.5,1.0,0.38685280723454163
11770,0.6131471927654584,0.5,1.0,1.0,1.0,1.0,0.6131471927654584,0.5,1.0,-0.38685280723454163
11787,0.0,0.0,0.07142857142857142,0.0,0.0,0.03333333333333333,0.0,0.0,0.0,0.0
11789,1.0,1.0,1.0,0.9197207891481876,1.0,1.0,0.38685280723454163,0.5,0.5,0.08027921085181244
11791,0.7977228895450266,1.0,1.0,0.448643819352159,1.0,0.25,0.9197207891481876,1.0,1.0,0.34907907019286755
118,0.0,0.0,0.03225806451612903,0.43067655807339306,1.0,0.25,0.0,0.0,0.0,-0.43067655807339306
11807,0.21840743681816419,0.5,0.16666666666666666,0.38685280723454163,0.5,0.5,0.5109559939712153,1.0,0.3333333333333333,-0.16844537041637744
11810,1.0,1.0,1.0,0.0,0.0,0.025,0.6309297535714575,1.0,0.5,1.0
11821,0.9838048780283076,1.0,1.0,0.8529794827885765,0.8333333333333334,1.0,0.7316362001126298,0.6666666666666666,1.0,0.13082539523973113
11828,1.0,1.0,1.0,0.6309297535714575,1.0,0.5,0.5,1.0,0.3333333333333333,0.36907024642854247
11831,0.0,0.0,0.09090909090909091,0.6131471927654584,0.5,1.0,0.0,0.0,0.05263157894736842,-0.6131471927654584
11836,0.43067655807339306,1.0,0.25,0.0,0.0,0.037037037037037035,0.31546487678572877,1.0,0.125,0.43067655807339306
1185,1.0,1.0,1.0,1.0,1.0,1.0,1.0,1.0,1.0,0.0
11851,0.38685280723454163,0.5,0.5,0.21840743681816419,0.5,0.16666666666666666,0.20438239758848611,0.5,0.14285714285714285,0.16844537041637744
11852,1.0,1.0,1.0,1.0,1.0,1.0,1.0,1.0,1.0,0.0
11857,1.0,1.0,1.0,0.6364391809889587,0.6666666666666666,1.0,0.23463936301137822,0.3333333333333333,0.3333333333333333,0.3635608190110413
11860,0.8200261225503443,0.8,1.0,0.9609247825245575,1.0,1.0,0.4808659172767282,0.6,0.5,-0.14089865997421314
11871,0.5912352048230277,1.0,0.5,0.8175295903539445,1.0,1.0,0.8315546295836225,1.0,1.0,-0.22629438553091674
11873,0.23719771276929622,0.5,0.2,0.0,0.0,0.045454545454545456,0.0,0.0,0.043478260869565216,0.23719771276929622
11874,1.0,1.0,1.0,0.5,1.0,0.3333333333333333,0.6309297535714575,1.0,0.5,0.5
11876,0.8318724637288826,0.75,1.0,0.7087212693585175,0.75,1.0,0.369453583111095,0.5,0.5,0.12315119437036504
11882,0.5,1.0,0.3333333333333333,0.38685280723454163,1.0,0.2,0.0,0.0,0.017543859649122806,0.11314719276545837
11902,0.3562071871080222,1.0,0.16666666666666666,1.0,1.0,1.0,0.3010299956639812,1.0,0.1111111111111111,-0.6437928128919779
11905,0.0,0.0,0.05,0.0,0.0,0.0,0.38685280723454163,1.0,0.2,0.0
11909,0.7653606369886217,0.6666666666666666,1.0,0.7653606369886217,0.6666666666666666,1.0,0.0,0.0,0.09090909090909091,0.0
11911,0.45560514958746035,1.0,0.2,0.6052602440527057,1.0,0.5,0.37800210039683896,1.0,0.125,-0.1496550944652454
11916,0.9818483242455303,1.0,1.0,0.49661976912920763,0.6,0.5,0.48522855511632257,0.4,1.0,0.4852285551163226
11918,1.0,1.0,1.0,0.43067655807339306,1.0,0.25,1.0,1.0,1.0,0.5693234419266069
11920,0.48160565320269266,0.6,0.5,0.20503241819862084,0.4,0.125,0.5982819568741946,0.6,1.0,0.2765732350040718
11922,0.5855700749881525,0.5,1.0,0.5585075862632192,0.5,1.0,0.3903800499921017,0.25,1.0,0.02706248872493333
11931,1.0,1.0,1.0,1.0,1.0,1.0,1.0,1.0,1.0,0.0
11935,0.6934264036172708,1.0,0.5,0.48247555939075504,1.0,0.25,0.6509209298071326,1.0,0.5,0.21095084422651578
1194,1.0,1.0,1.0,0.0,0.0,0.0,1.0,1.0,1.0,1.0
11942,0.5,1.0,0.3333333333333333,0.0,0.0,0.043478260869565216,0.3333333333333333,1.0,0.14285714285714285,0.5
11957,0.9709286432396583,1.0,1.0,0.75369761125927,0.75,1.0,0.5654495432396527,0.75,0.5,0.2172310319803883
11964,0.8048099750039491,0.75,1.0,0.8318724637288826,0.75,1.0,0.9550236580992476,1.0,1.0,-0.027062488724933442
1197,0.8358912271816661,0.75,1.0,0.5498307986729412,0.5,1.0,0.26852556974265224,0.25,0.5,0.28606042850872493
11975,0.9217868789962071,1.0,1.0,0.16716045496620227,0.3333333333333333,0.16666666666666666,0.5853898393086269,1.0,0.5,0.7546264240300049
1198,1.0,1.0,1.0,0.2890648263178879,1.0,0.1,1.0,1.0,1.0,0.7109351736821121
11984,0.617319681505689,0.6666666666666666,1.0,0.0,0.0,0.05263157894736842,0.7653606369886217,0.6666666666666666,1.0,0.617319681505689
11992,1.0,1.0,1.0,0.0,0.0,0.013157894736842105,1.0,1.0,1.0,1.0
11993,0.5437713091520254,1.0,0.3333333333333333,0.6509209298071326,1.0,0.5,0.38685280723454163,0.5,0.5,-0.10714962065510714
11997,1.0,1.0,1.0,0.9438661545147249,1.0,1.0,1.0,1.0,1.0,0.05613384548527511
12009,0.38685280723454163,1.0,0.2,0.43067655807339306,1.0,0.25,0.0,0.0,0.021739130434782608,-0.04382375083885143
12011,0.9197207891481876,1.0,1.0,0.6131471927654584,0.5,1.0,0.6131471927654584,0.5,1.0,0.3065735963827292
12012,0.0,0.0,0.0,0.0,0.0,0.0,0.0,0.0,0.0,0.0
12014,0.7258641324729064,1.0,0.5,0.21398626473452756,0.2,0.5,0.2442584792702138,0.4,0.2,0.5118778677383788
12017,1.0,1.0,1.0,0.6309297535714575,1.0,0.5,0.0,0.0,0.0,0.36907024642854247
12022,1.0,1.0,1.0,1.0,1.0,1.0,1.0,1.0,1.0,0.0
12034,0.6309297535714575,1.0,0.5,1.0,1.0,1.0,0.0,0.0,0.0625,-0.36907024642854247
12037,0.4852658227346317,0.75,0.3333333333333333,0.8104089071229301,1.0,1.0,0.16812753627111746,0.25,0.25,-0.3251430843882984
12041,1.0,1.0,1.0,1.0,1.0,1.0,0.6309297535714575,1.0,0.5,0.0
12051,0.46927872602275644,0.3333333333333333,1.0,0.20210734650054757,0.3333333333333333,0.25,0.13565197343244778,0.3333333333333333,0.1,0.2671713795222089
12057,0.4808659172767282,0.6,0.5,0.0,0.0,0.03571428571428571,0.10699313236726378,0.2,0.125,0.4808659172767282
12063,1.0,1.0,1.0,0.0,0.0,0.09090909090909091,0.6131471927654584,0.5,1.0,1.0
12066,0.9197207891481876,1.0,1.0,0.9197207891481876,1.0,1.0,0.23719771276929622,0.5,0.2,0.0
1207,0.6364391809889587,0.6666666666666666,1.0,0.8519590445170673,1.0,1.0,0.0,0.0,0.038461538461538464,-0.2155198635281086
12082,0.7036997876179215,1.0,0.5,0.6891352018239085,1.0,0.5,0.4637257479802832,0.75,0.3333333333333333,0.014564585794012985
12094,0.6509209298071326,1.0,0.5,0.0,0.0,0.058823529411764705,0.38685280723454163,0.5,0.5,0.6509209298071326
12104,1.0,1.0,1.0,0.9134015924715543,1.0,1.0,0.7653606369886217,0.6666666666666666,1.0,0.08659840752844572
12116,0.369453583111095,0.5,0.5,0.0,0.0,0.058823529411764705,0.0,0.0,0.0625,0.369453583111095
12129,0.32703966649239957,0.4,0.5,0.44615333764087994,0.4,1.0,0.0,0.0,0.08333333333333333,-0.11911367114848037
12138,1.0,1.0,1.0,0.6309297535714575,1.0,0.5,1.0,1.0,1.0,0.36907024642854247
12139,0.8315546295836225,1.0,1.0,0.5012658353418871,1.0,0.25,1.0,1.0,1.0,0.3302887942417354
12151,1.0,1.0,1.0,1.0,1.0,1.0,1.0,1.0,1.0,0.0
12157,0.6131471927654584,0.5,1.0,0.17723928678404774,0.5,0.1,0.38685280723454163,0.5,0.5,0.4359079059814106
12160,0.9058653015743079,1.0,1.0,0.5078961547485289,0.5,1.0,0.6380228380792293,0.75,1.0,0.397969146825779
12162,0.0,0.0,0.08333333333333333,0.0,0.0,0.0,0.0,0.0,0.0,0.0
12165,0.3482538302146053,0.5,0.25,0.09109240322345806,0.16666666666666666,0.1111111111111111,0.11706259313796354,0.16666666666666666,0.2,0.25716142699114725
12166,1.0,1.0,1.0,1.0,1.0,1.0,1.0,1.0,1.0,0.0
12169,0.8519590445170673,1.0,1.0,0.7653606369886217,0.6666666666666666,1.0,0.7653606369886217,0.6666666666666666,1.0,0.08659840752844561
12172,0.8175295903539445,1.0,1.0,0.0,0.0,0.05,0.0,0.0,0.0,0.8175295903539445
12174,0.7087212693585175,0.75,1.0,0.8276904491046954,1.0,1.0,0.8597408875863228,1.0,1.0,-0.11896917974617782
12184,1.0,1.0,1.0,0.7653606369886217,0.6666666666666666,1.0,0.3379680345449381,0.6666666666666666,0.2,0.23463936301137833
12196,0.43734888382569426,0.6666666666666666,0.5,0.46927872602275644,0.3333333333333333,1.0,0.2960819109658652,0.3333333333333333,0.5,-0.031929842197062186
12203,1.0,1.0,1.0,0.7977228895450266,1.0,1.0,0.8315546295836225,1.0,1.0,0.20227711045497343
12204,0.7653606369886217,0.6666666666666666,1.0,0.9010126104210695,1.0,1.0,0.5307212739772434,0.6666666666666666,0.5,-0.13565197343244784
12205,1.0,1.0,1.0,1.0,1.0,1.0,1.0,1.0,1.0,0.0
12209,0.5012658353418871,1.0,0.25,1.0,1.0,1.0,0.0,0.0,0.01282051282051282,-0.49873416465811293
12213,0.34870224750355494,0.6666666666666666,0.2,0.46927872602275644,0.3333333333333333,1.0,0.30281242839865,0.6666666666666666,0.16666666666666666,-0.1205764785192015
12220,0.3010299956639812,1.0,0.1111111111111111,0.0,0.0,0.043478260869565216,0.0,0.0,0.034482758620689655,0.3010299956639812
12221,0.5805485932475565,0.75,0.5,0.13012668333070054,0.25,0.14285714285714285,0.0,0.0,0.05555555555555555,0.45042190991685593
12224,0.6364391809889587,0.6666666666666666,1.0,0.23463936301137822,0.3333333333333333,0.3333333333333333,0.6787622294601761,1.0,0.5,0.40179981797758046
12225,0.46927872602275644,0.3333333333333333,1.0,0.46927872602275644,0.3333333333333333,1.0,0.16716045496620227,0.3333333333333333,0.16666666666666666,0.0
12226,0.43067655807339306,1.0,0.25,0.0,0.0,0.07692307692307693,0.3562071871080222,1.0,0.16666666666666666,0.43067655807339306
12234,0.6131471927654584,0.5,1.0,0.6131471927654584,0.5,1.0,0.6131471927654584,0.5,1.0,0.0
12246,0.9325210919548239,1.0,1.0,0.9134015924715543,1.0,1.0,0.9060254355346823,1.0,1.0,0.01911949948326963
12249,0.6309297535714575,1.0,0.5,1.0,1.0,1.0,0.3333333333333333,1.0,0.14285714285714285,-0.36907024642854247
1225,0.5912352048230277,1.0,0.5,0.20438239758848611,0.5,0.14285714285714285,0.21840743681816419,0.5,0.16666666666666666,0.38685280723454163
12259,0.8325036712789009,0.8333333333333334,1.0,0.3422220729283414,0.3333333333333333,0.5,0.5043113635726367,0.6666666666666666,0.5,0.4902815983505595
12260,0.2640681225725909,0.5,0.25,0.0,0.0,0.0,0.0,0.0,0.07692307692307693,0.2640681225725909
12266,1.0,1.0,1.0,1.0,1.0,1.0,0.6131471927654584,0.5,1.0,0.0
1227,1.0,1.0,1.0,0.2960819109658652,0.3333333333333333,0.5,1.0,1.0,1.0,0.7039180890341348
12279,0.6934264036172708,1.0,0.5,0.0,0.0,0.07142857142857142,0.0,0.0,0.0625,0.6934264036172708
12282,1.0,1.0,1.0,0.40298313359773236,1.0,0.16666666666666666,0.6131471927654584,0.5,1.0,0.5970168664022677
12285,1.0,1.0,1.0,1.0,1.0,1.0,0.0,0.0,0.030303030303030304,0.0
12293,0.8772153153380493,1.0,1.0,0.6131471927654584,0.5,1.0,0.9197207891481876,1.0,1.0,0.26406812257259094
12295,1.0,1.0,1.0,0.8385465274895063,1.0,1.0,0.499800561367962,1.0,0.25,0.1614534725104937
12296,0.0,0.0,0.047619047619047616,0.0,0.0,0.025,0.3562071871080222,1.0,0.16666666666666666,0.0
12298,0.6309297535714575,1.0,0.5,0.6309297535714575,1.0,0.5,0.43067655807339306,1.0,0.25,0.0
12314,0.4144299250118475,0.5,0.5,0.19519002499605084,0.25,0.3333333333333333,0.13012668333070054,0.25,0.14285714285714285,0.21923990001579666
12320,1.0,1.0,1.0,1.0,1.0,1.0,1.0,1.0,1.0,0.0
12329,0.7122630665145961,1.0,0.5,0.6257049680303419,0.6666666666666666,1.0,0.1480409554829326,0.3333333333333333,0.125,0.08655809848425422
12333,0.8539316501572937,0.8,1.0,0.3391602052736161,0.2,1.0,0.8013122149737618,0.8,1.0,0.5147714448836775
12335,0.9838048780283076,1.0,1.0,0.7887616933979624,0.8333333333333334,1.0,0.7316362001126298,0.6666666666666666,1.0,0.1950431846303452
12340,0.7899917627398735,0.7142857142857143,1.0,0.6452968472213755,0.7142857142857143,1.0,0.4917715788042037,0.42857142857142855,1.0,0.144694915518498
12347,1.0,1.0,1.0,1.0,1.0,1.0,1.0,1.0,1.0,0.0
12349,0.6309297535714575,1.0,0.5,0.2890648263178879,1.0,0.1,0.3562071871080222,1.0,0.16666666666666666,0.34186492725356965
1235,0.43067655807339306,1.0,0.25,0.6309297535714575,1.0,0.5,0.0,0.0,0.03571428571428571,-0.20025319549806447
12351,0.5,1.0,0.3333333333333333,0.6309297535714575,1.0,0.5,0.0,0.0,0.08333333333333333,-0.13092975357145753
12356,0.6309297535714575,1.0,0.5,0.0,0.0,0.0,0.43067655807339306,1.0,0.25,0.6309297535714575
12359,0.43067655807339306,1.0,0.25,0.6309297535714575,1.0,0.5,0.5,1.0,0.3333333333333333,-0.20025319549806447
12366,0.6509209298071326,1.0,0.5,0.6509209298071326,1.0,0.5,0.0,0.0,0.022222222222222223,0.0
12369,0.6309297535714575,1.0,0.5,0.3562071871080222,1.0,0.16666666666666666,0.3333333333333333,1.0,0.14285714285714285,0.27472256646343535
1237,0.5531464700081437,0.4,1.0,0.5531464700081437,0.4,1.0,0.38356636737133565,0.4,0.5,0.0
12373,1.0,1.0,1.0,0.6309297535714575,1.0,0.5,0.6309297535714575,1.0,0.5,0.36907024642854247
12379,1.0,1.0,1.0,1.0,1.0,1.0,0.6309297535714575,1.0,0.5,0.0
1238,0.6309297535714575,1.0,0.5,0.0,0.0,0.045454545454545456,1.0,1.0,1.0,0.6309297535714575
12384,1.0,1.0,1.0,0.5,1.0,0.3333333333333333,0.6309297535714575,1.0,0.5,0.5
1239,1.0,1.0,1.0,1.0,1.0,1.0,1.0,1.0,1.0,0.0
12392,0.19342640361727081,0.5,0.125,0.0,0.0,0.02702702702702703,0.0,0.0,0.04,0.19342640361727081
12394,1.0,1.0,1.0,0.9047172294870751,1.0,1.0,0.7365896932159578,0.75,1.0,0.09528277051292489
12399,0.41183384043543503,1.0,0.16666666666666666,1.0,1.0,1.0,0.21840743681816419,0.5,0.16666666666666666,-0.588166159564565
1240,0.9349366583346498,1.0,1.0,0.6380228380792293,0.75,1.0,0.7668091220635322,0.75,1.0,0.29691382025542046
12415,0.9619991470595832,1.0,1.0,0.8048099750039491,0.75,1.0,0.8104089071229301,1.0,1.0,0.1571891720556341
1244,1.0,1.0,1.0,0.0,0.0,0.0136986301369863,0.36926780146674987,0.6666666666666666,0.25,1.0
12440,0.9062487935025676,0.875,1.0,0.3586255783950199,0.375,0.5,0.2529427027676571,0.125,1.0,0.5476232151075477
1245,0.8503449055347546,1.0,1.0,0.6934264036172708,1.0,0.5,0.8772153153380493,1.0,1.0,0.1569185019174838
12454,1.0,1.0,1.0,0.0,0.0,0.0,0.0,0.0,0.0,1.0
12455,0.8277566336180304,0.8333333333333334,1.0,0.27839258028034286,0.3333333333333333,0.5,0.6887841483036672,0.6666666666666666,1.0,0.5493640533376876
12459,0.7653606369886217,0.6666666666666666,1.0,0.7039180890341347,0.6666666666666666,1.0,0.41618115554873086,0.6666666666666666,0.3333333333333333,0.061442547954487
1247,1.0,1.0,1.0,0.31546487678572877,1.0,0.125,1.0,1.0,1.0,0.6845351232142712
12472,0.6240505200038379,1.0,0.5,0.48247555939075504,1.0,0.25,0.0,0.0,0.09090909090909091,0.14157496061308283
12480,0.5585075862632192,0.5,1.0,0.5413996682199069,0.5,1.0,0.0,0.0,0.029411764705882353,0.017107918043312242
12481,1.0,1.0,1.0,0.0,0.0,0.0,0.43067655807339306,1.0,0.25,1.0
12482,0.7653606369886217,0.6666666666666666,1.0,0.36926780146674987,0.6666666666666666,0.25,0.41618115554873086,0.6666666666666666,0.3333333333333333,0.3960928355218718
12488,0.38685280723454163,1.0,0.2,0.0,0.0,0.018867924528301886,0.0,0.0,0.03225806451612903,0.38685280723454163
125,1.0,1.0,1.0,0.6309297535714575,1.0,0.5,0.5,1.0,0.3333333333333333,0.36907024642854247
12500,0.6131471927654584,0.5,1.0,0.6131471927654584,0.5,1.0,0.6131471927654584,0.5,1.0,0.0
12509,1.0,1.0,1.0,0.6131471927654584,0.5,1.0,0.8772153153380493,1.0,1.0,0.38685280723454163
1251,0.787702056960637,0.75,1.0,0.7598336331031966,0.75,1.0,0.7087212693585175,0.75,1.0,0.027868423857440372
12510,0.0,0.0,0.09090909090909091,0.0,0.0,0.01818181818181818,0.2640681225725909,0.5,0.25,0.0
12519,1.0,1.0,1.0,1.0,1.0,1.0,0.38685280723454163,0.5,0.5,0.0
1252,0.9197207891481876,1.0,1.0,0.5437713091520254,1.0,0.3333333333333333,0.430624116386567,1.0,0.2,0.37594947999616213
12524,0.6992148198508501,0.6,1.0,0.10209739512291163,0.2,0.1111111111111111,0.9330795243082165,1.0,1.0,0.5971174247279385
12526,1.0,1.0,1.0,1.0,1.0,1.0,1.0,1.0,1.0,0.0
1253,0.8927537907700456,1.0,1.0,0.8485833840018,1.0,1.0,1.0,1.0,1.0,0.044170406768245574
12530,0.7653606369886217,0.6666666666666666,1.0,0.0,0.0,0.08333333333333333,0.0,0.0,0.0,0.7653606369886217
12535,1.0,1.0,1.0,1.0,1.0,1.0,1.0,1.0,1.0,0.0
12536,0.9197207891481876,1.0,1.0,0.2640681225725909,0.5,0.25,0.0,0.0,0.0,0.6556526665755966
12540,0.0,0.0,0.047619047619047616,0.16716045496620227,0.3333333333333333,0.16666666666666666,0.0,0.0,0.047619047619047616,-0.16716045496620227
12545,0.5,1.0,0.3333333333333333,0.0,0.0,0.013333333333333334,1.0,1.0,1.0,0.5
12553,1.0,1.0,1.0,1.0,1.0,1.0,1.0,1.0,1.0,0.0
12556,1.0,1.0,1.0,0.0,0.0,0.0,0.5,1.0,0.3333333333333333,1.0
12560,1.0,1.0,1.0,1.0,1.0,1.0,1.0,1.0,1.0,0.0
12563,0.9197207891481876,1.0,1.0,0.0,0.0,0.03571428571428571,0.6131471927654584,0.5,1.0,0.9197207891481876
12571,1.0,1.0,1.0,0.6309297535714575,1.0,0.5,1.0,1.0,1.0,0.36907024642854247
12572,0.2890648263178879,1.0,0.1,0.38685280723454163,1.0,0.2,0.3333333333333333,1.0,0.14285714285714285,-0.09778798091665375
12574,0.9896062251871525,1.0,1.0,0.7426050123677904,0.8,1.0,0.0,0.0,0.015625,0.24700121281936205
1258,0.6601396023754075,0.6,1.0,0.4703652827859579,0.4,1.0,0.8539316501572937,0.8,1.0,0.18977431958944957
12597,0.5706417189553201,1.0,0.3333333333333333,0.23719771276929622,0.5,0.2,0.38685280723454163,0.5,0.5,0.3334440061860239
126,0.43067655807339306,1.0,0.25,0.5,1.0,0.3333333333333333,0.31546487678572877,1.0,0.125,-0.06932344192660694
12605,0.5,1.0,0.3333333333333333,0.6309297535714575,1.0,0.5,0.0,0.0,0.041666666666666664,-0.13092975357145753
12607,0.6489315753318465,0.5,1.0,0.5887498202463202,0.5,1.0,0.5321408435198608,0.4,1.0,0.06018175508552637
12615,0.6240505200038379,1.0,0.5,0.8065735963827293,1.0,1.0,0.5640920940185894,1.0,0.5,-0.18252307637889142
12625,1.0,1.0,1.0,0.38685280723454163,1.0,0.2,0.6309297535714575,1.0,0.5,0.6131471927654584
12643,0.5,1.0,0.3333333333333333,0.43067655807339306,1.0,0.25,0.0,0.0,0.05,0.06932344192660694
12646,1.0,1.0,1.0,1.0,1.0,1.0,1.0,1.0,1.0,0.0
12649,0.43067655807339306,1.0,0.25,0.0,0.0,0.06666666666666667,0.0,0.0,0.0,0.43067655807339306
12651,0.6052602440527057,1.0,0.5,0.20438239758848611,0.5,0.14285714285714285,0.0,0.0,0.0625,0.40087784646421964
12655,0.8503449055347546,1.0,1.0,0.3065735963827292,0.5,0.3333333333333333,1.0,1.0,1.0,0.5437713091520254
12657,0.38685280723454163,1.0,0.2,0.2890648263178879,1.0,0.1,0.0,0.0,0.02702702702702703,0.09778798091665375
12660,1.0,1.0,1.0,0.3333333333333333,1.0,0.14285714285714285,0.38685280723454163,1.0,0.2,0.6666666666666667
12665,1.0,1.0,1.0,0.3562071871080222,1.0,0.16666666666666666,1.0,1.0,1.0,0.6437928128919779
12669,0.3295827480202853,0.6666666666666666,0.2,0.18154179253735267,0.3333333333333333,0.2,0.0,0.0,0.0,0.14804095548293264
12670,0.16716045496620227,0.3333333333333333,0.16666666666666666,0.13565197343244778,0.3333333333333333,0.1,0.0,0.0,0.02857142857142857,0.03150848153375449
12671,0.7653606369886217,0.6666666666666666,1.0,0.6105456988825855,0.6666666666666666,1.0,0.16716045496620227,0.3333333333333333,0.16666666666666666,0.1548149381060362
12672,0.40298313359773236,1.0,0.16666666666666666,0.0,0.0,0.08333333333333333,0.0,0.0,0.0,0.40298313359773236
12680,0.9438661545147249,1.0,1.0,0.6366824387328317,0.5,1.0,0.24630238874073,0.25,0.5,0.3071837157818932
12692,1.0,1.0,1.0,1.0,1.0,1.0,1.0,1.0,1.0,0.0
1270,1.0,1.0,1.0,0.6309297535714575,1.0,0.5,1.0,1.0,1.0,0.36907024642854247
12705,0.615733440277688,0.6,1.0,0.7009124514018641,1.0,0.5,0.30078518014914984,0.4,0.3333333333333333,-0.08517901112417614
12709,0.8829374068620365,0.8333333333333334,1.0,0.4034698846650846,0.3333333333333333,1.0,0.39007412760022164,0.3333333333333333,1.0,0.4794675221969519
12712,0.9325210919548239,1.0,1.0,0.6713860725233041,0.6666666666666666,1.0,0.7653606369886217,0.6666666666666666,1.0,0.26113501943151984
12714,1.0,1.0,1.0,1.0,1.0,1.0,1.0,1.0,1.0,0.0
12720,0.5437713091520254,1.0,0.3333333333333333,0.8772153153380493,1.0,1.0,0.9197207891481876,1.0,1.0,-0.3334440061860239
12721,0.3065735963827292,0.5,0.3333333333333333,0.23719771276929622,0.5,0.2,0.0,0.0,0.058823529411764705,0.06937588361343297
12723,0.8988898126139723,1.0,1.0,0.298254219601818,0.5,0.25,0.3903800499921017,0.25,1.0,0.6006355930121543
12727,0.9197207891481876,1.0,1.0,0.8772153153380493,1.0,1.0,0.6131471927654584,0.5,1.0,0.04250547381013825
12729,0.6338412308988606,1.0,0.5,0.46927872602275644,0.3333333333333333,1.0,0.46927872602275644,0.3333333333333333,1.0,0.16456250487610413
12730,1.0,1.0,1.0,1.0,1.0,1.0,1.0,1.0,1.0,0.0
12739,1.0,1.0,1.0,0.6309297535714575,1.0,0.5,0.6309297535714575,1.0,0.5,0.36907024642854247
12754,0.8315546295836225,1.0,1.0,0.8065735963827293,1.0,1.0,0.6240505200038379,1.0,0.5,0.024981033200893177
12755,1.0,1.0,1.0,0.6309297535714575,1.0,0.5,0.5,1.0,0.3333333333333333,0.36907024642854247
12758,1.0,1.0,1.0,1.0,1.0,1.0,0.0,0.0,0.07142857142857142,0.0
12764,0.8687949224876582,0.8,1.0,0.8628540832451719,1.0,1.0,0.9565912771023182,1.0,1.0,0.00594083924248634
12782,0.8318724637288826,0.75,1.0,0.6366824387328317,0.5,1.0,0.3903800499921017,0.25,1.0,0.19519002499605087
12784,1.0,1.0,1.0,0.0,0.0,0.0,0.0,0.0,0.0,1.0
12787,0.5802792108518124,1.0,0.5,0.6131471927654584,0.5,1.0,0.0,0.0,0.0,-0.03286798191364593
12790,0.6934264036172708,1.0,0.5,1.0,1.0,1.0,0.6509209298071326,1.0,0.5,-0.3065735963827292
12793,1.0,1.0,1.0,0.9674679834891693,1.0,1.0,0.4367467095119258,0.6666666666666666,0.3333333333333333,0.03253201651083071
12804,0.43067655807339306,1.0,0.25,0.6309297535714575,1.0,0.5,0.3562071871080222,1.0,0.16666666666666666,-0.20025319549806447
1281,1.0,1.0,1.0,0.0,0.0,0.0,0.38685280723454163,1.0,0.2,1.0
1282,0.6787622294601761,1.0,0.5,0.16716045496620227,0.3333333333333333,0.16666666666666666,0.18154179253735267,0.3333333333333333,0.2,0.5116017744939738
12821,0.2765732350040718,0.4,0.3333333333333333,0.0,0.0,0.023809523809523808,0.1208113026994942,0.2,0.16666666666666666,0.2765732350040718
12829,0.4114045839753998,0.6666666666666666,0.2,0.7618870795651185,0.6666666666666666,1.0,0.0874717141014082,0.16666666666666666,0.1,-0.35048249558971867
12836,0.0,0.0,0.07692307692307693,0.0,0.0,0.07692307692307693,0.0,0.0,0.05263157894736842,0.0
1284,0.6131471927654584,0.5,1.0,0.3065735963827292,0.5,0.3333333333333333,0.38685280723454163,0.5,0.5,0.3065735963827292
12841,0.6309297535714575,1.0,0.5,0.38685280723454163,1.0,0.2,0.0,0.0,0.05,0.2440769463369159
12842,0.8772153153380493,1.0,1.0,0.6131471927654584,0.5,1.0,0.8772153153380493,1.0,1.0,0.26406812257259094
12849,0.43067655807339306,1.0,0.25,1.0,1.0,1.0,1.0,1.0,1.0,-0.5693234419266069
12866,0.4367467095119258,0.6666666666666666,0.3333333333333333,0.46927872602275644,0.3333333333333333,1.0,0.2836929289153804,0.6666666666666666,0.125,-0.03253201651083065
12875,0.8175295903539445,1.0,1.0,0.38685280723454163,0.5,0.5,0.3065735963827292,0.5,0.3333333333333333,0.43067678311940283
1288,0.0,0.0,0.04,0.0,0.0,0.011764705882352941,0.0,0.0,0.0,0.0
12880,1.0,1.0,1.0,1.0,1.0,1.0,0.3562071871080222,1.0,0.16666666666666666,0.0
12889,0.9197207891481876,1.0,1.0,1.0,1.0,1.0,0.8503449055347546,1.0,1.0,-0.08027921085181244
12898,0.0,0.0,0.0,0.0,0.0,0.0,0.0,0.0,0.0,0.0
12902,0.5773584151532217,0.6,1.0,0.830419897363192,0.8,1.0,0.8200261225503443,0.8,1.0,-0.25306148220997027
12910,0.9930783166417602,1.0,1.0,0.7113187596895268,0.6666666666666666,1.0,0.735916889650613,0.6666666666666666,1.0,0.2817595569522333
12918,0.0,0.0,0.025,0.0,0.0,0.025,0.0,0.0,0.023255813953488372,0.0
12920,0.4935232796777481,0.3333333333333333,1.0,0.4935232796777481,0.3333333333333333,1.0,0.0,0.0,0.03571428571428571,0.0
12921,0.31546487678572877,1.0,0.125,0.0,0.0,0.037037037037037035,0.0,0.0,0.0,0.31546487678572877
1293,0.9197207891481876,1.0,1.0,0.6934264036172708,1.0,0.5,0.20438239758848611,0.5,0.14285714285714285,0.22629438553091674
12939,0.0,0.0,0.06666666666666667,0.24630238874073,0.25,0.5,0.11284514134893527,0.25,0.1,-0.24630238874073
12944,0.8772153153380493,1.0,1.0,0.8772153153380493,1.0,1.0,1.0,1.0,1.0,0.0
12947,1.0,1.0,1.0,0.9197207891481876,1.0,1.0,0.8315546295836225,1.0,1.0,0.08027921085181244
12949,1.0,1.0,1.0,1.0,1.0,1.0,1.0,1.0,1.0,0.0
1296,0.7653606369886217,0.6666666666666666,1.0,0.23463936301137822,0.3333333333333333,0.3333333333333333,0.34337431936037655,0.6666666666666666,0.25,0.5307212739772434
12963,0.6309297535714575,1.0,0.5,1.0,1.0,1.0,0.0,0.0,0.047619047619047616,-0.36907024642854247
12967,0.9217868789962071,1.0,1.0,0.5307212739772434,0.6666666666666666,0.5,0.38364913903790027,0.6666666666666666,0.25,0.3910656050189637
12971,0.46845052016107697,1.0,0.25,0.45560514958746035,1.0,0.2,0.2640681225725909,0.5,0.25,0.012845370573616621
1298,0.7039180890341347,0.6666666666666666,1.0,0.9134015924715543,1.0,1.0,0.3235866969737877,0.6666666666666666,0.16666666666666666,-0.20948350343741962
12982,1.0,1.0,1.0,0.5,1.0,0.3333333333333333,1.0,1.0,1.0,0.5
12983,0.8175295903539445,1.0,1.0,0.6131471927654584,0.5,1.0,0.0,0.0,0.0,0.2043823975884861
12987,0.6715263515506075,0.75,1.0,0.6366824387328317,0.5,1.0,0.6366824387328317,0.5,1.0,0.03484391281777577
13005,1.0,1.0,1.0,1.0,1.0,1.0,1.0,1.0,1.0,0.0
13011,1.0,1.0,1.0,0.6309297535714575,1.0,0.5,1.0,1.0,1.0,0.36907024642854247
13013,0.6663732474096913,1.0,0.5,0.7653606369886217,0.6666666666666666,1.0,0.0,0.0,0.05263157894736842,-0.09898738957893038
13018,0.7653606369886217,0.6666666666666666,1.0,0.46927872602275644,0.3333333333333333,1.0,0.41618115554873086,0.6666666666666666,0.3333333333333333,0.2960819109658652
13031,1.0,1.0,1.0,1.0,1.0,1.0,1.0,1.0,1.0,0.0
13034,0.6309297535714575,1.0,0.5,0.6309297535714575,1.0,0.5,0.3333333333333333,1.0,0.14285714285714285,0.0
13039,0.0,0.0,0.02564102564102564,0.0,0.0,0.07692307692307693,0.0,0.0,0.02040816326530612,0.0
13043,0.6366824387328317,0.5,1.0,0.6366824387328317,0.5,1.0,0.13905617951077562,0.25,0.16666666666666666,0.0
13046,1.0,1.0,1.0,0.6309297535714575,1.0,0.5,1.0,1.0,1.0,0.36907024642854247
13047,0.0,0.0,0.07142857142857142,0.2890648263178879,1.0,0.1,0.0,0.0,0.03225806451612903,-0.2890648263178879
13049,0.6052602440527057,1.0,0.5,0.38685280723454163,0.5,0.5,0.38685280723454163,0.5,0.5,0.2184074368181641
13052,1.0,1.0,1.0,0.38685280723454163,1.0,0.2,0.0,0.0,0.09090909090909091,0.6131471927654584
13056,0.0,0.0,0.058823529411764705,0.43067655807339306,1.0,0.25,0.0,0.0,0.09090909090909091,-0.43067655807339306
13059,0.38685280723454163,0.5,0.5,0.6131471927654584,0.5,1.0,0.0,0.0,0.0,-0.22629438553091674
13062,1.0,1.0,1.0,1.0,1.0,1.0,0.19342640361727081,0.5,0.125,0.0
13066,0.9217868789962071,1.0,1.0,0.55744812840856,1.0,0.3333333333333333,0.40179981797758046,0.6666666666666666,0.3333333333333333,0.3643387505876472
13067,0.8248239677678635,0.8,1.0,0.7234267649959281,0.8,1.0,0.5058175983477707,0.8,0.3333333333333333,0.10139720277193542
13069,0.2960819109658652,0.3333333333333333,0.5,0.6257049680303419,0.6666666666666666,1.0,0.39106560501896365,0.6666666666666666,0.3333333333333333,-0.3296230570644767
1308,0.5413996682199069,0.5,1.0,0.6525874238732422,0.75,1.0,0.0,0.0,0.014705882352941176,-0.11118775565333527
13092,1.0,1.0,1.0,1.0,1.0,1.0,1.0,1.0,1.0,0.0
13097,1.0,1.0,1.0,1.0,1.0,1.0,1.0,1.0,1.0,0.0
13099,0.9060254355346823,1.0,1.0,0.43734888382569426,0.6666666666666666,0.5,0.5307212739772434,0.6666666666666666,0.5,0.46867655170898803
1310,1.0,1.0,1.0,1.0,1.0,1.0,0.5,1.0,0.3333333333333333,0.0
13102,0.5621189791785585,1.0,0.25,0.13012668333070054,0.25,0.14285714285714285,0.3903800499921017,0.25,1.0,0.4319922958478579
13108,0.5931729515195112,1.0,0.3333333333333333,0.0,0.0,0.07692307692307693,0.13565197343244778,0.3333333333333333,0.1,0.5931729515195112
13112,0.6309297535714575,1.0,0.5,1.0,1.0,1.0,0.0,0.0,0.03571428571428571,-0.36907024642854247
13113,1.0,1.0,1.0,0.6278248466415495,0.8,0.5,0.7678620595110026,0.8,1.0,0.37217515335845053
13115,0.8048099750039491,0.75,1.0,0.8285418996677884,1.0,1.0,0.3973220069685352,0.5,0.5,-0.02373192466383922
13118,0.8315546295836225,1.0,1.0,0.5714285040141098,1.0,0.5,0.8315546295836225,1.0,1.0,0.26012612556951265
13131,1.0,1.0,1.0,1.0,1.0,1.0,1.0,1.0,1.0,0.0
13134,0.38685280723454163,0.5,0.5,0.6934264036172708,1.0,0.5,0.6934264036172708,1.0,0.5,-0.3065735963827292
13142,1.0,1.0,1.0,1.0,1.0,1.0,0.5,1.0,0.3333333333333333,0.0
13168,0.0,0.0,0.08333333333333333,0.0,0.0,0.0,0.0,0.0,0.06666666666666667,0.0
13175,0.43067655807339306,1.0,0.25,1.0,1.0,1.0,0.43067655807339306,1.0,0.25,-0.5693234419266069
13178,0.6309297535714575,1.0,0.5,0.43067655807339306,1.0,0.25,0.43067655807339306,1.0,0.25,0.20025319549806447
13179,0.46110690770201135,0.8,0.2,0.34519134224686937,0.4,0.5,0.10699313236726378,0.2,0.125,0.11591556545514198
13183,0.0,0.0,0.011627906976744186,0.0,0.0,0.03571428571428571,0.0,0.0,0.027777777777777776,0.0
13185,0.8503449055347546,1.0,1.0,0.6131471927654584,0.5,1.0,0.21840743681816419,0.5,0.16666666666666666,0.23719771276929624
13186,0.7903864795495061,1.0,1.0,0.6131471927654584,0.5,1.0,0.6131471927654584,0.5,1.0,0.17723928678404777
1320,0.4967432029864875,1.0,0.2,0.5847876649948583,1.0,0.3333333333333333,0.14126697285982898,0.3333333333333333,0.1111111111111111,-0.08804446200837085
13200,1.0,1.0,1.0,0.553486104522623,0.75,0.5,0.16812753627111746,0.25,0.25,0.44651389547737697
13201,0.6309297535714575,1.0,0.5,0.6309297535714575,1.0,0.5,1.0,1.0,1.0,0.0
13213,1.0,1.0,1.0,0.0,0.0,0.03571428571428571,1.0,1.0,1.0,1.0
13215,0.43067655807339306,1.0,0.25,1.0,1.0,1.0,0.38685280723454163,1.0,0.2,-0.5693234419266069
13219,0.0,0.0,0.0,0.0,0.0,0.0,0.0,0.0,0.0,0.0
13223,0.6309297535714575,1.0,0.5,0.6309297535714575,1.0,0.5,0.6309297535714575,1.0,0.5,0.0
13224,0.715696758318853,0.75,1.0,0.5855700749881525,0.5,1.0,0.8048099750039491,0.75,1.0,0.13012668333070054
13232,0.9709286432396583,1.0,1.0,0.8712137160156971,1.0,1.0,0.5855700749881525,0.5,1.0,0.09971492722396125
13235,1.0,1.0,1.0,1.0,1.0,1.0,1.0,1.0,1.0,0.0
13237,1.0,1.0,1.0,0.6131471927654584,0.5,1.0,0.8503449055347546,1.0,1.0,0.38685280723454163
13255,0.7737459235132744,1.0,1.0,0.6508205185601091,0.6666666666666666,1.0,0.46927872602275644,0.3333333333333333,1.0,0.12292540495316528
13259,1.0,1.0,1.0,0.6131471927654584,0.5,1.0,0.6131471927654584,0.5,1.0,0.38685280723454163
1327,0.9674679834891693,1.0,1.0,0.38364913903790027,0.6666666666666666,0.25,0.46927872602275644,0.3333333333333333,1.0,0.5838188444512691
13276,1.0,1.0,1.0,1.0,1.0,1.0,1.0,1.0,1.0,0.0
13280,1.0,1.0,1.0,1.0,1.0,1.0,1.0,1.0,1.0,0.0
13283,1.0,1.0,1.0,1.0,1.0,1.0,0.5,1.0,0.3333333333333333,0.0
13285,1.0,1.0,1.0,1.0,1.0,1.0,0.3562071871080222,1.0,0.16666666666666666,0.0
13286,0.7653606369886217,0.6666666666666666,1.0,0.46927872602275644,0.3333333333333333,1.0,0.38364913903790027,0.6666666666666666,0.25,0.2960819109658652
13293,1.0,1.0,1.0,1.0,1.0,1.0,1.0,1.0,1.0,0.0
13306,1.0,1.0,1.0,0.0,0.0,0.02702702702702703,0.6309297535714575,1.0,0.5,1.0
13311,1.0,1.0,1.0,1.0,1.0,1.0,0.6309297535714575,1.0,0.5,0.0
13327,1.0,1.0,1.0,0.0,0.0,0.0625,1.0,1.0,1.0,1.0
13329,1.0,1.0,1.0,1.0,1.0,1.0,1.0,1.0,1.0,0.0
1333,0.5,1.0,0.3333333333333333,1.0,1.0,1.0,1.0,1.0,1.0,-0.5
13331,0.9060254355346823,1.0,1.0,0.6105456988825855,0.6666666666666666,1.0,0.16716045496620227,0.3333333333333333,0.16666666666666666,0.2954797366520968
13335,1.0,1.0,1.0,1.0,1.0,1.0,0.38685280723454163,1.0,0.2,0.0
1334,1.0,1.0,1.0,1.0,1.0,1.0,1.0,1.0,1.0,0.0
13340,1.0,1.0,1.0,0.0,0.0,0.09090909090909091,1.0,1.0,1.0,1.0
13342,0.9325210919548239,1.0,1.0,0.8179809735263114,1.0,1.0,0.46927872602275644,0.3333333333333333,1.0,0.11454011842851253
13354,0.6131471927654584,0.5,1.0,0.0,0.0,0.07692307692307693,1.0,1.0,1.0,0.6131471927654584
13360,0.5,1.0,0.3333333333333333,0.6309297535714575,1.0,0.5,0.6309297535714575,1.0,0.5,-0.13092975357145753
13380,1.0,1.0,1.0,0.45749452618986164,1.0,0.25,0.0,0.0,0.0136986301369863,0.5425054738101384
13383,1.0,1.0,1.0,0.5,1.0,0.3333333333333333,1.0,1.0,1.0,0.5
13396,0.9217868789962071,1.0,1.0,1.0,1.0,1.0,0.9010126104210695,1.0,1.0,-0.07821312100379285
134,0.6131471927654584,0.5,1.0,0.21840743681816419,0.5,0.16666666666666666,0.0,0.0,0.011235955056179775,0.39473975594729416
13404,1.0,1.0,1.0,0.6131471927654584,0.5,1.0,0.6131471927654584,0.5,1.0,0.38685280723454163
13413,1.0,1.0,1.0,1.0,1.0,1.0,0.6309297535714575,1.0,0.5,0.0
1342,0.9197207891481876,1.0,1.0,0.8065735963827293,1.0,1.0,0.6131471927654584,0.5,1.0,0.11314719276545826
13423,0.8503449055347546,1.0,1.0,0.6509209298071326,1.0,0.5,0.17723928678404774,0.5,0.1,0.19942397572762205
13427,0.8315546295836225,1.0,1.0,0.7903864795495061,1.0,1.0,0.23719771276929622,0.5,0.2,0.041168150034116335
13428,0.5,1.0,0.3333333333333333,0.0,0.0,0.015873015873015872,1.0,1.0,1.0,0.5
13433,0.43067655807339306,1.0,0.25,0.0,0.0,0.015873015873015872,0.0,0.0,0.0,0.43067655807339306
13436,1.0,1.0,1.0,0.3333333333333333,1.0,0.14285714285714285,0.5,1.0,0.3333333333333333,0.6666666666666667
13438,0.2960819109658652,0.3333333333333333,0.5,0.0,0.0,0.019230769230769232,0.0,0.0,0.0,0.2960819109658652
13441,0.8175295903539445,1.0,1.0,0.7977228895450266,1.0,1.0,0.41443699955334395,1.0,0.2,0.019806700808917888
13444,0.0,0.0,0.014285714285714285,0.0,0.0,0.0,0.0,0.0,0.0,0.0
13449,0.8318724637288826,0.75,1.0,0.312706129752478,0.5,0.3333333333333333,0.6366824387328317,0.5,1.0,0.5191663339764045
13463,1.0,1.0,1.0,1.0,1.0,1.0,0.0,0.0,0.02127659574468085,0.0
13465,1.0,1.0,1.0,0.0,0.0,0.0,1.0,1.0,1.0,1.0
13480,0.38685280723454163,1.0,0.2,1.0,1.0,1.0,0.0,0.0,0.09090909090909091,-0.6131471927654584
13482,1.0,1.0,1.0,1.0,1.0,1.0,1.0,1.0,1.0,0.0
13496,0.6934264036172708,1.0,0.5,0.6131471927654584,0.5,1.0,0.0,0.0,0.015151515151515152,0.08027921085181244
13498,0.21840743681816419,0.5,0.16666666666666666,0.0,0.0,0.043478260869565216,0.0,0.0,0.03225806451612903,0.21840743681816419
13500,0.9197207891481876,1.0,1.0,1.0,1.0,1.0,1.0,1.0,1.0,-0.08027921085181244
13504,1.0,1.0,1.0,1.0,1.0,1.0,1.0,1.0,1.0,0.0
13505,1.0,1.0,1.0,0.6309297535714575,1.0,0.5,1.0,1.0,1.0,0.36907024642854247
13512,0.7653606369886217,0.6666666666666666,1.0,1.0,1.0,1.0,0.8451850618939637,1.0,1.0,-0.23463936301137833
13514,0.0,0.0,0.07692307692307693,0.0,0.0,0.0,0.0,0.0,0.02040816326530612,0.0
13526,0.5706417189553201,1.0,0.3333333333333333,0.0,0.0,0.017857142857142856,0.0,0.0,0.09090909090909091,0.5706417189553201
13527,0.38685280723454163,1.0,0.2,0.3333333333333333,1.0,0.14285714285714285,0.0,0.0,0.0,0.053519473901208314
13534,0.7585866543655181,1.0,1.0,0.20210734650054757,0.3333333333333333,0.25,0.38268031849431083,0.6666666666666666,0.3333333333333333,0.5564793078649706
1354,1.0,1.0,1.0,1.0,1.0,1.0,1.0,1.0,1.0,0.0
13557,1.0,1.0,1.0,1.0,1.0,1.0,0.2890648263178879,1.0,0.1,0.0
13567,1.0,1.0,1.0,1.0,1.0,1.0,1.0,1.0,1.0,0.0
13569,0.6131471927654584,0.5,1.0,0.6131471927654584,0.5,1.0,0.3065735963827292,0.5,0.3333333333333333,0.0
1357,0.8451850618939637,1.0,1.0,0.7039180890341347,0.6666666666666666,1.0,0.9060254355346823,1.0,1.0,0.14126697285982903
13573,0.8065735963827293,1.0,1.0,0.6131471927654584,0.5,1.0,0.21840743681816419,0.5,0.16666666666666666,0.19342640361727093
13579,1.0,1.0,1.0,0.0,0.0,0.05555555555555555,1.0,1.0,1.0,1.0
13583,0.9197207891481876,1.0,1.0,0.6131471927654584,0.5,1.0,0.6131471927654584,0.5,1.0,0.3065735963827292
13596,0.8315546295836225,1.0,1.0,0.3065735963827292,0.5,0.3333333333333333,0.6131471927654584,0.5,1.0,0.5249810332008933
1360,0.810582531061383,1.0,1.0,0.38138086433316765,0.75,0.2,0.0,0.0,0.0,0.42920166672821536
13600,0.6509209298071326,1.0,0.5,0.0,0.0,0.0,0.0,0.0,0.0,0.6509209298071326
13606,1.0,1.0,1.0,1.0,1.0,1.0,1.0,1.0,1.0,0.0
13614,0.38685280723454163,1.0,0.2,1.0,1.0,1.0,0.5,1.0,0.3333333333333333,-0.6131471927654584
13617,1.0,1.0,1.0,0.0,0.0,0.0,0.3562071871080222,1.0,0.16666666666666666,1.0
13630,1.0,1.0,1.0,0.6309297535714575,1.0,0.5,0.0,0.0,0.06666666666666667,0.36907024642854247
13631,1.0,1.0,1.0,1.0,1.0,1.0,1.0,1.0,1.0,0.0
13638,0.9197207891481876,1.0,1.0,0.6131471927654584,0.5,1.0,0.0,0.0,0.047619047619047616,0.3065735963827292
13639,0.18457569677956817,0.5,0.1111111111111111,0.0,0.0,0.02702702702702703,0.45749452618986164,1.0,0.25,0.18457569677956817
13660,0.3562071871080222,1.0,0.16666666666666666,0.3333333333333333,1.0,0.14285714285714285,0.0,0.0,0.09090909090909091,0.022873853774688868
13666,0.6508205185601091,0.6666666666666666,1.0,0.6713860725233041,0.6666666666666666,1.0,0.15642624200758548,0.3333333333333333,0.14285714285714285,-0.020565553963194927
13670,0.0,0.0,0.08333333333333333,0.0,0.0,0.010416666666666666,0.0,0.0,0.014084507042253521,0.0
13686,1.0,1.0,1.0,0.8315546295836225,1.0,1.0,0.5249810332008933,1.0,0.3333333333333333,0.16844537041637753
1369,0.6309297535714575,1.0,0.5,0.3562071871080222,1.0,0.16666666666666666,0.2890648263178879,1.0,0.1,0.27472256646343535
13691,0.0,0.0,0.0,0.0,0.0,0.0,0.0,0.0,0.07692307692307693,0.0
13694,1.0,1.0,1.0,0.0,0.0,0.015873015873015872,0.6309297535714575,1.0,0.5,1.0
13695,1.0,1.0,1.0,0.5706417189553201,1.0,0.3333333333333333,0.430624116386567,1.0,0.2,0.4293582810446799
13698,0.0,0.0,0.0,0.0,0.0,0.0,0.0,0.0,0.047619047619047616,0.0
13707,0.8048099750039491,0.75,1.0,0.29007579773858083,0.5,0.2,0.787702056960637,0.75,1.0,0.5147341772653683
13710,0.6309297535714575,1.0,0.5,0.5,1.0,0.3333333333333333,0.5,1.0,0.3333333333333333,0.13092975357145753
13711,0.6309297535714575,1.0,0.5,1.0,1.0,1.0,0.0,0.0,0.03571428571428571,-0.36907024642854247
13717,0.431733884398313,0.6666666666666666,0.5,0.0,0.0,0.02564102564102564,0.0,0.0,0.01282051282051282,0.431733884398313
13721,0.9197207891481876,1.0,1.0,0.0,0.0,0.0196078431372549,0.8315546295836225,1.0,1.0,0.9197207891481876
13731,1.0,1.0,1.0,0.6934264036172708,1.0,0.5,1.0,1.0,1.0,0.3065735963827292
13733,1.0,1.0,1.0,1.0,1.0,1.0,1.0,1.0,1.0,0.0
13734,0.6934264036172708,1.0,0.5,0.46845052016107697,1.0,0.25,0.6131471927654584,0.5,1.0,0.22497588345619385
13745,0.3108658234453849,0.2857142857142857,0.5,0.3108658234453849,0.2857142857142857,0.5,0.0,0.0,0.037037037037037035,0.0
13759,1.0,1.0,1.0,1.0,1.0,1.0,1.0,1.0,1.0,0.0
13760,1.0,1.0,1.0,0.6309297535714575,1.0,0.5,0.6309297535714575,1.0,0.5,0.36907024642854247
1377,0.9197207891481876,1.0,1.0,0.8315546295836225,1.0,1.0,0.6131471927654584,0.5,1.0,0.08816615956456508
13778,1.0,1.0,1.0,1.0,1.0,1.0,1.0,1.0,1.0,0.0
13779,1.0,1.0,1.0,1.0,1.0,1.0,0.0,0.0,0.03333333333333333,0.0
13782,0.6309297535714575,1.0,0.5,0.0,0.0,0.043478260869565216,0.0,0.0,0.0,0.6309297535714575
13789,1.0,1.0,1.0,0.6934264036172708,1.0,0.5,0.6131471927654584,0.5,1.0,0.3065735963827292
13796,0.7653606369886217,0.6666666666666666,1.0,0.7653606369886217,0.6666666666666666,1.0,0.46927872602275644,0.3333333333333333,1.0,0.0
13797,0.19519002499605084,0.25,0.3333333333333333,0.3903800499921017,0.25,1.0,0.6380228380792293,0.75,1.0,-0.19519002499605084
1380,1.0,1.0,1.0,1.0,1.0,1.0,0.0,0.0,0.07142857142857142,0.0
13803,1.0,1.0,1.0,0.6309297535714575,1.0,0.5,1.0,1.0,1.0,0.36907024642854247
13811,0.7122630665145961,1.0,0.5,0.7653606369886217,0.6666666666666666,1.0,0.20210734650054757,0.3333333333333333,0.25,-0.053097570474025524
13813,1.0,1.0,1.0,1.0,1.0,1.0,0.6309297535714575,1.0,0.5,0.0
1382,0.0,0.0,0.058823529411764705,0.0,0.0,0.0,0.0,0.0,0.0,0.0
13820,0.4776237035032179,0.6666666666666666,0.5,0.0,0.0,0.07692307692307693,0.3044671974905181,0.6666666666666666,0.14285714285714285,0.4776237035032179
13830,0.6934264036172708,1.0,0.5,0.3065735963827292,0.5,0.3333333333333333,0.21840743681816419,0.5,0.16666666666666666,0.38685280723454163
13834,0.9060254355346823,1.0,1.0,0.7122630665145961,1.0,0.5,0.0,0.0,0.030303030303030304,0.19376236902008614
13838,0.9217868789962071,1.0,1.0,0.46927872602275644,0.3333333333333333,1.0,0.46927872602275644,0.3333333333333333,1.0,0.4525081529734507
13840,1.0,1.0,1.0,0.8772153153380493,1.0,1.0,0.8503449055347546,1.0,1.0,0.1227846846619507
13845,1.0,1.0,1.0,0.0,0.0,0.07142857142857142,0.31546487678572877,1.0,0.125,1.0
13852,0.0,0.0,0.012987012987012988,0.0,0.0,0.0,0.0,0.0,0.03125,0.0
13864,1.0,1.0,1.0,0.5,1.0,0.3333333333333333,1.0,1.0,1.0,0.5
13866,0.2836929289153804,0.6666666666666666,0.125,0.4776237035032179,0.6666666666666666,0.5,0.0,0.0,0.0,-0.19393077458783753
1387,0.0,0.0,0.058823529411764705,0.0,0.0,0.020833333333333332,0.0,0.0,0.0,0.0
13873,1.0,1.0,1.0,1.0,1.0,1.0,0.6309297535714575,1.0,0.5,0.0
13881,0.43067655807339306,1.0,0.25,0.0,0.0,0.0,0.5,1.0,0.3333333333333333,0.43067655807339306
13883,0.5,1.0,0.3333333333333333,0.0,0.0,0.0,0.0,0.0,0.0,0.5
13885,0.6240505200038379,1.0,0.5,1.0,1.0,1.0,0.18457569677956817,0.5,0.1111111111111111,-0.37594947999616213
13887,0.5,1.0,0.3333333333333333,0.0,0.0,0.0,0.0,0.0,0.03333333333333333,0.5
1389,0.43067655807339306,1.0,0.25,0.0,0.0,0.034482758620689655,0.3010299956639812,1.0,0.1111111111111111,0.43067655807339306
13910,0.5714285040141098,1.0,0.5,0.6131471927654584,0.5,1.0,0.23719771276929622,0.5,0.2,-0.04171868875134854
13913,0.36331756126716835,0.5,0.3333333333333333,0.0,0.0,0.0,0.0,0.0,0.07692307692307693,0.36331756126716835
13918,0.5714285040141098,1.0,0.5,0.38685280723454163,0.5,0.5,0.0,0.0,0.0,0.1845756967795682
13920,1.0,1.0,1.0,0.5,1.0,0.3333333333333333,1.0,1.0,1.0,0.5
13925,0.5,1.0,0.3333333333333333,0.5,1.0,0.3333333333333333,0.5,1.0,0.3333333333333333,0.0
13930,1.0,1.0,1.0,0.0,0.0,0.0,0.9197207891481876,1.0,1.0,1.0
13937,0.5,1.0,0.3333333333333333,0.43067655807339306,1.0,0.25,0.0,0.0,0.05263157894736842,0.06932344192660694
1394,1.0,1.0,1.0,0.9197207891481876,1.0,1.0,0.6934264036172708,1.0,0.5,0.08027921085181244
13947,0.37590633587120725,0.6666666666666666,0.3333333333333333,0.37590633587120725,0.6666666666666666,0.3333333333333333,0.15642624200758548,0.3333333333333333,0.14285714285714285,0.0
1395,1.0,1.0,1.0,0.43067655807339306,1.0,0.25,1.0,1.0,1.0,0.5693234419266069
13964,0.5912352048230277,1.0,0.5,0.8503449055347546,1.0,1.0,0.8503449055347546,1.0,1.0,-0.2591097007117269
13966,1.0,1.0,1.0,1.0,1.0,1.0,0.0,0.0,0.010309278350515464,0.0
1397,1.0,1.0,1.0,0.43067655807339306,1.0,0.25,0.0,0.0,0.07692307692307693,0.5693234419266069
13973,1.0,1.0,1.0,0.6309297535714575,1.0,0.5,0.43067655807339306,1.0,0.25,0.36907024642854247
14007,0.0,0.0,0.043478260869565216,0.36331756126716835,0.5,0.3333333333333333,0.0,0.0,0.0,-0.36331756126716835
14015,1.0,1.0,1.0,0.9197207891481876,1.0,1.0,0.9197207891481876,1.0,1.0,0.08027921085181244
14019,0.3889580943680543,1.0,0.14285714285714285,0.0,0.0,0.03225806451612903,0.0,0.0,0.03333333333333333,0.3889580943680543
1402,0.0,0.0,0.0,0.0,0.0,0.02564102564102564,0.0,0.0,0.05,0.0
14020,0.5,1.0,0.3333333333333333,0.3333333333333333,1.0,0.14285714285714285,1.0,1.0,1.0,0.16666666666666669
14021,1.0,1.0,1.0,0.0,0.0,0.0196078431372549,0.3562071871080222,1.0,0.16666666666666666,1.0
14028,0.2890648263178879,1.0,0.1,0.31546487678572877,1.0,0.125,1.0,1.0,1.0,-0.026400050467840885
14030,1.0,1.0,1.0,0.8315546295836225,1.0,1.0,0.6131471927654584,0.5,1.0,0.16844537041637753
14038,1.0,1.0,1.0,0.31546487678572877,1.0,0.125,1.0,1.0,1.0,0.6845351232142712
14039,0.0,0.0,0.01020408163265306,0.0,0.0,0.0,0.43067655807339306,1.0,0.25,0.0
1404,0.6309297535714575,1.0,0.5,0.0,0.0,0.029411764705882353,0.43067655807339306,1.0,0.25,0.6309297535714575
14041,0.0,0.0,0.05263157894736842,0.4537830847475018,0.5714285714285714,0.3333333333333333,0.39757965193950456,0.42857142857142855,0.5,-0.4537830847475018
14042,1.0,1.0,1.0,1.0,1.0,1.0,1.0,1.0,1.0,0.0
14050,0.8315546295836225,1.0,1.0,0.6131471927654584,0.5,1.0,0.38685280723454163,0.5,0.5,0.2184074368181641
14052,0.3562071871080222,1.0,0.16666666666666666,0.0,0.0,0.0,0.0,0.0,0.0,0.3562071871080222
14054,0.5012658353418871,1.0,0.25,0.21840743681816419,0.5,0.16666666666666666,0.17723928678404774,0.5,0.1,0.28285839852372285
14056,0.5912352048230277,1.0,0.5,0.0,0.0,0.08333333333333333,0.3065735963827292,0.5,0.3333333333333333,0.5912352048230277
1406,0.8297197050122157,0.8,1.0,0.6981697178527159,0.8,1.0,0.45221360703148816,0.4,1.0,0.13154998715949984
14061,0.43067655807339306,1.0,0.25,0.5,1.0,0.3333333333333333,0.0,0.0,0.025,-0.06932344192660694
14062,1.0,1.0,1.0,0.4415801103577823,1.0,0.2,0.6509209298071326,1.0,0.5,0.5584198896422177
14078,0.40179981797758046,0.6666666666666666,0.3333333333333333,0.23463936301137822,0.3333333333333333,0.3333333333333333,0.0,0.0,0.043478260869565216,0.16716045496620224
14086,0.6309297535714575,1.0,0.5,1.0,1.0,1.0,0.3562071871080222,1.0,0.16666666666666666,-0.36907024642854247
1409,0.8854598815714874,1.0,1.0,0.0,0.0,0.0,0.9325210919548239,1.0,1.0,0.8854598815714874
14094,0.8772153153380493,1.0,1.0,0.9197207891481876,1.0,1.0,0.6240505200038379,1.0,0.5,-0.04250547381013825
14095,1.0,1.0,1.0,1.0,1.0,1.0,1.0,1.0,1.0,0.0
14102,0.6309297535714575,1.0,0.5,0.0,0.0,0.07692307692307693,0.0,0.0,0.013513513513513514,0.6309297535714575
14105,0.0,0.0,0.07692307692307693,0.6309297535714575,1.0,0.5,0.0,0.0,0.0,-0.6309297535714575
1411,1.0,1.0,1.0,0.5802792108518124,1.0,0.5,0.6509209298071326,1.0,0.5,0.41972078914818756
14116,1.0,1.0,1.0,1.0,1.0,1.0,1.0,1.0,1.0,0.0
1412,1.0,1.0,1.0,1.0,1.0,1.0,1.0,1.0,1.0,0.0
14120,1.0,1.0,1.0,1.0,1.0,1.0,0.6309297535714575,1.0,0.5,0.0
14121,0.8351142097265214,0.7777777777777778,1.0,0.6096449590261551,0.6666666666666666,0.5,0.7333729481001815,0.6666666666666666,1.0,0.22546925070036627
14128,0.6509209298071326,1.0,0.5,0.2640681225725909,0.5,0.25,0.2640681225725909,0.5,0.25,0.3868528072345417
14141,1.0,1.0,1.0,0.8048099750039491,0.75,1.0,0.5855700749881525,0.5,1.0,0.19519002499605087
14145,1.0,1.0,1.0,1.0,1.0,1.0,1.0,1.0,1.0,0.0
1415,0.9197207891481876,1.0,1.0,0.6131471927654584,0.5,1.0,0.8503449055347546,1.0,1.0,0.3065735963827292
14154,0.6309297535714575,1.0,0.5,1.0,1.0,1.0,0.0,0.0,0.0,-0.36907024642854247
14155,1.0,1.0,1.0,1.0,1.0,1.0,1.0,1.0,1.0,0.0
14158,0.7720911544214064,1.0,1.0,0.617319681505689,0.6666666666666666,1.0,0.5249161118977292,1.0,0.25,0.15477147291571736
1416,0.6309297535714575,1.0,0.5,0.31546487678572877,1.0,0.125,0.6309297535714575,1.0,0.5,0.31546487678572877
14162,1.0,1.0,1.0,0.9709286432396583,1.0,1.0,0.35914753008966527,0.5,0.5,0.02907135676034167
14170,0.0,0.0,0.043478260869565216,0.0,0.0,0.038461538461538464,0.0,0.0,0.08333333333333333,0.0
14171,0.6309297535714575,1.0,0.5,0.0,0.0,0.025,0.0,0.0,0.017857142857142856,0.6309297535714575
14176,1.0,1.0,1.0,1.0,1.0,1.0,1.0,1.0,1.0,0.0
14178,1.0,1.0,1.0,0.3333333333333333,1.0,0.14285714285714285,1.0,1.0,1.0,0.6666666666666667
14185,1.0,1.0,1.0,0.6131471927654584,0.5,1.0,0.9197207891481876,1.0,1.0,0.38685280723454163
14188,0.31546487678572877,1.0,0.125,0.3562071871080222,1.0,0.16666666666666666,1.0,1.0,1.0,-0.04074231032229342
14207,0.4864687556375333,0.75,0.3333333333333333,0.0,0.0,0.07142857142857142,0.11284514134893527,0.25,0.1,0.4864687556375333
1421,0.6283303929311413,1.0,0.5,0.0,0.0,0.05,0.123151194370365,0.25,0.125,0.6283303929311413
1422,0.6978817289434457,1.0,0.5,0.0,0.0,0.09090909090909091,0.20210734650054757,0.3333333333333333,0.25,0.6978817289434457
14222,0.9197207891481876,1.0,1.0,0.0,0.0,0.08333333333333333,0.0,0.0,0.07692307692307693,0.9197207891481876
14225,0.0,0.0,0.012195121951219513,0.38685280723454163,1.0,0.2,0.0,0.0,0.04,-0.38685280723454163
14228,0.6131471927654584,0.5,1.0,0.2640681225725909,0.5,0.25,0.0,0.0,0.06666666666666667,0.3490790701928675
14238,1.0,1.0,1.0,1.0,1.0,1.0,1.0,1.0,1.0,0.0
14240,0.3973220069685352,0.5,0.5,0.5294362295028773,0.5,1.0,0.3903800499921017,0.25,1.0,-0.13211422253434207
14250,1.0,1.0,1.0,0.0,0.0,0.012048192771084338,0.0,0.0,0.058823529411764705,1.0
14256,0.6797310500037655,1.0,0.5,0.5374517914100283,1.0,0.3333333333333333,0.6105456988825855,0.6666666666666666,1.0,0.14227925859373725
14263,0.0,0.0,0.027777777777777776,0.3010299956639812,1.0,0.1111111111111111,0.0,0.0,0.0,-0.3010299956639812
1427,0.43067655807339306,1.0,0.25,0.43067655807339306,1.0,0.25,0.3010299956639812,1.0,0.1111111111111111,0.0
14273,1.0,1.0,1.0,0.9197207891481876,1.0,1.0,0.8772153153380493,1.0,1.0,0.08027921085181244
14275,1.0,1.0,1.0,0.0,0.0,0.01818181818181818,1.0,1.0,1.0,1.0
14279,1.0,1.0,1.0,1.0,1.0,1.0,1.0,1.0,1.0,0.0
14281,0.0,0.0,0.07692307692307693,0.13565197343244778,0.3333333333333333,0.1,0.0,0.0,0.022727272727272728,-0.13565197343244778
14283,0.32703966649239957,0.4,0.5,0.14606834984270645,0.2,0.25,0.0,0.0,0.022222222222222223,0.18097131664969313
14297,0.6934264036172708,1.0,0.5,0.0,0.0,0.041666666666666664,0.20438239758848611,0.5,0.14285714285714285,0.6934264036172708
143,1.0,1.0,1.0,1.0,1.0,1.0,1.0,1.0,1.0,0.0
14310,0.43067655807339306,1.0,0.25,0.0,0.0,0.025,0.0,0.0,0.0,0.43067655807339306
14322,1.0,1.0,1.0,0.0,0.0,0.07142857142857142,0.6934264036172708,1.0,0.5,1.0
1433,1.0,1.0,1.0,1.0,1.0,1.0,1.0,1.0,1.0,0.0
14334,0.5109559939712153,1.0,0.3333333333333333,0.2640681225725909,0.5,0.25,0.19342640361727081,0.5,0.125,0.2468878713986244
14338,0.8772153153380493,1.0,1.0,0.6131471927654584,0.5,1.0,0.38685280723454163,0.5,0.5,0.26406812257259094
14344,1.0,1.0,1.0,1.0,1.0,1.0,1.0,1.0,1.0,0.0
14363,1.0,1.0,1.0,1.0,1.0,1.0,1.0,1.0,1.0,0.0
14380,0.9828920819566879,1.0,1.0,0.9223260797603763,1.0,1.0,0.19519002499605084,0.25,0.3333333333333333,0.060566002196311586
14381,1.0,1.0,1.0,0.0,0.0,0.09090909090909091,0.9047172294870751,1.0,1.0,1.0
14383,0.0,0.0,0.01694915254237288,0.0,0.0,0.058823529411764705,0.0,0.0,0.014084507042253521,0.0
14387,1.0,1.0,1.0,1.0,1.0,1.0,0.6309297535714575,1.0,0.5,0.0
1439,0.9197207891481876,1.0,1.0,0.0,0.0,0.05,0.3065735963827292,0.5,0.3333333333333333,0.9197207891481876
14394,0.8318724637288826,0.75,1.0,0.9493885684853097,1.0,1.0,1.0,1.0,1.0,-0.11751610475642715
14395,0.6309297535714575,1.0,0.5,0.6309297535714575,1.0,0.5,0.6309297535714575,1.0,0.5,0.0
14396,0.19342640361727081,0.5,0.125,0.0,0.0,0.05,0.41443699955334395,1.0,0.2,0.19342640361727081
14401,1.0,1.0,1.0,0.6309297535714575,1.0,0.5,0.3010299956639812,1.0,0.1111111111111111,0.36907024642854247
14404,0.5,1.0,0.3333333333333333,0.0,0.0,0.0625,0.2890648263178879,1.0,0.1,0.5
14408,0.3980628465882808,0.3333333333333333,1.0,0.0,0.0,0.058823529411764705,0.529399628450727,0.6666666666666666,0.5,0.3980628465882808
14423,1.0,1.0,1.0,1.0,1.0,1.0,1.0,1.0,1.0,0.0
14428,0.7039180890341347,0.6666666666666666,1.0,0.0,0.0,0.0136986301369863,0.6447841584694202,1.0,0.5,0.7039180890341347
14429,0.6309297535714575,1.0,0.5,0.3562071871080222,1.0,0.16666666666666666,0.0,0.0,0.05263157894736842,0.27472256646343535
14444,0.3010299956639812,1.0,0.1111111111111111,0.38685280723454163,1.0,0.2,0.0,0.0,0.0,-0.08582281157056043
14446,0.38685280723454163,1.0,0.2,0.0,0.0,0.05263157894736842,0.0,0.0,0.0196078431372549,0.38685280723454163
1445,0.6934264036172708,1.0,0.5,0.6131471927654584,0.5,1.0,0.20438239758848611,0.5,0.14285714285714285,0.08027921085181244
14463,0.9052181617170642,1.0,1.0,0.3903800499921017,0.25,1.0,0.25657228426720274,0.5,0.16666666666666666,0.5148381117249625
14464,0.9558295932317544,1.0,1.0,0.3853585682515056,0.5,0.5,0.910853251331002,1.0,1.0,0.5704710249802488
14468,0.45749452618986164,1.0,0.25,0.0,0.0,0.0,0.0,0.0,0.016666666666666666,0.45749452618986164
14469,1.0,1.0,1.0,0.5,1.0,0.3333333333333333,0.6309297535714575,1.0,0.5,0.5
14471,1.0,1.0,1.0,0.6309297535714575,1.0,0.5,1.0,1.0,1.0,0.36907024642854247
14472,0.20438239758848611,0.5,0.14285714285714285,0.19342640361727081,0.5,0.125,0.0,0.0,0.058823529411764705,0.0109559939712153
14482,1.0,1.0,1.0,0.0,0.0,0.05,1.0,1.0,1.0,1.0
14483,1.0,1.0,1.0,1.0,1.0,1.0,1.0,1.0,1.0,0.0
14495,0.6309297535714575,1.0,0.5,0.6309297535714575,1.0,0.5,0.5,1.0,0.3333333333333333,0.0
14497,1.0,1.0,1.0,0.0,0.0,0.04,1.0,1.0,1.0,1.0
1450,0.7328286204777911,1.0,0.5,0.2960819109658652,0.3333333333333333,0.5,0.23463936301137822,0.3333333333333333,0.3333333333333333,0.43674670951192585
14504,0.38685280723454163,1.0,0.2,0.3333333333333333,1.0,0.14285714285714285,0.0,0.0,0.0,0.053519473901208314
14505,1.0,1.0,1.0,0.0,0.0,0.0,0.3562071871080222,1.0,0.16666666666666666,1.0
14514,0.2960819109658652,0.3333333333333333,0.5,0.2960819109658652,0.3333333333333333,0.5,0.2960819109658652,0.3333333333333333,0.5,0.0
14515,0.5654495432396527,0.75,0.5,0.8318724637288826,0.75,1.0,0.3973220069685352,0.5,0.5,-0.2664229204892299
14517,0.5714285040141098,1.0,0.5,0.8503449055347546,1.0,1.0,0.430624116386567,1.0,0.2,-0.2789164015206448
14518,1.0,1.0,1.0,0.7977228895450266,1.0,1.0,0.6131471927654584,0.5,1.0,0.20227711045497343
1452,1.0,1.0,1.0,0.5,1.0,0.3333333333333333,0.3562071871080222,1.0,0.16666666666666666,0.5
14527,1.0,1.0,1.0,0.43067655807339306,1.0,0.25,0.38685280723454163,1.0,0.2,0.5693234419266069
14536,1.0,1.0,1.0,1.0,1.0,1.0,0.3562071871080222,1.0,0.16666666666666666,0.0
14538,0.20210734650054757,0.3333333333333333,0.25,0.0,0.0,0.041666666666666664,0.0,0.0,0.0,0.20210734650054757
14539,1.0,1.0,1.0,0.3333333333333333,1.0,0.14285714285714285,1.0,1.0,1.0,0.6666666666666667
14548,0.8503449055347546,1.0,1.0,1.0,1.0,1.0,0.8503449055347546,1.0,1.0,-0.1496550944652454
14553,0.5026317885449211,0.375,1.0,0.2860604285087249,0.25,0.5,0.0843142342558857,0.125,0.14285714285714285,0.2165713600361962
14564,0.9060254355346823,1.0,1.0,0.6713860725233041,0.6666666666666666,1.0,0.13565197343244778,0.3333333333333333,0.1,0.23463936301137822
14568,0.8318724637288826,0.75,1.0,0.7668091220635322,0.75,1.0,0.5855700749881525,0.5,1.0,0.06506334166535033
14581,1.0,1.0,1.0,0.6309297535714575,1.0,0.5,1.0,1.0,1.0,0.36907024642854247
14585,0.8065735963827293,1.0,1.0,0.6131471927654584,0.5,1.0,0.3065735963827292,0.5,0.3333333333333333,0.19342640361727093
1459,0.5437713091520254,1.0,0.3333333333333333,0.41183384043543503,1.0,0.16666666666666666,0.0,0.0,0.08333333333333333,0.1319374687165904
14592,1.0,1.0,1.0,0.3333333333333333,1.0,0.14285714285714285,0.6309297535714575,1.0,0.5,0.6666666666666667
14599,0.6309297535714575,1.0,0.5,1.0,1.0,1.0,0.0,0.0,0.0,-0.36907024642854247
14604,1.0,1.0,1.0,0.0,0.0,0.0,0.6131471927654584,0.5,1.0,1.0
1461,0.8529278650606567,1.0,1.0,0.8519590445170673,1.0,1.0,0.6049306994552042,0.6666666666666666,1.0,0.0009688205435893771
14611,0.8396538878217249,1.0,1.0,0.19519002499605084,0.25,0.3333333333333333,0.6380228380792293,0.75,1.0,0.644463862825674
14619,1.0,1.0,1.0,0.0,0.0,0.041666666666666664,0.38685280723454163,1.0,0.2,1.0
1463,0.23719771276929622,0.5,0.2,0.2640681225725909,0.5,0.25,0.2640681225725909,0.5,0.25,-0.026870409803294665
14631,1.0,1.0,1.0,1.0,1.0,1.0,0.6309297535714575,1.0,0.5,0.0
14642,0.2890648263178879,1.0,0.1,1.0,1.0,1.0,0.5,1.0,0.3333333333333333,-0.7109351736821121
14650,1.0,1.0,1.0,1.0,1.0,1.0,1.0,1.0,1.0,0.0
14651,1.0,1.0,1.0,0.8374713958478633,1.0,1.0,0.8318724637288826,0.75,1.0,0.16252860415213666
14659,0.0,0.0,0.02631578947368421,0.18457569677956817,0.5,0.1111111111111111,0.0,0.0,0.0,-0.18457569677956817
1466,0.5716190970674814,0.75,0.5,0.6589157729763341,0.75,1.0,0.8262373741149447,1.0,1.0,-0.0872966759088527
14662,1.0,1.0,1.0,1.0,1.0,1.0,1.0,1.0,1.0,0.0
14686,1.0,1.0,1.0,1.0,1.0,1.0,0.5,1.0,0.3333333333333333,0.0
14687,1.0,1.0,1.0,1.0,1.0,1.0,1.0,1.0,1.0,0.0
14691,0.6049306994552042,0.6666666666666666,1.0,0.0,0.0,0.09090909090909091,0.46927872602275644,0.3333333333333333,1.0,0.6049306994552042
14697,0.8854598815714874,1.0,1.0,0.23463936301137822,0.3333333333333333,0.3333333333333333,0.7653606369886217,0.6666666666666666,1.0,0.6508205185601091
147,0.8519590445170673,1.0,1.0,0.8710785440003369,1.0,1.0,0.6787622294601761,1.0,0.5,-0.01911949948326963
14704,1.0,1.0,1.0,0.6309297535714575,1.0,0.5,1.0,1.0,1.0,0.36907024642854247
14716,1.0,1.0,1.0,1.0,1.0,1.0,0.3562071871080222,1.0,0.16666666666666666,0.0
14719,1.0,1.0,1.0,0.6309297535714575,1.0,0.5,0.43067655807339306,1.0,0.25,0.36907024642854247
14721,0.38685280723454163,0.5,0.5,0.5109559939712153,1.0,0.3333333333333333,0.0,0.0,0.0,-0.12410318673667364
14722,0.6309297535714575,1.0,0.5,0.31546487678572877,1.0,0.125,0.3010299956639812,1.0,0.1111111111111111,0.31546487678572877
14723,0.24630238874073,0.25,0.5,0.3903800499921017,0.25,1.0,0.0,0.0,0.08333333333333333,-0.1440776612513717
14730,0.9060254355346823,1.0,1.0,0.6797310500037655,1.0,0.5,1.0,1.0,1.0,0.22629438553091674
14731,1.0,1.0,1.0,1.0,1.0,1.0,1.0,1.0,1.0,0.0
14736,0.8927537907700456,1.0,1.0,0.75369761125927,0.75,1.0,0.0,0.0,0.0,0.13905617951077553
14747,0.6309297535714575,1.0,0.5,0.6309297535714575,1.0,0.5,1.0,1.0,1.0,0.0
14756,1.0,1.0,1.0,0.6934264036172708,1.0,0.5,0.6131471927654584,0.5,1.0,0.3065735963827292
14767,0.6508205185601091,0.6666666666666666,1.0,0.3501483019834802,0.6666666666666666,0.25,0.46927872602275644,0.3333333333333333,1.0,0.30067221657662896
14781,1.0,1.0,1.0,1.0,1.0,1.0,0.5,1.0,0.3333333333333333,0.0
14787,1.0,1.0,1.0,0.46927872602275644,0.3333333333333333,1.0,1.0,1.0,1.0,0.5307212739772436
14789,0.6509209298071326,1.0,0.5,0.5640920940185894,1.0,0.5,0.38685280723454163,0.5,0.5,0.08682883578854317
14802,0.6309297535714575,1.0,0.5,0.0,0.0,0.09090909090909091,0.0,0.0,0.017241379310344827,0.6309297535714575
14804,0.7974049492783576,0.8,1.0,0.11305340175787204,0.2,0.14285714285714285,0.6601396023754075,0.6,1.0,0.6843515475204855
14816,0.0,0.0,0.09090909090909091,0.0,0.0,0.038461538461538464,0.619668607939653,1.0,0.5,0.0
14817,1.0,1.0,1.0,0.6309297535714575,1.0,0.5,0.6309297535714575,1.0,0.5,0.36907024642854247
14822,0.7653606369886217,0.6666666666666666,1.0,0.0,0.0,0.06666666666666667,1.0,1.0,1.0,0.7653606369886217
14832,0.6309297535714575,1.0,0.5,0.0,0.0,0.07692307692307693,0.3562071871080222,1.0,0.16666666666666666,0.6309297535714575
14845,0.8175295903539445,1.0,1.0,0.8772153153380493,1.0,1.0,0.8772153153380493,1.0,1.0,-0.05968572498410485
1485,1.0,1.0,1.0,1.0,1.0,1.0,0.6309297535714575,1.0,0.5,0.0
14850,0.20438239758848611,0.5,0.14285714285714285,0.3065735963827292,0.5,0.3333333333333333,0.3065735963827292,0.5,0.3333333333333333,-0.10219119879424307
14851,0.6309297535714575,1.0,0.5,1.0,1.0,1.0,0.0,0.0,0.018518518518518517,-0.36907024642854247
14856,0.41618115554873086,0.6666666666666666,0.3333333333333333,1.0,1.0,1.0,0.2960819109658652,0.3333333333333333,0.5,-0.5838188444512691
14859,0.8396538878217249,1.0,1.0,0.7757386182436072,0.75,1.0,0.5413996682199069,0.5,1.0,0.06391526957811766
14861,1.0,1.0,1.0,0.6309297535714575,1.0,0.5,0.6309297535714575,1.0,0.5,0.36907024642854247
14869,0.6309297535714575,1.0,0.5,0.0,0.0,0.02631578947368421,0.0,0.0,0.01,0.6309297535714575
1487,0.43067655807339306,1.0,0.25,0.0,0.0,0.0,0.31546487678572877,1.0,0.125,0.43067655807339306
1488,0.14126697285982898,0.3333333333333333,0.1111111111111111,0.0,0.0,0.011111111111111112,0.0,0.0,0.09090909090909091,0.14126697285982898
14885,0.5,1.0,0.3333333333333333,0.0,0.0,0.0,0.6309297535714575,1.0,0.5,0.5
1490,0.9047172294870751,1.0,1.0,1.0,1.0,1.0,0.9828920819566879,1.0,1.0,-0.09528277051292489
14900,0.0,0.0,0.010416666666666666,0.0,0.0,0.0,0.0,0.0,0.0,0.0
14905,1.0,1.0,1.0,0.6309297535714575,1.0,0.5,1.0,1.0,1.0,0.36907024642854247
14926,0.0,0.0,0.058823529411764705,0.0,0.0,0.0,0.0,0.0,0.0,0.0
14938,1.0,1.0,1.0,0.31546487678572877,1.0,0.125,0.0,0.0,0.06666666666666667,0.6845351232142712
14939,0.6713860725233041,0.6666666666666666,1.0,0.18154179253735267,0.3333333333333333,0.2,0.3152014104491349,0.6666666666666666,0.16666666666666666,0.48984427998595137
14943,0.5912352048230277,1.0,0.5,0.0,0.0,0.07142857142857142,0.19342640361727081,0.5,0.125,0.5912352048230277
14949,0.9060254355346823,1.0,1.0,0.46927872602275644,0.3333333333333333,1.0,0.0,0.0,0.03125,0.43674670951192585
14951,0.9197207891481876,1.0,1.0,0.4227898344066503,1.0,0.16666666666666666,0.23719771276929622,0.5,0.2,0.49693095474153726
14963,0.5,1.0,0.3333333333333333,0.2890648263178879,1.0,0.1,0.0,0.0,0.0,0.21093517368211212
14965,0.5531464700081437,0.4,1.0,0.2765732350040718,0.4,0.3333333333333333,0.24816574496561808,0.4,0.25,0.2765732350040718
14966,0.123151194370365,0.25,0.125,0.19519002499605084,0.25,0.3333333333333333,0.13012668333070054,0.25,0.14285714285714285,-0.07203883062568585
14967,0.0,0.0,0.058823529411764705,0.0,0.0,0.0,0.0,0.0,0.015625,0.0
14968,1.0,1.0,1.0,1.0,1.0,1.0,1.0,1.0,1.0,0.0
14989,0.5296347172140421,0.6,0.5,0.29039140533630226,0.4,0.3333333333333333,0.16958010263680806,0.2,0.3333333333333333,0.23924331187773984
14991,1.0,1.0,1.0,1.0,1.0,1.0,1.0,1.0,1.0,0.0
14993,1.0,1.0,1.0,0.9176551163528843,1.0,1.0,0.19519002499605084,0.25,0.3333333333333333,0.08234488364711567
14999,0.39564672360221187,1.0,0.16666666666666666,0.6240505200038379,1.0,0.5,0.21840743681816419,0.5,0.16666666666666666,-0.228403796401626
150,1.0,1.0,1.0,0.0,0.0,0.06666666666666667,0.0,0.0,0.0,1.0
15004,0.9217868789962071,1.0,1.0,0.0,0.0,0.038461538461538464,0.0,0.0,0.0196078431372549,0.9217868789962071
15011,0.5,1.0,0.3333333333333333,1.0,1.0,1.0,1.0,1.0,1.0,-0.5
15012,0.715663226334951,1.0,0.5,0.13012668333070054,0.25,0.14285714285714285,0.16812753627111746,0.25,0.25,0.5855365430042505
15015,1.0,1.0,1.0,0.9001715370445234,1.0,1.0,1.0,1.0,1.0,0.09982846295547665
1502,1.0,1.0,1.0,0.9197207891481876,1.0,1.0,1.0,1.0,1.0,0.08027921085181244
15022,1.0,1.0,1.0,1.0,1.0,1.0,1.0,1.0,1.0,0.0
15023,1.0,1.0,1.0,1.0,1.0,1.0,1.0,1.0,1.0,0.0
15024,0.0,0.0,0.037037037037037035,0.0,0.0,0.09090909090909091,0.23719771276929622,0.5,0.2,0.0
15027,0.6052602440527057,1.0,0.5,1.0,1.0,1.0,0.38685280723454163,0.5,0.5,-0.39473975594729427
15041,0.0,0.0,0.022222222222222223,0.0,0.0,0.029411764705882353,0.0,0.0,0.0,0.0
15044,0.6309297535714575,1.0,0.5,0.43067655807339306,1.0,0.25,0.6309297535714575,1.0,0.5,0.20025319549806447
15048,1.0,1.0,1.0,0.6934264036172708,1.0,0.5,0.6131471927654584,0.5,1.0,0.3065735963827292
15050,1.0,1.0,1.0,1.0,1.0,1.0,1.0,1.0,1.0,0.0
15054,0.7758480050487349,0.8571428571428571,1.0,0.16617090792688713,0.2857142857142857,0.125,0.7090365651256826,0.7142857142857143,1.0,0.6096770971218477
1506,0.21515079688078367,0.4,0.14285714285714285,0.0,0.0,0.0625,0.21398626473452756,0.2,0.5,0.21515079688078367
15061,0.9674679834891693,1.0,1.0,0.8194270280062366,1.0,1.0,0.8278123145308894,1.0,1.0,0.14804095548293272
15073,0.6217937096682962,0.6,1.0,0.3347975674340217,0.4,0.5,0.933819260234181,1.0,1.0,0.28699614223427444
15074,1.0,1.0,1.0,0.0,0.0,0.03571428571428571,0.5706417189553201,1.0,0.3333333333333333,1.0
15077,0.43067655807339306,1.0,0.25,1.0,1.0,1.0,1.0,1.0,1.0,-0.5693234419266069
15099,1.0,1.0,1.0,0.43067655807339306,1.0,0.25,0.5,1.0,0.3333333333333333,0.5693234419266069
151,1.0,1.0,1.0,0.5437713091520254,1.0,0.3333333333333333,0.5,1.0,0.3333333333333333,0.45622869084797457
1510,0.9217868789962071,1.0,1.0,0.38268031849431083,0.6666666666666666,0.3333333333333333,0.20210734650054757,0.3333333333333333,0.25,0.5391065605018963
15104,0.2960819109658652,0.3333333333333333,0.5,0.16716045496620227,0.3333333333333333,0.16666666666666666,0.0,0.0,0.05555555555555555,0.12892145599966295
15107,0.3333333333333333,1.0,0.14285714285714285,0.6309297535714575,1.0,0.5,0.3010299956639812,1.0,0.1111111111111111,-0.2975964202381242
15109,0.0,0.0,0.09090909090909091,0.0,0.0,0.0,0.0,0.0,0.058823529411764705,0.0
15110,1.0,1.0,1.0,0.6309297535714575,1.0,0.5,1.0,1.0,1.0,0.36907024642854247
15111,0.3333333333333333,1.0,0.14285714285714285,0.38685280723454163,1.0,0.2,0.3562071871080222,1.0,0.16666666666666666,-0.053519473901208314
15113,1.0,1.0,1.0,0.6309297535714575,1.0,0.5,1.0,1.0,1.0,0.36907024642854247
15114,0.6052602440527057,1.0,0.5,1.0,1.0,1.0,0.4911492931622974,1.0,0.3333333333333333,-0.39473975594729427
15115,0.8503449055347546,1.0,1.0,1.0,1.0,1.0,0.430624116386567,1.0,0.2,-0.1496550944652454
15121,0.8207658584763088,0.8,1.0,0.6992148198508501,0.6,1.0,0.713772726109045,0.8,1.0,0.12155103862545868
15145,0.5,1.0,0.3333333333333333,0.0,0.0,0.09090909090909091,0.0,0.0,0.012195121951219513,0.5
15147,0.3333333333333333,1.0,0.14285714285714285,0.2890648263178879,1.0,0.1,0.0,0.0,0.0,0.044268507015445435
1515,0.6309297535714575,1.0,0.5,0.0,0.0,0.09090909090909091,0.6309297535714575,1.0,0.5,0.6309297535714575
15153,0.3333333333333333,1.0,0.14285714285714285,0.6309297535714575,1.0,0.5,0.43067655807339306,1.0,0.25,-0.2975964202381242
15165,0.6309297535714575,1.0,0.5,0.0,0.0,0.0,0.0,0.0,0.0,0.6309297535714575
15172,1.0,1.0,1.0,0.49818925746641285,0.6666666666666666,0.5,0.0,0.0,0.07142857142857142,0.5018107425335872
1520,0.6131471927654584,0.5,1.0,0.0,0.0,0.030303030303030304,0.23719771276929622,0.5,0.2,0.6131471927654584
15203,0.0,0.0,0.09090909090909091,0.0,0.0,0.0,0.0,0.0,0.0125,0.0
15210,0.6934264036172708,1.0,0.5,0.0,0.0,0.03225806451612903,0.23719771276929622,0.5,0.2,0.6934264036172708
15215,1.0,1.0,1.0,1.0,1.0,1.0,0.0,0.0,0.06666666666666667,0.0
15217,0.9197207891481876,1.0,1.0,0.38685280723454163,0.5,0.5,0.38685280723454163,0.5,0.5,0.5328679819136459
15221,0.9325210919548239,1.0,1.0,0.7328286204777911,1.0,0.5,0.20210734650054757,0.3333333333333333,0.25,0.19969247147703284
15222,0.8772153153380493,1.0,1.0,0.6131471927654584,0.5,1.0,0.2640681225725909,0.5,0.25,0.26406812257259094
15232,0.5249810332008933,1.0,0.3333333333333333,0.8065735963827293,1.0,1.0,0.19342640361727081,0.5,0.125,-0.281592563181836
15238,0.9010126104210695,1.0,1.0,0.38268031849431083,0.6666666666666666,0.3333333333333333,0.23463936301137822,0.3333333333333333,0.3333333333333333,0.5183322919267587
15242,0.0,0.0,0.0,0.0,0.0,0.047619047619047616,0.0,0.0,0.0,0.0
15245,0.5765708893292185,1.0,0.3333333333333333,0.16812753627111746,0.25,0.25,0.11751610475642714,0.25,0.1111111111111111,0.4084433530581011
1526,0.6131471927654584,0.5,1.0,0.0,0.0,0.04,0.17723928678404774,0.5,0.1,0.6131471927654584
15261,0.5802792108518124,1.0,0.5,0.8315546295836225,1.0,1.0,0.8315546295836225,1.0,1.0,-0.25127541873181003
15266,0.8318724637288826,0.75,1.0,0.19519002499605084,0.25,0.3333333333333333,0.25190132085971084,0.5,0.16666666666666666,0.6366824387328317
15274,0.0,0.0,0.06666666666666667,0.2960819109658652,0.3333333333333333,0.5,0.15642624200758548,0.3333333333333333,0.14285714285714285,-0.2960819109658652
15275,1.0,1.0,1.0,0.9197207891481876,1.0,1.0,0.8503449055347546,1.0,1.0,0.08027921085181244
15283,0.6309297535714575,1.0,0.5,1.0,1.0,1.0,0.3562071871080222,1.0,0.16666666666666666,-0.36907024642854247
15288,0.9197207891481876,1.0,1.0,0.6131471927654584,0.5,1.0,0.9197207891481876,1.0,1.0,0.3065735963827292
15295,0.5,1.0,0.3333333333333333,1.0,1.0,1.0,0.0,0.0,0.02631578947368421,-0.5
15300,0.17723928678404774,0.5,0.1,0.0,0.0,0.0,0.0,0.0,0.06666666666666667,0.17723928678404774
15304,0.7039180890341347,0.6666666666666666,1.0,0.14126697285982898,0.3333333333333333,0.1111111111111111,0.20210734650054757,0.3333333333333333,0.25,0.5626511161743057
15314,0.6508562437134188,0.6666666666666666,1.0,0.4935232796777481,0.3333333333333333,1.0,0.5846156829012061,0.5,1.0,0.15733296403567065
15318,0.34620964322385606,0.5,0.3333333333333333,0.0,0.0,0.0,0.0,0.0,0.03125,0.34620964322385606
15323,0.6131471927654584,0.5,1.0,0.7903864795495061,1.0,1.0,0.38685280723454163,0.5,0.5,-0.17723928678404777
15325,0.0,0.0,0.03225806451612903,0.2960819109658652,0.3333333333333333,0.5,0.2769189462922768,0.6666666666666666,0.1111111111111111,-0.2960819109658652
15330,0.5,1.0,0.3333333333333333,1.0,1.0,1.0,0.2890648263178879,1.0,0.1,-0.5
1534,0.6509209298071326,1.0,0.5,0.23719771276929622,0.5,0.2,0.5912352048230277,1.0,0.5,0.4137232170378363
15340,1.0,1.0,1.0,0.0,0.0,0.012345679012345678,0.5,1.0,0.3333333333333333,1.0
15345,0.8175295903539445,1.0,1.0,0.9197207891481876,1.0,1.0,0.6934264036172708,1.0,0.5,-0.1021911987942431
15346,0.0,0.0,0.09090909090909091,0.0,0.0,0.015873015873015872,0.0,0.0,0.014705882352941176,0.0
1535,1.0,1.0,1.0,1.0,1.0,1.0,1.0,1.0,1.0,0.0
15351,0.8503449055347546,1.0,1.0,0.6131471927654584,0.5,1.0,0.5109559939712153,1.0,0.3333333333333333,0.23719771276929624
15352,0.43067655807339306,1.0,0.25,0.6309297535714575,1.0,0.5,1.0,1.0,1.0,-0.20025319549806447
15365,0.38685280723454163,0.5,0.5,0.0,0.0,0.045454545454545456,0.20438239758848611,0.5,0.14285714285714285,0.38685280723454163
15369,1.0,1.0,1.0,0.43067655807339306,1.0,0.25,0.0,0.0,0.08333333333333333,0.5693234419266069
15371,0.38685280723454163,0.5,0.5,0.6131471927654584,0.5,1.0,0.3065735963827292,0.5,0.3333333333333333,-0.22629438553091674
15379,0.43067655807339306,1.0,0.25,0.0,0.0,0.02127659574468085,1.0,1.0,1.0,0.43067655807339306
15386,0.3562071871080222,1.0,0.16666666666666666,0.0,0.0,0.021739130434782608,0.0,0.0,0.04,0.3562071871080222
15387,1.0,1.0,1.0,1.0,1.0,1.0,1.0,1.0,1.0,0.0
15391,0.6240505200038379,1.0,0.5,0.0,0.0,0.012195121951219513,0.17723928678404774,0.5,0.1,0.6240505200038379
15400,1.0,1.0,1.0,1.0,1.0,1.0,0.3562071871080222,1.0,0.16666666666666666,0.0
15402,1.0,1.0,1.0,1.0,1.0,1.0,0.38685280723454163,0.5,0.5,0.0
15411,0.38685280723454163,1.0,0.2,0.0,0.0,0.03125,0.31546487678572877,1.0,0.125,0.38685280723454163
15415,0.38685280723454163,1.0,0.2,0.0,0.0,0.0,0.3333333333333333,1.0,0.14285714285714285,0.38685280723454163
15418,1.0,1.0,1.0,1.0,1.0,1.0,1.0,1.0,1.0,0.0
15428,0.5307212739772434,0.6666666666666666,0.5,0.6546154994739983,1.0,0.5,0.5307212739772434,0.6666666666666666,0.5,-0.12389422549675488
1543,1.0,1.0,1.0,1.0,1.0,1.0,1.0,1.0,1.0,0.0
15430,1.0,1.0,1.0,0.0,0.0,0.0,0.0,0.0,0.0,1.0
15436,0.4357255443160135,0.6666666666666666,0.25,0.34326108113913595,0.5,0.3333333333333333,0.19092086617893467,0.16666666666666666,0.5,0.09246446317687756
1544,1.0,1.0,1.0,1.0,1.0,1.0,1.0,1.0,1.0,0.0
15446,1.0,1.0,1.0,0.0,0.0,0.06666666666666667,0.31546487678572877,1.0,0.125,1.0
15448,0.0,0.0,0.038461538461538464,0.13565197343244778,0.3333333333333333,0.1,0.0,0.0,0.0,-0.13565197343244778
15455,1.0,1.0,1.0,1.0,1.0,1.0,1.0,1.0,1.0,0.0
1546,0.3065735963827292,0.5,0.3333333333333333,0.3065735963827292,0.5,0.3333333333333333,0.0,0.0,0.0,0.0
15465,0.3562071871080222,1.0,0.16666666666666666,0.0,0.0,0.01694915254237288,0.0,0.0,0.017857142857142856,0.3562071871080222
15466,0.5706417189553201,1.0,0.3333333333333333,0.21840743681816419,0.5,0.16666666666666666,0.4227898344066503,1.0,0.16666666666666666,0.3522342821371559
15469,1.0,1.0,1.0,0.6309297535714575,1.0,0.5,0.6309297535714575,1.0,0.5,0.36907024642854247
15471,1.0,1.0,1.0,0.0,0.0,0.023255813953488372,1.0,1.0,1.0,1.0
15472,0.31546487678572877,1.0,0.125,0.0,0.0,0.01694915254237288,0.3562071871080222,1.0,0.16666666666666666,0.31546487678572877
15473,0.8315546295836225,1.0,1.0,0.6131471927654584,0.5,1.0,0.5714285040141098,1.0,0.5,0.2184074368181641
15482,1.0,1.0,1.0,0.0,0.0,0.014084507042253521,0.0,0.0,0.025,1.0
15488,0.3562071871080222,1.0,0.16666666666666666,0.38685280723454163,1.0,0.2,0.6309297535714575,1.0,0.5,-0.030645620126519446
1549,1.0,1.0,1.0,1.0,1.0,1.0,0.0,0.0,0.0,0.0
15493,1.0,1.0,1.0,1.0,1.0,1.0,0.5706417189553201,1.0,0.3333333333333333,0.0
15509,0.6039071644781281,1.0,0.3333333333333333,0.7653606369886217,0.6666666666666666,1.0,0.6338412308988606,1.0,0.5,-0.16145347251049358
15510,1.0,1.0,1.0,1.0,1.0,1.0,1.0,1.0,1.0,0.0
15511,0.9010126104210695,1.0,1.0,0.6508205185601091,0.6666666666666666,1.0,0.9674679834891693,1.0,1.0,0.25019209186096036
1567,0.4144299250118475,0.5,0.5,0.544556608342548,0.75,0.5,0.0,0.0,0.07692307692307693,-0.13012668333070054
1569,0.9197207891481876,1.0,1.0,0.6131471927654584,0.5,1.0,0.6131471927654584,0.5,1.0,0.3065735963827292
1579,0.0,0.0,0.0,0.0,0.0,0.0,0.3562071871080222,1.0,0.16666666666666666,0.0
1584,0.6797310500037655,1.0,0.5,0.46927872602275644,0.3333333333333333,1.0,0.6797310500037655,1.0,0.5,0.2104523239810091
1586,0.6309297535714575,1.0,0.5,0.43067655807339306,1.0,0.25,0.6309297535714575,1.0,0.5,0.20025319549806447
1590,0.0,0.0,0.0,0.0,0.0,0.0,0.0,0.0,0.0,0.0
1591,1.0,1.0,1.0,1.0,1.0,1.0,1.0,1.0,1.0,0.0
1594,1.0,1.0,1.0,1.0,1.0,1.0,0.38685280723454163,1.0,0.2,0.0
1595,0.86034433104172,1.0,1.0,0.16716045496620227,0.3333333333333333,0.16666666666666666,0.9469024295259745,1.0,1.0,0.6931838760755178
160,0.7653606369886217,0.6666666666666666,1.0,0.617319681505689,0.6666666666666666,1.0,0.7039180890341347,0.6666666666666666,1.0,0.1480409554829326
1600,1.0,1.0,1.0,1.0,1.0,1.0,1.0,1.0,1.0,0.0
1603,0.8772153153380493,1.0,1.0,0.0,0.0,0.05263157894736842,0.0,0.0,0.07692307692307693,0.8772153153380493
1604,0.873659246283982,1.0,1.0,0.9818483242455303,1.0,1.0,0.8587959739536173,1.0,1.0,-0.10818907796154831
1616,0.7095272044910244,0.75,1.0,0.667707802712913,1.0,0.5,0.9178287402913377,1.0,1.0,0.04181940177811139
1618,0.6096199500078984,0.75,0.5,0.8988898126139723,1.0,1.0,0.6366824387328317,0.5,1.0,-0.2892698626060739
162,0.49818925746641285,0.6666666666666666,0.5,1.0,1.0,1.0,0.0,0.0,0.06666666666666667,-0.5018107425335872
1623,1.0,1.0,1.0,0.2890648263178879,1.0,0.1,0.5,1.0,0.3333333333333333,0.7109351736821121
1626,0.9674679834891693,1.0,1.0,0.46927872602275644,0.3333333333333333,1.0,0.3084274278260313,0.6666666666666666,0.16666666666666666,0.49818925746641285
1627,0.6309297535714575,1.0,0.5,0.3562071871080222,1.0,0.16666666666666666,0.0,0.0,0.0,0.27472256646343535
163,0.6309297535714575,1.0,0.5,0.31546487678572877,1.0,0.125,0.31546487678572877,1.0,0.125,0.31546487678572877
1635,0.8940043068327738,1.0,1.0,0.4912596920895758,0.6,0.5,0.38356636737133565,0.4,0.5,0.40274461474319795
164,1.0,1.0,1.0,0.0,0.0,0.02127659574468085,0.38685280723454163,1.0,0.2,1.0
1645,0.5012658353418871,1.0,0.25,0.0,0.0,0.0,0.0,0.0,0.0,0.5012658353418871
1647,1.0,1.0,1.0,1.0,1.0,1.0,1.0,1.0,1.0,0.0
1648,0.6508205185601091,0.6666666666666666,1.0,0.34870224750355494,0.6666666666666666,0.2,0.46927872602275644,0.3333333333333333,1.0,0.3021182710565542
1658,0.23719771276929622,0.5,0.2,0.3065735963827292,0.5,0.3333333333333333,0.0,0.0,0.02564102564102564,-0.06937588361343297
1661,1.0,1.0,1.0,0.3562071871080222,1.0,0.16666666666666666,1.0,1.0,1.0,0.6437928128919779
1666,0.6804558477306826,0.75,1.0,0.8048099750039491,0.75,1.0,0.39233405721184117,0.75,0.16666666666666666,-0.12435412727326656
1676,0.38685280723454163,1.0,0.2,0.0,0.0,0.038461538461538464,0.0,0.0,0.08333333333333333,0.38685280723454163
1678,1.0,1.0,1.0,1.0,1.0,1.0,1.0,1.0,1.0,0.0
1681,0.6934264036172708,1.0,0.5,0.3065735963827292,0.5,0.3333333333333333,0.21840743681816419,0.5,0.16666666666666666,0.38685280723454163
1686,0.0,0.0,0.06666666666666667,0.23719771276929622,0.5,0.2,0.0,0.0,0.02127659574468085,-0.23719771276929622
1702,0.38685280723454163,1.0,0.2,0.38685280723454163,1.0,0.2,0.0,0.0,0.0196078431372549,0.0
1703,1.0,1.0,1.0,0.6052602440527057,1.0,0.5,0.6509209298071326,1.0,0.5,0.39473975594729427
1710,0.9325210919548239,1.0,1.0,0.20210734650054757,0.3333333333333333,0.25,0.46927872602275644,0.3333333333333333,1.0,0.7304137454542763
1721,1.0,1.0,1.0,0.0,0.0,0.08333333333333333,1.0,1.0,1.0,1.0
1725,0.6309297535714575,1.0,0.5,0.0,0.0,0.03225806451612903,0.6309297535714575,1.0,0.5,0.6309297535714575
1736,0.0,0.0,0.047619047619047616,0.0,0.0,0.023809523809523808,0.0,0.0,0.058823529411764705,0.0
1741,0.38685280723454163,1.0,0.2,0.0,0.0,0.09090909090909091,0.0,0.0,0.024390243902439025,0.38685280723454163
1745,1.0,1.0,1.0,0.0,0.0,0.07692307692307693,0.5249810332008933,1.0,0.3333333333333333,1.0
1750,1.0,1.0,1.0,1.0,1.0,1.0,0.3010299956639812,1.0,0.1111111111111111,0.0
1761,1.0,1.0,1.0,1.0,1.0,1.0,0.31546487678572877,1.0,0.125,0.0
1763,1.0,1.0,1.0,0.8315546295836225,1.0,1.0,0.8315546295836225,1.0,1.0,0.16844537041637753
1769,0.6105456988825855,0.6666666666666666,1.0,0.30281242839865,0.6666666666666666,0.16666666666666666,0.2960819109658652,0.3333333333333333,0.5,0.30773327048393545
1775,0.8321109942931567,0.7777777777777778,1.0,0.7483860802939633,0.6666666666666666,1.0,0.2537257399688699,0.3333333333333333,0.25,0.08372491399919346
1778,0.0,0.0,0.010526315789473684,0.0,0.0,0.0,0.0,0.0,0.0625,0.0
1793,0.9197207891481876,1.0,1.0,0.6131471927654584,0.5,1.0,0.0,0.0,0.0,0.3065735963827292
1796,1.0,1.0,1.0,1.0,1.0,1.0,1.0,1.0,1.0,0.0
1797,0.6309297535714575,1.0,0.5,0.0,0.0,0.0,0.5,1.0,0.3333333333333333,0.6309297535714575
1798,0.9058653015743079,1.0,1.0,0.6366824387328317,0.5,1.0,0.24630238874073,0.25,0.5,0.2691828628414762
1800,0.0,0.0,0.016129032258064516,0.0,0.0,0.0,0.0,0.0,0.0,0.0
1808,1.0,1.0,1.0,0.3333333333333333,1.0,0.14285714285714285,0.0,0.0,0.015384615384615385,0.6666666666666667
1810,0.9469024295259745,1.0,1.0,0.0,0.0,0.014285714285714285,0.9217868789962071,1.0,1.0,0.9469024295259745
1811,1.0,1.0,1.0,1.0,1.0,1.0,1.0,1.0,1.0,0.0
1812,0.6508205185601091,0.6666666666666666,1.0,0.7039180890341347,0.6666666666666666,1.0,0.46927872602275644,0.3333333333333333,1.0,-0.053097570474025524
1815,1.0,1.0,1.0,1.0,1.0,1.0,1.0,1.0,1.0,0.0
1816,0.43067655807339306,1.0,0.25,0.0,0.0,0.0,1.0,1.0,1.0,0.43067655807339306
1827,1.0,1.0,1.0,0.6509209298071326,1.0,0.5,0.8503449055347546,1.0,1.0,0.34907907019286744
183,0.9197207891481876,1.0,1.0,0.8772153153380493,1.0,1.0,0.8315546295836225,1.0,1.0,0.04250547381013825
1835,1.0,1.0,1.0,1.0,1.0,1.0,0.6309297535714575,1.0,0.5,0.0
1839,1.0,1.0,1.0,0.6309297535714575,1.0,0.5,1.0,1.0,1.0,0.36907024642854247
184,1.0,1.0,1.0,0.6131471927654584,0.5,1.0,0.9197207891481876,1.0,1.0,0.38685280723454163
1844,0.431733884398313,0.6666666666666666,0.5,0.2960819109658652,0.3333333333333333,0.5,0.20210734650054757,0.3333333333333333,0.25,0.13565197343244778
1847,0.6934264036172708,1.0,0.5,0.8772153153380493,1.0,1.0,0.6131471927654584,0.5,1.0,-0.1837889117207785
1861,0.9060254355346823,1.0,1.0,0.6546154994739983,1.0,0.5,0.7039180890341347,0.6666666666666666,1.0,0.25140993606068396
1866,0.867749820489524,1.0,1.0,0.5087403079104241,0.4,1.0,0.0,0.0,0.03125,0.35900951257909985
1869,1.0,1.0,1.0,0.6240505200038379,1.0,0.5,1.0,1.0,1.0,0.37594947999616213
187,0.5,1.0,0.3333333333333333,1.0,1.0,1.0,0.0,0.0,0.0,-0.5
1870,0.8048099750039491,0.75,1.0,0.11284514134893527,0.25,0.1,0.0,0.0,0.045454545454545456,0.6919648336550138
1872,0.2960819109658652,0.3333333333333333,0.5,0.3152014104491349,0.6666666666666666,0.16666666666666666,0.2960819109658652,0.3333333333333333,0.5,-0.019119499483269686
1874,0.5,1.0,0.3333333333333333,0.0,0.0,0.015873015873015872,0.0,0.0,0.023255813953488372,0.5
1875,0.2640681225725909,0.5,0.25,0.0,0.0,0.013888888888888888,0.39564672360221187,1.0,0.16666666666666666,0.2640681225725909
1876,0.9674679834891693,1.0,1.0,0.46927872602275644,0.3333333333333333,1.0,0.15642624200758548,0.3333333333333333,0.14285714285714285,0.49818925746641285
188,1.0,1.0,1.0,1.0,1.0,1.0,1.0,1.0,1.0,0.0
1888,0.6240505200038379,1.0,0.5,1.0,1.0,1.0,0.5706417189553201,1.0,0.3333333333333333,-0.37594947999616213
1890,0.5,1.0,0.3333333333333333,0.6309297535714575,1.0,0.5,0.6309297535714575,1.0,0.5,-0.13092975357145753
1891,1.0,1.0,1.0,0.7903864795495061,1.0,1.0,0.6131471927654584,0.5,1.0,0.20961352045049386
1895,0.8315546295836225,1.0,1.0,0.6131471927654584,0.5,1.0,0.2640681225725909,0.5,0.25,0.2184074368181641
1899,0.5267175784514114,1.0,0.3333333333333333,0.4525081529734507,0.6666666666666666,0.5,0.2960819109658652,0.3333333333333333,0.5,0.07420942547796072
1900,0.7977228895450266,1.0,1.0,0.0,0.0,0.08333333333333333,0.0,0.0,0.08333333333333333,0.7977228895450266
1905,0.38685280723454163,1.0,0.2,0.0,0.0,0.058823529411764705,0.3562071871080222,1.0,0.16666666666666666,0.38685280723454163
1912,0.15642624200758548,0.3333333333333333,0.14285714285714285,0.20210734650054757,0.3333333333333333,0.25,0.14126697285982898,0.3333333333333333,0.1111111111111111,-0.04568110449296209
1913,1.0,1.0,1.0,0.7653606369886217,0.6666666666666666,1.0,0.34870224750355494,0.6666666666666666,0.2,0.23463936301137833
193,0.8248239677678635,0.8,1.0,0.7227265726449519,0.6,1.0,0.7227265726449519,0.6,1.0,0.1020973951229116
1931,1.0,1.0,1.0,1.0,1.0,1.0,1.0,1.0,1.0,0.0
1933,0.3010299956639812,1.0,0.1111111111111111,0.0,0.0,0.016129032258064516,0.43067655807339306,1.0,0.25,0.3010299956639812
1939,0.6309297535714575,1.0,0.5,0.6309297535714575,1.0,0.5,0.5,1.0,0.3333333333333333,0.0
1940,0.13565197343244778,0.3333333333333333,0.1,0.18154179253735267,0.3333333333333333,0.2,0.13565197343244778,0.3333333333333333,0.1,-0.04588981910490489
1946,0.3295827480202853,0.6666666666666666,0.2,0.23463936301137822,0.3333333333333333,0.3333333333333333,0.0,0.0,0.030303030303030304,0.09494338500890709
1949,1.0,1.0,1.0,1.0,1.0,1.0,0.0,0.0,0.07692307692307693,0.0
1955,1.0,1.0,1.0,1.0,1.0,1.0,1.0,1.0,1.0,0.0
1959,0.43067655807339306,1.0,0.25,0.0,0.0,0.017543859649122806,0.0,0.0,0.017543859649122806,0.43067655807339306
196,0.6131471927654584,0.5,1.0,0.8503449055347546,1.0,1.0,0.5109559939712153,1.0,0.3333333333333333,-0.23719771276929624
1963,0.0,0.0,0.03225806451612903,0.0,0.0,0.027777777777777776,0.31546487678572877,1.0,0.125,0.0
1966,0.6546154994739983,1.0,0.5,0.6713860725233041,0.6666666666666666,1.0,0.0,0.0,0.07142857142857142,-0.016770573049305737
1967,1.0,1.0,1.0,0.6309297535714575,1.0,0.5,1.0,1.0,1.0,0.36907024642854247
197,1.0,1.0,1.0,1.0,1.0,1.0,1.0,1.0,1.0,0.0
1971,1.0,1.0,1.0,1.0,1.0,1.0,0.38685280723454163,1.0,0.2,0.0
1984,1.0,1.0,1.0,1.0,1.0,1.0,0.5,1.0,0.3333333333333333,0.0
1990,0.8503449055347546,1.0,1.0,0.8772153153380493,1.0,1.0,0.448643819352159,1.0,0.25,-0.026870409803294693
1995,1.0,1.0,1.0,0.5,1.0,0.3333333333333333,1.0,1.0,1.0,0.5
1998,0.0,0.0,0.0,0.0,0.0,0.017543859649122806,0.0,0.0,0.06666666666666667,0.0
1999,0.8529278650606567,1.0,1.0,0.0,0.0,0.07142857142857142,0.0,0.0,0.0,0.8529278650606567
2004,1.0,1.0,1.0,1.0,1.0,1.0,0.6309297535714575,1.0,0.5,0.0
2007,0.9197207891481876,1.0,1.0,0.8065735963827293,1.0,1.0,0.6131471927654584,0.5,1.0,0.11314719276545826
2017,0.31546487678572877,1.0,0.125,1.0,1.0,1.0,0.0,0.0,0.03125,-0.6845351232142712
2024,1.0,1.0,1.0,0.6934264036172708,1.0,0.5,0.38685280723454163,0.5,0.5,0.3065735963827292
204,0.0,0.0,0.08333333333333333,0.38685280723454163,0.5,0.5,0.6131471927654584,0.5,1.0,-0.38685280723454163
2045,0.38685280723454163,1.0,0.2,0.0,0.0,0.0,0.0,0.0,0.0,0.38685280723454163
2048,0.6325004241086445,1.0,0.3333333333333333,0.24630238874073,0.25,0.5,0.0,0.0,0.0,0.3861980353679145
2049,1.0,1.0,1.0,1.0,1.0,1.0,1.0,1.0,1.0,0.0
2053,1.0,1.0,1.0,1.0,1.0,1.0,1.0,1.0,1.0,0.0
2062,0.9176551163528843,1.0,1.0,0.7486761295186739,1.0,0.5,0.24630238874073,0.25,0.5,0.16897898683421042
2066,0.6978817289434457,1.0,0.5,0.6364391809889587,0.6666666666666666,1.0,0.16716045496620227,0.3333333333333333,0.16666666666666666,0.061442547954487
207,0.2640681225725909,0.5,0.25,0.0,0.0,0.02127659574468085,0.0,0.0,0.0,0.2640681225725909
2076,1.0,1.0,1.0,1.0,1.0,1.0,1.0,1.0,1.0,0.0
2078,0.6338412308988606,1.0,0.5,0.46927872602275644,0.3333333333333333,1.0,0.2920782154400332,0.6666666666666666,0.14285714285714285,0.16456250487610413
2086,1.0,1.0,1.0,0.0,0.0,0.05263157894736842,0.2890648263178879,1.0,0.1,1.0
2087,0.6713860725233041,0.6666666666666666,1.0,0.38364913903790027,0.6666666666666666,0.25,0.7039180890341347,0.6666666666666666,1.0,0.2877369334854038
2090,0.6309297535714575,1.0,0.5,1.0,1.0,1.0,0.0,0.0,0.09090909090909091,-0.36907024642854247
2096,0.43067655807339306,1.0,0.25,0.0,0.0,0.0,0.0,0.0,0.045454545454545456,0.43067655807339306
2097,0.6131471927654584,0.5,1.0,0.2640681225725909,0.5,0.25,0.6131471927654584,0.5,1.0,0.3490790701928675
210,0.6713860725233041,0.6666666666666666,1.0,0.2960819109658652,0.3333333333333333,0.5,0.18154179253735267,0.3333333333333333,0.2,0.37530416155743884
2102,0.6462302129493456,1.0,0.5,0.0,0.0,0.07692307692307693,0.0,0.0,0.0625,0.6462302129493456
2103,0.0,0.0,0.0625,0.0,0.0,0.018867924528301886,0.5,1.0,0.3333333333333333,0.0
211,1.0,1.0,1.0,1.0,1.0,1.0,1.0,1.0,1.0,0.0
2112,0.4592846660663049,0.5,0.5,0.4296937870297496,0.5,0.5,0.10778915452451093,0.16666666666666666,0.16666666666666666,0.02959087903655533
2113,0.38685280723454163,1.0,0.2,0.0,0.0,0.013513513513513514,0.0,0.0,0.04,0.38685280723454163
2114,1.0,1.0,1.0,0.3010299956639812,1.0,0.1111111111111111,0.3010299956639812,1.0,0.1111111111111111,0.6989700043360187
2115,1.0,1.0,1.0,0.6934264036172708,1.0,0.5,0.0,0.0,0.037037037037037035,0.3065735963827292
2117,1.0,1.0,1.0,1.0,1.0,1.0,1.0,1.0,1.0,0.0
2120,0.8519590445170673,1.0,1.0,0.6713860725233041,0.6666666666666666,1.0,0.8179809735263114,1.0,1.0,0.1805729719937632
2123,1.0,1.0,1.0,0.3562071871080222,1.0,0.16666666666666666,1.0,1.0,1.0,0.6437928128919779
2129,1.0,1.0,1.0,0.0,0.0,0.07692307692307693,1.0,1.0,1.0,1.0
2132,1.0,1.0,1.0,1.0,1.0,1.0,1.0,1.0,1.0,0.0
2133,1.0,1.0,1.0,1.0,1.0,1.0,0.6309297535714575,1.0,0.5,0.0
2140,0.8854598815714874,1.0,1.0,0.8451850618939637,1.0,1.0,0.9060254355346823,1.0,1.0,0.040274819677523666
2141,0.5,1.0,0.3333333333333333,0.5,1.0,0.3333333333333333,0.0,0.0,0.022222222222222223,0.0
2143,0.0,0.0,0.023809523809523808,0.0,0.0,0.0,0.0,0.0,0.0,0.0
2147,0.9197207891481876,1.0,1.0,0.9197207891481876,1.0,1.0,0.0,0.0,0.024390243902439025,0.0
2156,0.6309297535714575,1.0,0.5,0.6309297535714575,1.0,0.5,0.0,0.0,0.09090909090909091,0.0
2164,0.8175295903539445,1.0,1.0,0.38685280723454163,0.5,0.5,0.21840743681816419,0.5,0.16666666666666666,0.43067678311940283
2166,1.0,1.0,1.0,0.6309297535714575,1.0,0.5,0.6309297535714575,1.0,0.5,0.36907024642854247
2186,1.0,1.0,1.0,0.0,0.0,0.08333333333333333,0.6309297535714575,1.0,0.5,1.0
2192,1.0,1.0,1.0,0.38364913903790027,0.6666666666666666,0.25,0.0,0.0,0.07142857142857142,0.6163508609620998
2197,1.0,1.0,1.0,0.7653606369886217,0.6666666666666666,1.0,0.5881601264058984,1.0,0.5,0.23463936301137833
2200,0.38685280723454163,1.0,0.2,0.6309297535714575,1.0,0.5,0.2890648263178879,1.0,0.1,-0.2440769463369159
2203,0.38685280723454163,1.0,0.2,1.0,1.0,1.0,0.5,1.0,0.3333333333333333,-0.6131471927654584
222,0.21398626473452756,0.2,0.5,0.21398626473452756,0.2,0.5,0.0,0.0,0.058823529411764705,0.0
2224,0.3333333333333333,1.0,0.14285714285714285,0.0,0.0,0.0,0.0,0.0,0.03125,0.3333333333333333
2225,0.0,0.0,0.06666666666666667,0.0,0.0,0.0,0.0,0.0,0.02631578947368421,0.0
2234,1.0,1.0,1.0,1.0,1.0,1.0,1.0,1.0,1.0,0.0
2239,0.6309297535714575,1.0,0.5,0.3333333333333333,1.0,0.14285714285714285,0.5,1.0,0.3333333333333333,0.2975964202381242
2241,1.0,1.0,1.0,1.0,1.0,1.0,0.6131471927654584,0.5,1.0,0.0
2252,0.9674679834891693,1.0,1.0,0.619668607939653,1.0,0.5,0.9674679834891693,1.0,1.0,0.34779937554951634
2255,1.0,1.0,1.0,1.0,1.0,1.0,1.0,1.0,1.0,0.0
2261,0.8315546295836225,1.0,1.0,0.6509209298071326,1.0,0.5,1.0,1.0,1.0,0.1806336997764899
2266,0.0,0.0,0.07142857142857142,0.0,0.0,0.0,0.0,0.0,0.0,0.0
2270,1.0,1.0,1.0,1.0,1.0,1.0,1.0,1.0,1.0,0.0
2271,1.0,1.0,1.0,0.5437713091520254,1.0,0.3333333333333333,0.8503449055347546,1.0,1.0,0.45622869084797457
2272,0.6508205185601091,0.6666666666666666,1.0,0.46927872602275644,0.3333333333333333,1.0,0.6105456988825855,0.6666666666666666,1.0,0.1815417925373527
228,0.5012658353418871,1.0,0.25,0.0,0.0,0.05555555555555555,0.0,0.0,0.06666666666666667,0.5012658353418871
2283,1.0,1.0,1.0,0.6131471927654584,0.5,1.0,0.6131471927654584,0.5,1.0,0.38685280723454163
2287,0.38685280723454163,1.0,0.2,0.0,0.0,0.017241379310344827,0.0,0.0,0.012987012987012988,0.38685280723454163
2290,0.0,0.0,0.041666666666666664,0.0,0.0,0.027777777777777776,0.0,0.0,0.03225806451612903,0.0
2291,0.3973220069685352,0.5,0.5,0.36331756126716835,0.5,0.3333333333333333,0.19519002499605084,0.25,0.3333333333333333,0.03400444570136685
2292,1.0,1.0,1.0,0.1480409554829326,0.3333333333333333,0.125,0.0,0.0,0.022222222222222223,0.8519590445170674
2294,0.6661998717660157,0.6,1.0,0.6552438651310554,0.6,1.0,0.44615333764087994,0.4,1.0,0.010956006634960325
2299,0.6309297535714575,1.0,0.5,1.0,1.0,1.0,1.0,1.0,1.0,-0.36907024642854247
2301,1.0,1.0,1.0,1.0,1.0,1.0,0.2890648263178879,1.0,0.1,0.0
2312,1.0,1.0,1.0,0.0,0.0,0.03225806451612903,1.0,1.0,1.0,1.0
2314,0.3235866969737877,0.6666666666666666,0.16666666666666666,0.23463936301137822,0.3333333333333333,0.3333333333333333,0.2960819109658652,0.3333333333333333,0.5,0.0889473339624095
2330,0.9469024295259745,1.0,1.0,0.6713860725233041,0.6666666666666666,1.0,0.617319681505689,0.6666666666666666,1.0,0.2755163570026704
2340,1.0,1.0,1.0,1.0,1.0,1.0,0.6309297535714575,1.0,0.5,0.0
2343,0.6309297535714575,1.0,0.5,0.5,1.0,0.3333333333333333,0.2890648263178879,1.0,0.1,0.13092975357145753
2345,0.6309297535714575,1.0,0.5,1.0,1.0,1.0,0.0,0.0,0.05,-0.36907024642854247
2353,0.31546487678572877,1.0,0.125,0.0,0.0,0.011494252873563218,0.0,0.0,0.0,0.31546487678572877
2355,1.0,1.0,1.0,0.9197207891481876,1.0,1.0,0.5437713091520254,1.0,0.3333333333333333,0.08027921085181244
2356,1.0,1.0,1.0,0.2890648263178879,1.0,0.1,0.0,0.0,0.016666666666666666,0.7109351736821121
2367,1.0,1.0,1.0,0.6309297535714575,1.0,0.5,1.0,1.0,1.0,0.36907024642854247
2370,0.0,0.0,0.034482758620689655,0.0,0.0,0.014084507042253521,0.0,0.0,0.07142857142857142,0.0
2375,0.44149241373678083,0.5,0.5,0.5032251913410369,0.5,1.0,0.13905617951077562,0.25,0.16666666666666666,-0.061732777604256106
2377,0.3065735963827292,0.5,0.3333333333333333,0.38685280723454163,0.5,0.5,0.3065735963827292,0.5,0.3333333333333333,-0.08027921085181244
238,0.0,0.0,0.024390243902439025,0.0,0.0,0.0,0.0,0.0,0.013888888888888888,0.0
2384,0.7777061538487877,1.0,1.0,0.46927872602275644,0.3333333333333333,1.0,0.46927872602275644,0.3333333333333333,1.0,0.3084274278260313
2393,0.5,1.0,0.3333333333333333,1.0,1.0,1.0,1.0,1.0,1.0,-0.5
2394,0.38685280723454163,0.5,0.5,0.0,0.0,0.0625,0.38685280723454163,0.5,0.5,0.38685280723454163
2396,1.0,1.0,1.0,0.0,0.0,0.08333333333333333,1.0,1.0,1.0,1.0
2397,0.4367467095119258,0.6666666666666666,0.3333333333333333,0.20210734650054757,0.3333333333333333,0.25,0.46927872602275644,0.3333333333333333,1.0,0.23463936301137822
2398,0.43067655807339306,1.0,0.25,0.0,0.0,0.010638297872340425,0.0,0.0,0.02631578947368421,0.43067655807339306
2400,1.0,1.0,1.0,0.6105456988825855,0.6666666666666666,1.0,0.7864724919925569,1.0,1.0,0.3894543011174145
2406,0.8772153153380493,1.0,1.0,0.0,0.0,0.045454545454545456,0.21840743681816419,0.5,0.16666666666666666,0.8772153153380493
2416,0.5706417189553201,1.0,0.3333333333333333,0.3065735963827292,0.5,0.3333333333333333,0.3065735963827292,0.5,0.3333333333333333,0.26406812257259094
2420,1.0,1.0,1.0,0.43067655807339306,1.0,0.25,0.6309297535714575,1.0,0.5,0.5693234419266069
2423,0.43067655807339306,1.0,0.25,0.0,0.0,0.0,0.0,0.0,0.014925373134328358,0.43067655807339306
2429,1.0,1.0,1.0,1.0,1.0,1.0,1.0,1.0,1.0,0.0
243,1.0,1.0,1.0,0.0,0.0,0.0,1.0,1.0,1.0,1.0
2430,0.4371994911049732,0.4,1.0,0.48522855511632257,0.4,1.0,0.0,0.0,0.019230769230769232,-0.048029064011349376
2432,0.5,1.0,0.3333333333333333,0.23719771276929622,0.5,0.2,0.0,0.0,0.0625,0.26280228723070376
2438,0.6309297535714575,1.0,0.5,1.0,1.0,1.0,1.0,1.0,1.0,-0.36907024642854247
244,1.0,1.0,1.0,0.43067655807339306,1.0,0.25,0.0,0.0,0.08333333333333333,0.5693234419266069
2445,0.830419897363192,0.8,1.0,0.9565912771023182,1.0,1.0,0.9505310077117098,1.0,1.0,-0.12617137973912618
2449,0.0,0.0,0.0,0.0,0.0,0.0,0.0,0.0,0.0,0.0
2450,1.0,1.0,1.0,0.0,0.0,0.0,0.0,0.0,0.0,1.0
2454,1.0,1.0,1.0,1.0,1.0,1.0,1.0,1.0,1.0,0.0
2461,1.0,1.0,1.0,0.6309297535714575,1.0,0.5,0.6309297535714575,1.0,0.5,0.36907024642854247
2464,0.7081372529387284,0.8,1.0,0.42307679222470296,0.6,0.5,0.0,0.0,0.0,0.28506046071402547
2474,0.8279110931067362,0.7777777777777778,1.0,0.40791202148075706,0.4444444444444444,0.5,0.3091941646995599,0.2222222222222222,1.0,0.4199990716259791
2481,0.8503449055347546,1.0,1.0,1.0,1.0,1.0,0.9197207891481876,1.0,1.0,-0.1496550944652454
2488,1.0,1.0,1.0,0.8503449055347546,1.0,1.0,0.6509209298071326,1.0,0.5,0.1496550944652454
2499,0.9197207891481876,1.0,1.0,0.2640681225725909,0.5,0.25,0.7903864795495061,1.0,1.0,0.6556526665755966
2502,0.6309297535714575,1.0,0.5,1.0,1.0,1.0,0.0,0.0,0.022222222222222223,-0.36907024642854247
2505,1.0,1.0,1.0,1.0,1.0,1.0,0.5,1.0,0.3333333333333333,0.0
2516,0.0,0.0,0.0,0.0,0.0,0.0,0.0,0.0,0.0,0.0
2533,1.0,1.0,1.0,0.9060254355346823,1.0,1.0,0.4632423659320675,0.6666666666666666,0.5,0.09397456446531771
2539,1.0,1.0,1.0,1.0,1.0,1.0,1.0,1.0,1.0,0.0
256,0.4637257479802832,0.75,0.3333333333333333,0.0,0.0,0.05,0.19519002499605084,0.25,0.3333333333333333,0.4637257479802832
2570,0.0,0.0,0.07142857142857142,0.0,0.0,0.08333333333333333,0.0,0.0,0.013157894736842105,0.0
2579,0.6256646589861505,1.0,0.5,0.0,0.0,0.03571428571428571,0.0,0.0,0.0,0.6256646589861505
2580,1.0,1.0,1.0,1.0,1.0,1.0,1.0,1.0,1.0,0.0
2584,0.8503449055347546,1.0,1.0,0.6131471927654584,0.5,1.0,0.0,0.0,0.038461538461538464,0.23719771276929624
2595,0.38685280723454163,1.0,0.2,0.6309297535714575,1.0,0.5,1.0,1.0,1.0,-0.2440769463369159
2596,0.7653606369886217,0.6666666666666666,1.0,0.7653606369886217,0.6666666666666666,1.0,0.6713860725233041,0.6666666666666666,1.0,0.0
2598,0.9197207891481876,1.0,1.0,1.0,1.0,1.0,0.9197207891481876,1.0,1.0,-0.08027921085181244
2602,1.0,1.0,1.0,1.0,1.0,1.0,1.0,1.0,1.0,0.0
2611,0.6309297535714575,1.0,0.5,1.0,1.0,1.0,0.43067655807339306,1.0,0.25,-0.36907024642854247
2619,0.6309297535714575,1.0,0.5,0.5,1.0,0.3333333333333333,0.3562071871080222,1.0,0.16666666666666666,0.13092975357145753
262,1.0,1.0,1.0,1.0,1.0,1.0,1.0,1.0,1.0,0.0
2625,0.43067655807339306,1.0,0.25,1.0,1.0,1.0,0.0,0.0,0.038461538461538464,-0.5693234419266069
2627,0.6309297535714575,1.0,0.5,0.3010299956639812,1.0,0.1111111111111111,1.0,1.0,1.0,0.32989975790747633
2628,0.2640681225725909,0.5,0.25,0.0,0.0,0.0,0.0,0.0,0.02,0.2640681225725909
2631,0.3065735963827292,0.5,0.3333333333333333,0.5640920940185894,1.0,0.5,0.18457569677956817,0.5,0.1111111111111111,-0.2575184976358602
2632,1.0,1.0,1.0,0.8065735963827293,1.0,1.0,0.8315546295836225,1.0,1.0,0.1934264036172707
2635,1.0,1.0,1.0,1.0,1.0,1.0,1.0,1.0,1.0,0.0
2636,0.8710785440003369,1.0,1.0,0.46927872602275644,0.3333333333333333,1.0,0.46927872602275644,0.3333333333333333,1.0,0.40179981797758046
2641,0.6309297535714575,1.0,0.5,1.0,1.0,1.0,1.0,1.0,1.0,-0.36907024642854247
2653,0.38685280723454163,1.0,0.2,0.5,1.0,0.3333333333333333,0.0,0.0,0.011363636363636364,-0.11314719276545837
2657,0.9531641314941091,1.0,1.0,0.2162957183053307,0.2857142857142857,0.25,0.08274602130532002,0.14285714285714285,0.1111111111111111,0.7368684131887784
2685,0.38685280723454163,0.5,0.5,0.6131471927654584,0.5,1.0,0.0,0.0,0.08333333333333333,-0.22629438553091674
2694,0.3065735963827292,0.5,0.3333333333333333,0.0,0.0,0.047619047619047616,0.17723928678404774,0.5,0.1,0.3065735963827292
2696,1.0,1.0,1.0,0.6509209298071326,1.0,0.5,0.6052602440527057,1.0,0.5,0.34907907019286744
2701,1.0,1.0,1.0,0.31546487678572877,1.0,0.125,1.0,1.0,1.0,0.6845351232142712
2702,1.0,1.0,1.0,0.0,0.0,0.0,0.43067655807339306,1.0,0.25,1.0
2704,0.8175295903539445,1.0,1.0,0.2640681225725909,0.5,0.25,0.8315546295836225,1.0,1.0,0.5534614677813536
2712,1.0,1.0,1.0,1.0,1.0,1.0,1.0,1.0,1.0,0.0
2721,0.9052181617170642,1.0,1.0,0.6271823208439088,1.0,0.3333333333333333,0.42140541397218306,0.75,0.25,0.27803584087315536
2722,0.8838242945899706,1.0,1.0,0.6469523342593044,0.75,1.0,0.3903800499921017,0.25,1.0,0.23687196033066615
2723,0.6131471927654584,0.5,1.0,0.0,0.0,0.05555555555555555,0.23719771276929622,0.5,0.2,0.6131471927654584
2724,0.6131471927654584,0.5,1.0,0.0,0.0,0.0,0.6131471927654584,0.5,1.0,0.6131471927654584
2728,0.14126697285982898,0.3333333333333333,0.1111111111111111,0.2960819109658652,0.3333333333333333,0.5,0.1480409554829326,0.3333333333333333,0.125,-0.15481493810603625
2734,0.6309297535714575,1.0,0.5,1.0,1.0,1.0,0.43067655807339306,1.0,0.25,-0.36907024642854247
2739,0.77618726054832,0.8333333333333334,1.0,0.30260241349881345,0.16666666666666666,1.0,0.11706259313796354,0.16666666666666666,0.2,0.47358484704950654
2745,0.9325210919548239,1.0,1.0,0.0,0.0,0.03333333333333333,0.0,0.0,0.021739130434782608,0.9325210919548239
2750,1.0,1.0,1.0,0.8315546295836225,1.0,1.0,0.5012658353418871,1.0,0.25,0.16844537041637753
2753,1.0,1.0,1.0,1.0,1.0,1.0,0.6131471927654584,0.5,1.0,0.0
2758,1.0,1.0,1.0,0.0,0.0,0.0,1.0,1.0,1.0,1.0
2759,0.6131471927654584,0.5,1.0,0.6131471927654584,0.5,1.0,0.38685280723454163,0.5,0.5,0.0
276,0.8503449055347546,1.0,1.0,0.38685280723454163,0.5,0.5,0.3065735963827292,0.5,0.3333333333333333,0.463492098300213
2768,0.6309297535714575,1.0,0.5,0.5,1.0,0.3333333333333333,0.3562071871080222,1.0,0.16666666666666666,0.13092975357145753
2777,1.0,1.0,1.0,1.0,1.0,1.0,0.6309297535714575,1.0,0.5,0.0
2780,0.7598336331031966,0.75,1.0,0.5204732013389002,0.75,0.5,0.5585075862632192,0.5,1.0,0.23936043176429644
2788,1.0,1.0,1.0,0.7903864795495061,1.0,1.0,0.6131471927654584,0.5,1.0,0.20961352045049386
2789,0.7122630665145961,1.0,0.5,0.4632423659320675,0.6666666666666666,0.5,0.5173087569496825,1.0,0.25,0.24902070058252862
2798,1.0,1.0,1.0,0.5,1.0,0.3333333333333333,1.0,1.0,1.0,0.5
2803,0.6131471927654584,0.5,1.0,0.6131471927654584,0.5,1.0,0.8175295903539445,1.0,1.0,0.0
2811,1.0,1.0,1.0,0.0,0.0,0.07692307692307693,1.0,1.0,1.0,1.0
2816,0.8498259896365309,0.8571428571428571,1.0,0.3704205143070847,0.5714285714285714,0.2,0.38972337529357015,0.42857142857142855,0.5,0.47940547532944616
2824,0.3065735963827292,0.5,0.3333333333333333,0.21840743681816419,0.5,0.16666666666666666,0.38685280723454163,0.5,0.5,0.088166159564565
2826,0.0,0.0,0.0,0.0,0.0,0.011111111111111112,0.0,0.0,0.05263157894736842,0.0
2832,1.0,1.0,1.0,1.0,1.0,1.0,1.0,1.0,1.0,0.0
284,0.4367467095119258,0.6666666666666666,0.3333333333333333,0.35853358850813305,0.6666666666666666,0.25,0.15642624200758548,0.3333333333333333,0.14285714285714285,0.07821312100379274
2848,0.4632423659320675,0.6666666666666666,0.5,0.3171937659698004,0.6666666666666666,0.2,0.20210734650054757,0.3333333333333333,0.25,0.1460485999622671
2857,0.9197207891481876,1.0,1.0,0.19342640361727081,0.5,0.125,0.6131471927654584,0.5,1.0,0.7262943855309167
2858,1.0,1.0,1.0,0.20210734650054757,0.3333333333333333,0.25,0.6105456988825855,0.6666666666666666,1.0,0.7978926534994524
2860,1.0,1.0,1.0,1.0,1.0,1.0,1.0,1.0,1.0,0.0
2867,0.6309297535714575,1.0,0.5,0.5,1.0,0.3333333333333333,0.0,0.0,0.0,0.13092975357145753
2869,1.0,1.0,1.0,1.0,1.0,1.0,1.0,1.0,1.0,0.0
2875,0.6309297535714575,1.0,0.5,0.0,0.0,0.08333333333333333,0.0,0.0,0.02564102564102564,0.6309297535714575
2879,0.0,0.0,0.0,0.0,0.0,0.0,0.0,0.0,0.029411764705882353,0.0
2893,1.0,1.0,1.0,1.0,1.0,1.0,1.0,1.0,1.0,0.0
2896,0.5,1.0,0.3333333333333333,0.0,0.0,0.0,0.0,0.0,0.02040816326530612,0.5
29,0.8315546295836225,1.0,1.0,0.38685280723454163,0.5,0.5,0.38685280723454163,0.5,0.5,0.44470182234908084
290,0.5,1.0,0.3333333333333333,0.0,0.0,0.058823529411764705,0.0,0.0,0.02702702702702703,0.5
2900,0.8772153153380493,1.0,1.0,0.6934264036172708,1.0,0.5,0.48247555939075504,1.0,0.25,0.1837889117207785
2901,1.0,1.0,1.0,1.0,1.0,1.0,0.6309297535714575,1.0,0.5,0.0
2903,1.0,1.0,1.0,1.0,1.0,1.0,0.6309297535714575,1.0,0.5,0.0
2904,0.3562071871080222,1.0,0.16666666666666666,0.0,0.0,0.03571428571428571,1.0,1.0,1.0,0.3562071871080222
2911,1.0,1.0,1.0,1.0,1.0,1.0,1.0,1.0,1.0,0.0
2915,0.2890648263178879,1.0,0.1,0.0,0.0,0.09090909090909091,0.0,0.0,0.05,0.2890648263178879
2931,0.5,1.0,0.3333333333333333,0.0,0.0,0.0,0.0,0.0,0.023255813953488372,0.5
2936,0.9828920819566879,1.0,1.0,1.0,1.0,1.0,0.6096199500078984,0.75,0.5,-0.01710791804331213
2942,0.6309297535714575,1.0,0.5,1.0,1.0,1.0,0.43067655807339306,1.0,0.25,-0.36907024642854247
2948,1.0,1.0,1.0,0.8503449055347546,1.0,1.0,0.6131471927654584,0.5,1.0,0.1496550944652454
2955,1.0,1.0,1.0,1.0,1.0,1.0,0.5,1.0,0.3333333333333333,0.0
2960,1.0,1.0,1.0,0.9217868789962071,1.0,1.0,0.1480409554829326,0.3333333333333333,0.125,0.07821312100379285
2961,0.2960819109658652,0.3333333333333333,0.5,0.6364391809889587,0.6666666666666666,1.0,0.0,0.0,0.0,-0.34035727002309346
2964,0.3010299956639812,1.0,0.1111111111111111,0.0,0.0,0.09090909090909091,0.43067655807339306,1.0,0.25,0.3010299956639812
2968,0.5135312443624667,0.5,1.0,0.6366824387328317,0.5,1.0,0.6366824387328317,0.5,1.0,-0.12315119437036504
2977,0.5640920940185894,1.0,0.5,0.36181498356361597,1.0,0.1111111111111111,0.6131471927654584,0.5,1.0,0.20227711045497343
2988,0.9674679834891693,1.0,1.0,0.9325210919548239,1.0,1.0,1.0,1.0,1.0,0.03494689153434538
299,1.0,1.0,1.0,0.9217868789962071,1.0,1.0,0.0,0.0,0.010752688172043012,0.07821312100379285
2991,0.6934264036172708,1.0,0.5,0.5640920940185894,1.0,0.5,0.7977228895450266,1.0,1.0,0.12933430959868142
2999,1.0,1.0,1.0,1.0,1.0,1.0,0.6309297535714575,1.0,0.5,0.0
3003,1.0,1.0,1.0,1.0,1.0,1.0,0.0,0.0,0.016129032258064516,0.0
3013,0.9197207891481876,1.0,1.0,0.46845052016107697,1.0,0.25,0.0,0.0,0.0,0.4512702689871106
3014,0.8539316501572937,0.8,1.0,0.5147714448836774,0.6,0.5,0.7574391522808,1.0,0.5,0.33916020527361623
3015,0.5706417189553201,1.0,0.3333333333333333,0.20438239758848611,0.5,0.14285714285714285,0.0,0.0,0.09090909090909091,0.36625932136683403
3019,0.7844801364718913,1.0,1.0,0.8519590445170673,1.0,1.0,0.46927872602275644,0.3333333333333333,1.0,-0.06747890804517598
302,1.0,1.0,1.0,0.8772153153380493,1.0,1.0,1.0,1.0,1.0,0.1227846846619507
3020,0.6257049680303419,0.6666666666666666,1.0,0.14126697285982898,0.3333333333333333,0.1111111111111111,0.2960819109658652,0.3333333333333333,0.5,0.48443799517051295
3021,0.0,0.0,0.06666666666666667,0.0,0.0,0.030303030303030304,0.0,0.0,0.041666666666666664,0.0
3022,0.4367467095119258,0.6666666666666666,0.3333333333333333,0.9217868789962071,1.0,1.0,0.5833416105149332,1.0,0.3333333333333333,-0.48504016948428136
3026,0.4034698846650846,0.3333333333333333,1.0,0.4034698846650846,0.3333333333333333,1.0,0.626021691285488,0.8333333333333334,0.5,0.0
3033,0.6309297535714575,1.0,0.5,0.0,0.0,0.0,0.0,0.0,0.015873015873015872,0.6309297535714575
3034,1.0,1.0,1.0,0.0,0.0,0.047619047619047616,1.0,1.0,1.0,1.0
3039,0.0,0.0,0.0,0.0,0.0,0.01694915254237288,0.0,0.0,0.05263157894736842,0.0
3040,1.0,1.0,1.0,1.0,1.0,1.0,0.2640681225725909,0.5,0.25,0.0
3044,1.0,1.0,1.0,1.0,1.0,1.0,1.0,1.0,1.0,0.0
3047,0.5912352048230277,1.0,0.5,0.8772153153380493,1.0,1.0,0.8503449055347546,1.0,1.0,-0.2859801105150216
3051,0.0,0.0,0.07692307692307693,0.0,0.0,0.0,0.0,0.0,0.037037037037037035,0.0
3053,0.3333333333333333,1.0,0.14285714285714285,0.0,0.0,0.08333333333333333,0.0,0.0,0.015873015873015872,0.3333333333333333
3057,1.0,1.0,1.0,0.0,0.0,0.08333333333333333,0.5,1.0,0.3333333333333333,1.0
306,0.38685280723454163,1.0,0.2,0.0,0.0,0.045454545454545456,0.43067655807339306,1.0,0.25,0.38685280723454163
3060,0.0,0.0,0.0,0.0,0.0,0.0,0.3562071871080222,1.0,0.16666666666666666,0.0
3061,1.0,1.0,1.0,0.0,0.0,0.058823529411764705,0.19342640361727081,0.5,0.125,1.0
3073,1.0,1.0,1.0,0.0,0.0,0.06666666666666667,0.5,1.0,0.3333333333333333,1.0
308,0.38685280723454163,1.0,0.2,0.0,0.0,0.08333333333333333,0.3010299956639812,1.0,0.1111111111111111,0.38685280723454163
3081,0.0,0.0,0.0625,0.0,0.0,0.09090909090909091,0.5,1.0,0.3333333333333333,0.0
3090,0.6049306994552042,0.6666666666666666,1.0,0.46927872602275644,0.3333333333333333,1.0,0.0,0.0,0.037037037037037035,0.13565197343244773
3092,0.6366824387328317,0.5,1.0,0.5585075862632192,0.5,1.0,0.4808336660235955,0.75,0.3333333333333333,0.07817485246961253
3093,1.0,1.0,1.0,1.0,1.0,1.0,1.0,1.0,1.0,0.0
3097,1.0,1.0,1.0,0.75369761125927,0.75,1.0,0.7246262544989281,0.75,1.0,0.24630238874072996
3098,1.0,1.0,1.0,1.0,1.0,1.0,1.0,1.0,1.0,0.0
31,1.0,1.0,1.0,0.43067655807339306,1.0,0.25,0.0,0.0,0.0,0.5693234419266069
3111,1.0,1.0,1.0,0.3065735963827292,0.5,0.3333333333333333,0.0,0.0,0.047619047619047616,0.6934264036172708
3114,0.43067655807339306,1.0,0.25,0.0,0.0,0.0,0.0,0.0,0.01,0.43067655807339306
3115,1.0,1.0,1.0,0.9197207891481876,1.0,1.0,0.3065735963827292,0.5,0.3333333333333333,0.08027921085181244
3125,0.43067655807339306,1.0,0.25,0.5,1.0,0.3333333333333333,0.6309297535714575,1.0,0.5,-0.06932344192660694
3126,0.6309297535714575,1.0,0.5,0.6309297535714575,1.0,0.5,0.38685280723454163,1.0,0.2,0.0
3128,1.0,1.0,1.0,1.0,1.0,1.0,1.0,1.0,1.0,0.0
3131,1.0,1.0,1.0,1.0,1.0,1.0,1.0,1.0,1.0,0.0
3133,0.9197207891481876,1.0,1.0,0.9197207891481876,1.0,1.0,0.8065735963827293,1.0,1.0,0.0
3140,0.38685280723454163,1.0,0.2,0.2890648263178879,1.0,0.1,1.0,1.0,1.0,0.09778798091665375
3149,0.38685280723454163,0.5,0.5,0.5,1.0,0.3333333333333333,0.20438239758848611,0.5,0.14285714285714285,-0.11314719276545837
315,0.8318724637288826,0.75,1.0,0.9279611693743142,1.0,1.0,0.8318724637288826,0.75,1.0,-0.0960887056454316
3151,0.43067655807339306,1.0,0.25,0.5,1.0,0.3333333333333333,0.2890648263178879,1.0,0.1,-0.06932344192660694
3153,1.0,1.0,1.0,1.0,1.0,1.0,1.0,1.0,1.0,0.0
3158,0.6816587806335841,0.75,1.0,0.3903800499921017,0.25,1.0,0.16812753627111746,0.25,0.25,0.2912787306414824
3164,0.2640681225725909,0.5,0.25,1.0,1.0,1.0,0.0,0.0,0.05555555555555555,-0.7359318774274091
3165,0.8301054527851841,0.75,1.0,0.275731530545122,0.375,0.3333333333333333,0.8223538668023914,0.75,1.0,0.5543739222400621
3172,1.0,1.0,1.0,0.0,0.0,0.0,0.3562071871080222,1.0,0.16666666666666666,1.0
3173,0.3065735963827292,0.5,0.3333333333333333,1.0,1.0,1.0,0.0,0.0,0.06666666666666667,-0.6934264036172708
3188,1.0,1.0,1.0,1.0,1.0,1.0,1.0,1.0,1.0,0.0
3194,0.0,0.0,0.0,0.0,0.0,0.0,0.0,0.0,0.025,0.0
32,0.2640681225725909,0.5,0.25,0.7903864795495061,1.0,1.0,0.0,0.0,0.027777777777777776,-0.5263183569769152
3203,0.5012658353418871,1.0,0.25,0.0,0.0,0.012987012987012988,0.38685280723454163,0.5,0.5,0.5012658353418871
3207,0.9178287402913377,1.0,1.0,0.36331756126716835,0.5,0.3333333333333333,0.0,0.0,0.0,0.5545111790241692
3210,0.8772153153380493,1.0,1.0,0.0,0.0,0.0,0.8772153153380493,1.0,1.0,0.8772153153380493
3211,0.9197207891481876,1.0,1.0,1.0,1.0,1.0,0.5437713091520254,1.0,0.3333333333333333,-0.08027921085181244
3212,1.0,1.0,1.0,1.0,1.0,1.0,1.0,1.0,1.0,0.0
3218,0.9747429528567879,1.0,1.0,0.7760551678305495,0.8,1.0,0.3391602052736161,0.2,1.0,0.1986877850262384
3231,0.0,0.0,0.029411764705882353,0.0,0.0,0.0,0.0,0.0,0.0,0.0
3234,0.2890648263178879,1.0,0.1,0.0,0.0,0.0,0.0,0.0,0.0,0.2890648263178879
324,0.7365896932159578,0.75,1.0,0.13012668333070054,0.25,0.14285714285714285,0.6380228380792293,0.75,1.0,0.6064630098852573
3265,0.6975637657739948,0.75,1.0,0.24630238874073,0.25,0.5,0.312706129752478,0.5,0.3333333333333333,0.45126137703326485
327,1.0,1.0,1.0,0.9197207891481876,1.0,1.0,0.6131471927654584,0.5,1.0,0.08027921085181244
3273,1.0,1.0,1.0,0.3010299956639812,1.0,0.1111111111111111,1.0,1.0,1.0,0.6989700043360187
3274,0.3010299956639812,1.0,0.1111111111111111,0.0,0.0,0.010101010101010102,0.0,0.0,0.0,0.3010299956639812
3284,0.43067655807339306,1.0,0.25,1.0,1.0,1.0,0.0,0.0,0.041666666666666664,-0.5693234419266069
3285,0.975788054854922,1.0,1.0,0.9415771611758031,1.0,1.0,0.3391602052736161,0.2,1.0,0.03421089367911889
3302,1.0,1.0,1.0,0.5,1.0,0.3333333333333333,1.0,1.0,1.0,0.5
3306,0.975788054854922,1.0,1.0,0.0,0.0,0.01639344262295082,0.3980847300545424,0.6,0.25,0.975788054854922
3308,1.0,1.0,1.0,0.0,0.0,0.07142857142857142,1.0,1.0,1.0,1.0
3311,0.9469024295259745,1.0,1.0,0.6546154994739983,1.0,0.5,0.6182885020492784,1.0,0.3333333333333333,0.29228693005197615
3319,1.0,1.0,1.0,1.0,1.0,1.0,1.0,1.0,1.0,0.0
3337,0.6309297535714575,1.0,0.5,0.0,0.0,0.09090909090909091,0.0,0.0,0.08333333333333333,0.6309297535714575
3338,1.0,1.0,1.0,0.45749452618986164,1.0,0.25,0.8772153153380493,1.0,1.0,0.5425054738101384
3341,0.7526136409516659,0.6666666666666666,1.0,0.4935232796777481,0.3333333333333333,1.0,0.3422220729283414,0.3333333333333333,0.5,0.2590903612739178
3342,0.7095272044910244,0.75,1.0,0.5805485932475565,0.75,0.5,0.0,0.0,0.024390243902439025,0.12897861124346788
3352,1.0,1.0,1.0,0.6309297535714575,1.0,0.5,0.0,0.0,0.058823529411764705,0.36907024642854247
3355,1.0,1.0,1.0,1.0,1.0,1.0,0.3562071871080222,1.0,0.16666666666666666,0.0
3357,0.9672068480996276,1.0,1.0,0.6774061517901411,0.625,1.0,0.44349150120852054,0.5,0.5,0.28980069630948657
3358,0.6052602440527057,1.0,0.5,0.46845052016107697,1.0,0.25,0.5012658353418871,1.0,0.25,0.13680972389162877
3362,0.5,1.0,0.3333333333333333,0.3562071871080222,1.0,0.16666666666666666,0.0,0.0,0.03225806451612903,0.14379281289197782
3364,1.0,1.0,1.0,0.43067655807339306,1.0,0.25,1.0,1.0,1.0,0.5693234419266069
3371,1.0,1.0,1.0,1.0,1.0,1.0,0.5,1.0,0.3333333333333333,0.0
3379,1.0,1.0,1.0,1.0,1.0,1.0,1.0,1.0,1.0,0.0
3391,1.0,1.0,1.0,0.5,1.0,0.3333333333333333,1.0,1.0,1.0,0.5
3393,1.0,1.0,1.0,1.0,1.0,1.0,0.0,0.0,0.013513513513513514,0.0
3399,0.0,0.0,0.0,0.0,0.0,0.03125,0.0,0.0,0.0,0.0
34,0.38685280723454163,0.5,0.5,0.38685280723454163,0.5,0.5,0.20438239758848611,0.5,0.14285714285714285,0.0
3401,0.5049197748991976,1.0,0.25,0.3171937659698004,0.6666666666666666,0.2,0.7613569414627896,1.0,1.0,0.18772600892939717
3427,1.0,1.0,1.0,1.0,1.0,1.0,0.6309297535714575,1.0,0.5,0.0
3443,0.43067655807339306,1.0,0.25,0.3333333333333333,1.0,0.14285714285714285,0.0,0.0,0.0,0.09734322474005974
3444,0.5,1.0,0.3333333333333333,0.0,0.0,0.04,0.5,1.0,0.3333333333333333,0.5
3453,0.5,1.0,0.3333333333333333,1.0,1.0,1.0,1.0,1.0,1.0,-0.5
3456,0.3333333333333333,1.0,0.14285714285714285,0.0,0.0,0.0,0.0,0.0,0.0,0.3333333333333333
3459,0.6309297535714575,1.0,0.5,0.0,0.0,0.0,0.0,0.0,0.0,0.6309297535714575
3461,1.0,1.0,1.0,1.0,1.0,1.0,1.0,1.0,1.0,0.0
3472,1.0,1.0,1.0,0.8503449055347546,1.0,1.0,0.9197207891481876,1.0,1.0,0.1496550944652454
3474,0.0,0.0,0.0,0.0,0.0,0.0,0.0,0.0,0.0,0.0
3479,0.0,0.0,0.0,0.0,0.0,0.0,0.0,0.0,0.0,0.0
3481,1.0,1.0,1.0,1.0,1.0,1.0,1.0,1.0,1.0,0.0
3483,1.0,1.0,1.0,1.0,1.0,1.0,0.43067655807339306,1.0,0.25,0.0
3489,0.3065735963827292,0.5,0.3333333333333333,0.18457569677956817,0.5,0.1111111111111111,0.0,0.0,0.0,0.12199789960316101
3492,1.0,1.0,1.0,1.0,1.0,1.0,1.0,1.0,1.0,0.0
35,1.0,1.0,1.0,1.0,1.0,1.0,1.0,1.0,1.0,0.0
3501,1.0,1.0,1.0,0.6309297535714575,1.0,0.5,1.0,1.0,1.0,0.36907024642854247
3506,0.6309297535714575,1.0,0.5,0.0,0.0,0.06666666666666667,0.0,0.0,0.05263157894736842,0.6309297535714575
3509,1.0,1.0,1.0,1.0,1.0,1.0,1.0,1.0,1.0,0.0
3515,0.43067655807339306,1.0,0.25,0.0,0.0,0.011111111111111112,0.0,0.0,0.0,0.43067655807339306
3522,0.0,0.0,0.022222222222222223,0.38685280723454163,1.0,0.2,0.3562071871080222,1.0,0.16666666666666666,-0.38685280723454163
3526,1.0,1.0,1.0,0.5,1.0,0.3333333333333333,0.0,0.0,0.022727272727272728,0.5
3530,1.0,1.0,1.0,0.6509209298071326,1.0,0.5,0.6131471927654584,0.5,1.0,0.34907907019286744
3532,0.41618115554873086,0.6666666666666666,0.3333333333333333,0.46927872602275644,0.3333333333333333,1.0,0.23463936301137822,0.3333333333333333,0.3333333333333333,-0.05309757047402558
3537,0.9674679834891693,1.0,1.0,0.46927872602275644,0.3333333333333333,1.0,0.0,0.0,0.05555555555555555,0.49818925746641285
354,0.2836929289153804,0.6666666666666666,0.125,0.3044671974905181,0.6666666666666666,0.14285714285714285,0.0,0.0,0.05555555555555555,-0.0207742685751377
3543,0.2640681225725909,0.5,0.25,0.0,0.0,0.07692307692307693,0.21840743681816419,0.5,0.16666666666666666,0.2640681225725909
3546,0.0,0.0,0.012048192771084338,0.0,0.0,0.034482758620689655,0.31546487678572877,1.0,0.125,0.0
355,0.6131471927654584,0.5,1.0,0.6131471927654584,0.5,1.0,0.7977228895450266,1.0,1.0,0.0
3551,0.0,0.0,0.0196078431372549,0.0,0.0,0.0,0.0,0.0,0.0125,0.0
3557,0.8395700624665824,1.0,1.0,0.15642624200758548,0.3333333333333333,0.14285714285714285,0.617319681505689,0.6666666666666666,1.0,0.6831438204589969
356,0.43067655807339306,1.0,0.25,1.0,1.0,1.0,0.0,0.0,0.0,-0.5693234419266069
3568,0.6131471927654584,0.5,1.0,0.6131471927654584,0.5,1.0,0.6131471927654584,0.5,1.0,0.0
3570,1.0,1.0,1.0,0.0,0.0,0.041666666666666664,1.0,1.0,1.0,1.0
3571,1.0,1.0,1.0,1.0,1.0,1.0,1.0,1.0,1.0,0.0
3574,0.6309297535714575,1.0,0.5,0.43067655807339306,1.0,0.25,0.0,0.0,0.0,0.20025319549806447
3578,1.0,1.0,1.0,0.6934264036172708,1.0,0.5,0.9197207891481876,1.0,1.0,0.3065735963827292
3582,1.0,1.0,1.0,1.0,1.0,1.0,1.0,1.0,1.0,0.0
3591,0.6309297535714575,1.0,0.5,1.0,1.0,1.0,0.0,0.0,0.05263157894736842,-0.36907024642854247
3593,0.0,0.0,0.05263157894736842,0.0,0.0,0.07142857142857142,0.0,0.0,0.0,0.0
3594,0.9197207891481876,1.0,1.0,0.38685280723454163,0.5,0.5,0.9197207891481876,1.0,1.0,0.5328679819136459
3595,0.6309297535714575,1.0,0.5,0.6309297535714575,1.0,0.5,0.6309297535714575,1.0,0.5,0.0
3596,1.0,1.0,1.0,0.6934264036172708,1.0,0.5,1.0,1.0,1.0,0.3065735963827292
3599,0.6508205185601091,0.6666666666666666,1.0,1.0,1.0,1.0,0.36926780146674987,0.6666666666666666,0.25,-0.34917948143989086
3600,0.6131471927654584,0.5,1.0,0.6934264036172708,1.0,0.5,0.3065735963827292,0.5,0.3333333333333333,-0.08027921085181244
3605,0.0,0.0,0.05,0.0,0.0,0.04,0.0,0.0,0.05,0.0
3609,0.6309297535714575,1.0,0.5,0.5,1.0,0.3333333333333333,0.0,0.0,0.0,0.13092975357145753
3618,1.0,1.0,1.0,1.0,1.0,1.0,1.0,1.0,1.0,0.0
3628,0.5,1.0,0.3333333333333333,1.0,1.0,1.0,0.0,0.0,0.058823529411764705,-0.5
363,0.49818925746641285,0.6666666666666666,0.5,0.4776237035032179,0.6666666666666666,0.5,0.0,0.0,0.0196078431372549,0.020565553963194927
3637,1.0,1.0,1.0,1.0,1.0,1.0,1.0,1.0,1.0,0.0
3638,1.0,1.0,1.0,0.6309297535714575,1.0,0.5,1.0,1.0,1.0,0.36907024642854247
3639,0.48381288316677695,1.0,0.3333333333333333,0.0,0.0,0.0,0.4227898344066503,1.0,0.16666666666666666,0.48381288316677695
364,1.0,1.0,1.0,0.5,1.0,0.3333333333333333,0.3562071871080222,1.0,0.16666666666666666,0.5
3640,0.0,0.0,0.018867924528301886,0.0,0.0,0.0,0.0,0.0,0.0,0.0
3645,1.0,1.0,1.0,0.0,0.0,0.041666666666666664,1.0,1.0,1.0,1.0
3646,1.0,1.0,1.0,0.43067655807339306,1.0,0.25,0.2890648263178879,1.0,0.1,0.5693234419266069
3655,0.8315546295836225,1.0,1.0,0.9197207891481876,1.0,1.0,0.8503449055347546,1.0,1.0,-0.08816615956456508
3656,1.0,1.0,1.0,0.6131471927654584,0.5,1.0,0.6131471927654584,0.5,1.0,0.38685280723454163
3657,0.0,0.0,0.0,0.0,0.0,0.0,0.0,0.0,0.05263157894736842,0.0
3663,1.0,1.0,1.0,0.0,0.0,0.08333333333333333,1.0,1.0,1.0,1.0
3675,0.7039180890341347,0.6666666666666666,1.0,0.7653606369886217,0.6666666666666666,1.0,0.46927872602275644,0.3333333333333333,1.0,-0.061442547954487
3677,0.8816172070446371,0.8571428571428571,1.0,0.34451018072577044,0.42857142857142855,0.5,0.33856698071782837,0.42857142857142855,0.3333333333333333,0.5371070263188666
368,0.7653606369886217,0.6666666666666666,1.0,0.7653606369886217,0.6666666666666666,1.0,0.7653606369886217,0.6666666666666666,1.0,0.0
3689,0.8503449055347546,1.0,1.0,0.8772153153380493,1.0,1.0,0.5706417189553201,1.0,0.3333333333333333,-0.026870409803294693
3691,0.5,1.0,0.3333333333333333,0.2890648263178879,1.0,0.1,0.0,0.0,0.0,0.21093517368211212
370,0.0,0.0,0.030303030303030304,0.0,0.0,0.0196078431372549,0.23719771276929622,0.5,0.2,0.0
3700,0.38685280723454163,1.0,0.2,1.0,1.0,1.0,1.0,1.0,1.0,-0.6131471927654584
3702,0.0,0.0,0.05,1.0,1.0,1.0,0.3562071871080222,1.0,0.16666666666666666,-1.0
371,0.44202250846479313,0.6666666666666666,0.3333333333333333,0.3915887728816576,0.6666666666666666,0.16666666666666666,0.7409096387260823,0.6666666666666666,1.0,0.05043373558313552
3710,1.0,1.0,1.0,0.0,0.0,0.0,0.6309297535714575,1.0,0.5,1.0
3712,1.0,1.0,1.0,1.0,1.0,1.0,0.3333333333333333,1.0,0.14285714285714285,0.0
3715,0.6309297535714575,1.0,0.5,0.5,1.0,0.3333333333333333,0.3562071871080222,1.0,0.16666666666666666,0.13092975357145753
3717,1.0,1.0,1.0,0.3562071871080222,1.0,0.16666666666666666,0.43067655807339306,1.0,0.25,0.6437928128919779
3721,0.0,0.0,0.01818181818181818,0.0,0.0,0.0,0.0,0.0,0.0,0.0
3725,0.7315682114753617,1.0,0.5,0.13012668333070054,0.25,0.14285714285714285,0.11284514134893527,0.25,0.1,0.6014415281446611
3730,1.0,1.0,1.0,1.0,1.0,1.0,0.43067655807339306,1.0,0.25,0.0
3738,0.5640920940185894,1.0,0.5,0.9197207891481876,1.0,1.0,0.8503449055347546,1.0,1.0,-0.35562869512959816
3743,1.0,1.0,1.0,0.9674679834891693,1.0,1.0,0.86034433104172,1.0,1.0,0.03253201651083071
3744,0.38685280723454163,1.0,0.2,0.43067655807339306,1.0,0.25,0.3010299956639812,1.0,0.1111111111111111,-0.04382375083885143
3750,0.0,0.0,0.09090909090909091,0.0,0.0,0.08333333333333333,0.0,0.0,0.05,0.0
3751,1.0,1.0,1.0,1.0,1.0,1.0,1.0,1.0,1.0,0.0
3755,1.0,1.0,1.0,0.0,0.0,0.06666666666666667,0.23719771276929622,0.5,0.2,1.0
3758,0.0,0.0,0.02564102564102564,0.18154179253735267,0.3333333333333333,0.2,0.0,0.0,0.0,-0.18154179253735267
3765,0.5294362295028773,0.5,1.0,0.0,0.0,0.07692307692307693,0.0,0.0,0.05263157894736842,0.5294362295028773
3769,1.0,1.0,1.0,0.31546487678572877,1.0,0.125,1.0,1.0,1.0,0.6845351232142712
377,1.0,1.0,1.0,1.0,1.0,1.0,1.0,1.0,1.0,0.0
3770,0.38249244382604847,0.5,0.3333333333333333,0.11706259313796354,0.16666666666666666,0.2,0.26836379988737025,0.3333333333333333,0.3333333333333333,0.26542985068808495
3772,0.0,0.0,0.024390243902439025,0.0,0.0,0.0,0.0,0.0,0.0,0.0
3774,0.38685280723454163,0.5,0.5,0.5706417189553201,1.0,0.3333333333333333,0.48247555939075504,1.0,0.25,-0.1837889117207785
3777,0.38685280723454163,1.0,0.2,0.3562071871080222,1.0,0.16666666666666666,0.3562071871080222,1.0,0.16666666666666666,0.030645620126519446
378,0.0,0.0,0.034482758620689655,0.5,1.0,0.3333333333333333,0.3562071871080222,1.0,0.16666666666666666,-0.5
3793,0.0,0.0,0.07692307692307693,0.7903864795495061,1.0,1.0,0.23719771276929622,0.5,0.2,-0.7903864795495061
3795,1.0,1.0,1.0,1.0,1.0,1.0,0.0,0.0,0.01694915254237288,0.0
3796,1.0,1.0,1.0,0.9197207891481876,1.0,1.0,0.8503449055347546,1.0,1.0,0.08027921085181244
3800,0.6309297535714575,1.0,0.5,1.0,1.0,1.0,0.0,0.0,0.01818181818181818,-0.36907024642854247
3807,0.7653606369886217,0.6666666666666666,1.0,0.4632423659320675,0.6666666666666666,0.5,0.0,0.0,0.0,0.30211827105655414
3824,0.9197207891481876,1.0,1.0,0.18457569677956817,0.5,0.1111111111111111,0.6131471927654584,0.5,1.0,0.7351450923686194
3833,0.9447176050778178,1.0,1.0,0.5363781864793108,0.75,0.5,0.4373103991125936,0.75,0.25,0.408339418598507
3834,0.6309297535714575,1.0,0.5,0.0,0.0,0.0,0.2890648263178879,1.0,0.1,0.6309297535714575
3839,1.0,1.0,1.0,0.9217868789962071,1.0,1.0,0.4367467095119258,0.6666666666666666,0.3333333333333333,0.07821312100379285
3843,0.5706417189553201,1.0,0.3333333333333333,0.0,0.0,0.07142857142857142,0.20438239758848611,0.5,0.14285714285714285,0.5706417189553201
3848,0.6105456988825855,0.6666666666666666,1.0,0.7039180890341347,0.6666666666666666,1.0,0.5508095940041026,1.0,0.25,-0.09337239015154919
3849,1.0,1.0,1.0,0.0,0.0,0.05263157894736842,0.6309297535714575,1.0,0.5,1.0
385,0.38685280723454163,0.5,0.5,0.0,0.0,0.02631578947368421,0.0,0.0,0.0,0.38685280723454163
3851,1.0,1.0,1.0,1.0,1.0,1.0,0.6309297535714575,1.0,0.5,0.0
3854,1.0,1.0,1.0,0.3562071871080222,1.0,0.16666666666666666,0.3010299956639812,1.0,0.1111111111111111,0.6437928128919779
3857,0.75369761125927,0.75,1.0,0.6096199500078984,0.75,0.5,0.7757386182436072,0.75,1.0,0.14407766125137167
3862,0.9374130297304558,1.0,1.0,0.7972541056822071,0.8,1.0,0.7864489426433972,0.8,1.0,0.1401589240482487
3865,0.5307212739772434,0.6666666666666666,0.5,0.4792350074047671,1.0,0.2,0.5051284895111403,1.0,0.2,0.05148626657247635
3875,0.6309297535714575,1.0,0.5,0.6309297535714575,1.0,0.5,0.0,0.0,0.029411764705882353,0.0
3877,1.0,1.0,1.0,0.6309297535714575,1.0,0.5,0.6309297535714575,1.0,0.5,0.36907024642854247
3883,0.43067655807339306,1.0,0.25,0.0,0.0,0.07692307692307693,0.0,0.0,0.058823529411764705,0.43067655807339306
3888,1.0,1.0,1.0,1.0,1.0,1.0,1.0,1.0,1.0,0.0
3892,1.0,1.0,1.0,0.5,1.0,0.3333333333333333,0.6309297535714575,1.0,0.5,0.5
3894,0.23463936301137822,0.3333333333333333,0.3333333333333333,0.46927872602275644,0.3333333333333333,1.0,0.46927872602275644,0.3333333333333333,1.0,-0.23463936301137822
3901,0.7903864795495061,1.0,1.0,0.38685280723454163,0.5,0.5,0.38685280723454163,0.5,0.5,0.4035336723149645
3910,0.5,1.0,0.3333333333333333,0.0,0.0,0.0625,0.0,0.0,0.09090909090909091,0.5
3917,1.0,1.0,1.0,0.6131471927654584,0.5,1.0,0.17723928678404774,0.5,0.1,0.38685280723454163
3925,0.0,0.0,0.047619047619047616,0.0,0.0,0.0,0.0,0.0,0.0,0.0
3934,0.5714285040141098,1.0,0.5,1.0,1.0,1.0,0.17723928678404774,0.5,0.1,-0.42857149598589017
3938,1.0,1.0,1.0,0.3065735963827292,0.5,0.3333333333333333,0.8772153153380493,1.0,1.0,0.6934264036172708
3941,1.0,1.0,1.0,0.2890648263178879,1.0,0.1,1.0,1.0,1.0,0.7109351736821121
3942,1.0,1.0,1.0,0.6934264036172708,1.0,0.5,1.0,1.0,1.0,0.3065735963827292
3950,0.4911492931622974,1.0,0.3333333333333333,0.38685280723454163,0.5,0.5,0.19342640361727081,0.5,0.125,0.10429648592775576
3953,0.6131471927654584,0.5,1.0,0.0,0.0,0.03125,0.6131471927654584,0.5,1.0,0.6131471927654584
3958,1.0,1.0,1.0,0.7653606369886217,0.6666666666666666,1.0,0.812653045383133,1.0,1.0,0.23463936301137833
3977,1.0,1.0,1.0,0.0,0.0,0.05555555555555555,0.18154179253735267,0.3333333333333333,0.2,1.0
3982,0.9197207891481876,1.0,1.0,0.7903864795495061,1.0,1.0,0.0,0.0,0.06666666666666667,0.12933430959868142
3986,0.0,0.0,0.07692307692307693,0.0,0.0,0.016129032258064516,0.0,0.0,0.015151515151515152,0.0
3993,1.0,1.0,1.0,1.0,1.0,1.0,0.6309297535714575,1.0,0.5,0.0
3997,1.0,1.0,1.0,1.0,1.0,1.0,1.0,1.0,1.0,0.0
3999,0.6309297535714575,1.0,0.5,0.6309297535714575,1.0,0.5,0.6309297535714575,1.0,0.5,0.0
4006,0.9197207891481876,1.0,1.0,0.5714285040141098,1.0,0.5,0.6131471927654584,0.5,1.0,0.34829228513407773
4010,1.0,1.0,1.0,0.7653606369886217,0.6666666666666666,1.0,0.5391065605018962,1.0,0.3333333333333333,0.23463936301137833
4019,0.5,1.0,0.3333333333333333,0.0,0.0,0.04,0.43067655807339306,1.0,0.25,0.5
4024,0.38685280723454163,0.5,0.5,0.6131471927654584,0.5,1.0,0.21840743681816419,0.5,0.16666666666666666,-0.22629438553091674
4026,0.3750525152300759,0.75,0.16666666666666666,0.0,0.0,0.09090909090909091,0.0,0.0,0.013513513513513514,0.3750525152300759
4031,0.32531670832675136,0.5,0.3333333333333333,0.123151194370365,0.25,0.125,0.0,0.0,0.027777777777777776,0.20216551395638638
4039,1.0,1.0,1.0,1.0,1.0,1.0,1.0,1.0,1.0,0.0
4048,1.0,1.0,1.0,0.48381288316677695,1.0,0.3333333333333333,0.6131471927654584,0.5,1.0,0.516187116833223
405,1.0,1.0,1.0,1.0,1.0,1.0,1.0,1.0,1.0,0.0
4050,0.8020378746650065,0.7142857142857143,1.0,0.3416877728373431,0.42857142857142855,0.3333333333333333,0.44924779852437446,0.42857142857142855,1.0,0.46035010182766345
4051,1.0,1.0,1.0,1.0,1.0,1.0,0.6309297535714575,1.0,0.5,0.0
4056,1.0,1.0,1.0,0.6131471927654584,0.5,1.0,0.0,0.0,0.012987012987012988,0.38685280723454163
4057,1.0,1.0,1.0,1.0,1.0,1.0,1.0,1.0,1.0,0.0
4059,1.0,1.0,1.0,1.0,1.0,1.0,0.7653606369886217,0.6666666666666666,1.0,0.0
4064,1.0,1.0,1.0,1.0,1.0,1.0,1.0,1.0,1.0,0.0
4072,1.0,1.0,1.0,1.0,1.0,1.0,1.0,1.0,1.0,0.0
4074,1.0,1.0,1.0,1.0,1.0,1.0,0.6309297535714575,1.0,0.5,0.0
4078,0.6992148198508501,0.6,1.0,0.39248880045921386,0.6,0.3333333333333333,0.7974049492783576,0.8,1.0,0.30672601939163624
4085,0.6309297535714575,1.0,0.5,0.0,0.0,0.0,1.0,1.0,1.0,0.6309297535714575
4088,0.370291336443826,0.6666666666666666,0.3333333333333333,0.18154179253735267,0.3333333333333333,0.2,0.2960819109658652,0.3333333333333333,0.5,0.18874954390647333
4102,0.6509209298071326,1.0,0.5,0.0,0.0,0.047619047619047616,0.0,0.0,0.010416666666666666,0.6509209298071326
4106,0.6309297535714575,1.0,0.5,0.0,0.0,0.0196078431372549,0.0,0.0,0.041666666666666664,0.6309297535714575
4111,0.5790560467042355,0.8,0.5,0.27727342735504823,0.4,0.25,0.4580939004085911,0.6,0.5,0.30178261934918726
4113,1.0,1.0,1.0,1.0,1.0,1.0,1.0,1.0,1.0,0.0
4114,0.0,0.0,0.06666666666666667,0.0,0.0,0.012048192771084338,0.0,0.0,0.0,0.0
4119,0.7977228895450266,1.0,1.0,0.0,0.0,0.058823529411764705,0.19342640361727081,0.5,0.125,0.7977228895450266
4122,1.0,1.0,1.0,0.5,1.0,0.3333333333333333,0.0,0.0,0.03225806451612903,0.5
4130,0.6131471927654584,0.5,1.0,0.8065735963827293,1.0,1.0,0.38685280723454163,0.5,0.5,-0.19342640361727093
4131,1.0,1.0,1.0,1.0,1.0,1.0,0.8503449055347546,1.0,1.0,0.0
4137,0.9325210919548239,1.0,1.0,0.6364391809889587,0.6666666666666666,1.0,0.6713860725233041,0.6666666666666666,1.0,0.2960819109658652
4147,1.0,1.0,1.0,0.6309297535714575,1.0,0.5,0.6309297535714575,1.0,0.5,0.36907024642854247
4151,0.9565912771023182,1.0,1.0,0.3391602052736161,0.2,1.0,0.16958010263680806,0.2,0.3333333333333333,0.617431071828702
4157,1.0,1.0,1.0,0.0,0.0,0.0,1.0,1.0,1.0,1.0
416,0.38685280723454163,0.5,0.5,0.3065735963827292,0.5,0.3333333333333333,0.6131471927654584,0.5,1.0,0.08027921085181244
4166,1.0,1.0,1.0,0.0,0.0,0.058823529411764705,0.0,0.0,0.0,1.0
4167,0.6309297535714575,1.0,0.5,0.0,0.0,0.038461538461538464,0.6309297535714575,1.0,0.5,0.6309297535714575
4169,0.0,0.0,0.045454545454545456,0.0,0.0,0.0,0.0,0.0,0.0,0.0
4170,0.3562071871080222,1.0,0.16666666666666666,0.0,0.0,0.0,0.43067655807339306,1.0,0.25,0.3562071871080222
4173,0.46927872602275644,0.3333333333333333,1.0,0.0,0.0,0.058823529411764705,0.7653606369886217,0.6666666666666666,1.0,0.46927872602275644
4174,0.7977228895450266,1.0,1.0,0.6131471927654584,0.5,1.0,0.3065735963827292,0.5,0.3333333333333333,0.1845756967795682
4175,0.6131471927654584,0.5,1.0,0.6131471927654584,0.5,1.0,0.8175295903539445,1.0,1.0,0.0
4183,1.0,1.0,1.0,1.0,1.0,1.0,1.0,1.0,1.0,0.0
419,0.0,0.0,0.09090909090909091,0.0,0.0,0.01098901098901099,0.6309297535714575,1.0,0.5,0.0
4199,1.0,1.0,1.0,1.0,1.0,1.0,0.5,1.0,0.3333333333333333,0.0
42,1.0,1.0,1.0,0.0,0.0,0.03571428571428571,1.0,1.0,1.0,1.0
4203,0.7039180890341347,0.6666666666666666,1.0,0.7653606369886217,0.6666666666666666,1.0,0.7653606369886217,0.6666666666666666,1.0,-0.061442547954487
4219,0.9197207891481876,1.0,1.0,0.8772153153380493,1.0,1.0,0.8772153153380493,1.0,1.0,0.04250547381013825
4223,1.0,1.0,1.0,0.0,0.0,0.011627906976744186,1.0,1.0,1.0,1.0
4224,1.0,1.0,1.0,1.0,1.0,1.0,1.0,1.0,1.0,0.0
423,1.0,1.0,1.0,0.5051284895111403,1.0,0.2,0.5307212739772434,0.6666666666666666,0.5,0.4948715104888597
4230,0.6886342695939197,0.75,1.0,0.24630238874073,0.25,0.5,0.16812753627111746,0.25,0.25,0.44233188085318975
4237,1.0,1.0,1.0,0.0,0.0,0.0,0.2890648263178879,1.0,0.1,1.0
4245,0.3562071871080222,1.0,0.16666666666666666,0.3562071871080222,1.0,0.16666666666666666,0.0,0.0,0.058823529411764705,0.0
4258,0.6509209298071326,1.0,0.5,0.2640681225725909,0.5,0.25,0.0,0.0,0.0,0.3868528072345417
4266,1.0,1.0,1.0,0.6309297535714575,1.0,0.5,1.0,1.0,1.0,0.36907024642854247
4271,0.9325210919548239,1.0,1.0,0.43734888382569426,0.6666666666666666,0.5,0.16716045496620227,0.3333333333333333,0.16666666666666666,0.49517220812912965
4276,0.6309297535714575,1.0,0.5,0.38685280723454163,1.0,0.2,1.0,1.0,1.0,0.2440769463369159
4280,1.0,1.0,1.0,1.0,1.0,1.0,1.0,1.0,1.0,0.0
4290,0.31546487678572877,1.0,0.125,0.0,0.0,0.011764705882352941,0.0,0.0,0.07692307692307693,0.31546487678572877
4294,0.5855700749881525,0.5,1.0,0.715696758318853,0.75,1.0,0.5855700749881525,0.5,1.0,-0.13012668333070054
4295,0.6871475159848289,1.0,0.5,0.0,0.0,0.0,0.5249161118977292,1.0,0.25,0.6871475159848289
4297,0.5802792108518124,1.0,0.5,0.0,0.0,0.08333333333333333,0.38685280723454163,0.5,0.5,0.5802792108518124
4303,0.8927537907700456,1.0,1.0,0.801479410942855,1.0,1.0,0.7246262544989281,0.75,1.0,0.09127437982719055
4309,1.0,1.0,1.0,0.0,0.0,0.02,0.2640681225725909,0.5,0.25,1.0
431,1.0,1.0,1.0,0.7139395714912751,0.75,1.0,0.4931948163033745,0.5,1.0,0.28606042850872493
4312,0.49684601414843915,0.375,1.0,0.41253177989255346,0.25,1.0,0.12647135138382856,0.125,0.3333333333333333,0.08431423425588569
4315,1.0,1.0,1.0,0.5,1.0,0.3333333333333333,1.0,1.0,1.0,0.5
4318,0.8218104166998353,0.7777777777777778,1.0,0.5375218463332216,0.4444444444444444,1.0,0.30277790529042314,0.3333333333333333,0.5,0.2842885703666137
4322,0.20438239758848611,0.5,0.14285714285714285,0.0,0.0,0.038461538461538464,0.19342640361727081,0.5,0.125,0.20438239758848611
4328,0.19342640361727081,0.5,0.125,0.5706417189553201,1.0,0.3333333333333333,0.21840743681816419,0.5,0.16666666666666666,-0.3772153153380493
4331,0.3235866969737877,0.6666666666666666,0.16666666666666666,0.15642624200758548,0.3333333333333333,0.14285714285714285,0.0,0.0,0.0,0.16716045496620224
4336,1.0,1.0,1.0,0.6934264036172708,1.0,0.5,0.6131471927654584,0.5,1.0,0.3065735963827292
4338,0.5,1.0,0.3333333333333333,0.0,0.0,0.06666666666666667,0.0,0.0,0.07692307692307693,0.5
434,0.6934264036172708,1.0,0.5,0.8772153153380493,1.0,1.0,0.21840743681816419,0.5,0.16666666666666666,-0.1837889117207785
4342,0.9197207891481876,1.0,1.0,0.20438239758848611,0.5,0.14285714285714285,0.2640681225725909,0.5,0.25,0.7153383915597015
4345,1.0,1.0,1.0,1.0,1.0,1.0,0.75369761125927,0.75,1.0,0.0
4348,0.8988898126139723,1.0,1.0,0.8318724637288826,0.75,1.0,0.8318724637288826,0.75,1.0,0.0670173488850897
435,0.8179809735263114,1.0,1.0,0.8529278650606567,1.0,1.0,0.4525081529734507,0.6666666666666666,0.5,-0.03494689153434527
4354,1.0,1.0,1.0,0.38685280723454163,1.0,0.2,1.0,1.0,1.0,0.6131471927654584
4357,0.8278123145308894,1.0,1.0,0.37590633587120725,0.6666666666666666,0.3333333333333333,0.6340499455108034,1.0,0.5,0.4519059786596822
4361,0.6309297535714575,1.0,0.5,0.0,0.0,0.047619047619047616,0.2890648263178879,1.0,0.1,0.6309297535714575
4367,0.49818925746641285,0.6666666666666666,0.5,0.6256646589861505,1.0,0.5,0.6653497124326151,1.0,0.5,-0.12747540151973769
437,0.5,1.0,0.3333333333333333,1.0,1.0,1.0,0.6309297535714575,1.0,0.5,-0.5
4374,0.38685280723454163,0.5,0.5,0.3065735963827292,0.5,0.3333333333333333,0.0,0.0,0.037037037037037035,0.08027921085181244
4377,0.4935232796777481,0.3333333333333333,1.0,0.19092086617893467,0.16666666666666666,0.5,0.4539036202482202,0.3333333333333333,1.0,0.30260241349881345
4380,1.0,1.0,1.0,0.6131471927654584,0.5,1.0,0.3065735963827292,0.5,0.3333333333333333,0.38685280723454163
4388,0.46927872602275644,0.3333333333333333,1.0,0.0,0.0,0.015625,0.2960819109658652,0.3333333333333333,0.5,0.46927872602275644
4389,0.5307212739772434,0.6666666666666666,0.5,0.34870224750355494,0.6666666666666666,0.2,0.20210734650054757,0.3333333333333333,0.25,0.1820190264736885
4391,0.43067655807339306,1.0,0.25,0.3562071871080222,1.0,0.16666666666666666,0.3562071871080222,1.0,0.16666666666666666,0.07446937096537087
4397,0.3010299956639812,1.0,0.1111111111111111,0.0,0.0,0.07692307692307693,0.31546487678572877,1.0,0.125,0.3010299956639812
440,1.0,1.0,1.0,1.0,1.0,1.0,0.3333333333333333,1.0,0.14285714285714285,0.0
4400,1.0,1.0,1.0,1.0,1.0,1.0,0.4441228664487979,0.6666666666666666,0.5,0.0
4401,0.0,0.0,0.0,0.3562071871080222,1.0,0.16666666666666666,0.0,0.0,0.023255813953488372,-0.3562071871080222
4404,1.0,1.0,1.0,1.0,1.0,1.0,1.0,1.0,1.0,0.0
4414,0.49818925746641285,0.6666666666666666,0.5,0.0,0.0,0.06666666666666667,0.30281242839865,0.6666666666666666,0.16666666666666666,0.49818925746641285
4418,0.0,0.0,0.0,0.0,0.0,0.0,0.0,0.0,0.0,0.0
4432,0.38685280723454163,0.5,0.5,0.19342640361727081,0.5,0.125,0.0,0.0,0.016666666666666666,0.19342640361727081
4434,0.43067655807339306,1.0,0.25,0.0,0.0,0.03125,0.38685280723454163,1.0,0.2,0.43067655807339306
4435,0.0,0.0,0.0,0.0,0.0,0.08333333333333333,0.0,0.0,0.03571428571428571,0.0
4439,0.43067655807339306,1.0,0.25,1.0,1.0,1.0,1.0,1.0,1.0,-0.5693234419266069
4448,0.38685280723454163,0.5,0.5,0.38685280723454163,0.5,0.5,0.3065735963827292,0.5,0.3333333333333333,0.0
446,0.4703652827859579,0.4,1.0,0.4703652827859579,0.4,1.0,0.1208113026994942,0.2,0.16666666666666666,0.0
4468,1.0,1.0,1.0,0.6309297535714575,1.0,0.5,0.0,0.0,0.0,0.36907024642854247
4473,0.9674679834891693,1.0,1.0,0.7844801364718913,1.0,1.0,0.46927872602275644,0.3333333333333333,1.0,0.182987847017278
4476,1.0,1.0,1.0,1.0,1.0,1.0,0.0,0.0,0.0,0.0
4483,1.0,1.0,1.0,1.0,1.0,1.0,0.43067655807339306,1.0,0.25,0.0
4484,1.0,1.0,1.0,1.0,1.0,1.0,0.5,1.0,0.3333333333333333,0.0
4485,0.7653606369886217,0.6666666666666666,1.0,0.6364391809889587,0.6666666666666666,1.0,0.2893079283427616,0.6666666666666666,0.125,0.12892145599966298
4489,0.6309297535714575,1.0,0.5,0.6309297535714575,1.0,0.5,0.43067655807339306,1.0,0.25,0.0
449,1.0,1.0,1.0,0.6309297535714575,1.0,0.5,0.38685280723454163,1.0,0.2,0.36907024642854247
4514,0.3562071871080222,1.0,0.16666666666666666,0.0,0.0,0.043478260869565216,0.0,0.0,0.043478260869565216,0.3562071871080222
4515,0.6816587806335841,0.75,1.0,0.8048099750039491,0.75,1.0,0.24630238874073,0.25,0.5,-0.12315119437036504
4521,0.9228632535992205,1.0,1.0,0.8357799744028239,0.8,1.0,0.6843515475204855,0.6,1.0,0.08708327919639658
4523,0.430624116386567,1.0,0.2,0.23719771276929622,0.5,0.2,0.0,0.0,0.06666666666666667,0.1934264036172708
4525,0.4632423659320675,0.6666666666666666,0.5,0.20210734650054757,0.3333333333333333,0.25,0.0,0.0,0.0625,0.26113501943151995
4538,0.6131471927654584,0.5,1.0,0.20438239758848611,0.5,0.14285714285714285,0.48247555939075504,1.0,0.25,0.4087647951769723
455,0.45560514958746035,1.0,0.2,0.21840743681816419,0.5,0.16666666666666666,0.0,0.0,0.022727272727272728,0.23719771276929616
4557,0.6309297535714575,1.0,0.5,0.5,1.0,0.3333333333333333,0.5,1.0,0.3333333333333333,0.13092975357145753
4567,1.0,1.0,1.0,0.8772153153380493,1.0,1.0,0.38685280723454163,0.5,0.5,0.1227846846619507
4572,0.3065735963827292,0.5,0.3333333333333333,0.0,0.0,0.07692307692307693,0.6131471927654584,0.5,1.0,0.3065735963827292
4576,0.9217868789962071,1.0,1.0,0.6112833214150002,1.0,0.5,0.37590633587120725,0.6666666666666666,0.3333333333333333,0.31050355758120696
4577,0.0,0.0,0.0,0.0,0.0,0.011627906976744186,0.0,0.0,0.03333333333333333,0.0
4583,0.6891352018239085,1.0,0.5,0.29007579773858083,0.5,0.2,0.123151194370365,0.25,0.125,0.3990594040853277
4585,0.8772153153380493,1.0,1.0,0.38685280723454163,0.5,0.5,0.23719771276929622,0.5,0.2,0.4903625081035077
4587,0.20210734650054757,0.3333333333333333,0.25,0.13565197343244778,0.3333333333333333,0.1,0.13565197343244778,0.3333333333333333,0.1,0.06645537306809979
459,0.8175295903539445,1.0,1.0,0.5109559939712153,1.0,0.3333333333333333,1.0,1.0,1.0,0.3065735963827292
4590,0.41618115554873086,0.6666666666666666,0.3333333333333333,0.0,0.0,0.07692307692307693,0.0,0.0,0.04,0.41618115554873086
4596,0.5,1.0,0.3333333333333333,0.3010299956639812,1.0,0.1111111111111111,0.6309297535714575,1.0,0.5,0.1989700043360188
4597,0.3044671974905181,0.6666666666666666,0.14285714285714285,0.2960819109658652,0.3333333333333333,0.5,0.0,0.0,0.0,0.008385286524652869
4609,0.0,0.0,0.0,0.0,0.0,0.0,0.0,0.0,0.0,0.0
4614,0.38685280723454163,0.5,0.5,0.0,0.0,0.05,0.21840743681816419,0.5,0.16666666666666666,0.38685280723454163
4615,0.0,0.0,0.05555555555555555,0.6309297535714575,1.0,0.5,0.31546487678572877,1.0,0.125,-0.6309297535714575
4616,1.0,1.0,1.0,0.2890648263178879,1.0,0.1,1.0,1.0,1.0,0.7109351736821121
462,0.5714285040141098,1.0,0.5,0.6131471927654584,0.5,1.0,0.21840743681816419,0.5,0.16666666666666666,-0.04171868875134854
4620,0.0,0.0,0.05263157894736842,0.0,0.0,0.0,0.0,0.0,0.0,0.0
4621,0.75369761125927,0.75,1.0,0.3903800499921017,0.25,1.0,0.16812753627111746,0.25,0.25,0.36331756126716835
4627,0.8927537907700456,1.0,1.0,0.9223260797603763,1.0,1.0,0.5646074506121889,1.0,0.3333333333333333,-0.02957228899033071
4630,0.3010299956639812,1.0,0.1111111111111111,0.5,1.0,0.3333333333333333,0.0,0.0,0.09090909090909091,-0.1989700043360188
4639,0.43067655807339306,1.0,0.25,0.0,0.0,0.037037037037037035,0.0,0.0,0.01694915254237288,0.43067655807339306
4644,0.5,1.0,0.3333333333333333,1.0,1.0,1.0,1.0,1.0,1.0,-0.5
4647,0.6131471927654584,0.5,1.0,0.6131471927654584,0.5,1.0,0.0,0.0,0.03571428571428571,0.0
4648,0.5012658353418871,1.0,0.25,0.18457569677956817,0.5,0.1111111111111111,1.0,1.0,1.0,0.31669013856231887
4649,0.7977228895450266,1.0,1.0,1.0,1.0,1.0,0.0,0.0,0.07142857142857142,-0.20227711045497343
4651,0.0,0.0,0.09090909090909091,0.0,0.0,0.06666666666666667,0.38685280723454163,1.0,0.2,0.0
4656,0.38685280723454163,0.5,0.5,0.6131471927654584,0.5,1.0,0.0,0.0,0.03225806451612903,-0.22629438553091674
4659,1.0,1.0,1.0,1.0,1.0,1.0,1.0,1.0,1.0,0.0
466,0.14606834984270645,0.2,0.25,0.10699313236726378,0.2,0.125,0.0,0.0,0.05555555555555555,0.03907521747544267
4673,0.6309297535714575,1.0,0.5,0.6309297535714575,1.0,0.5,0.0,0.0,0.05263157894736842,0.0
4674,0.8065735963827293,1.0,1.0,0.5012658353418871,1.0,0.25,0.5012658353418871,1.0,0.25,0.30530776104084223
4677,1.0,1.0,1.0,0.6509209298071326,1.0,0.5,0.6131471927654584,0.5,1.0,0.34907907019286744
4679,0.3010299956639812,1.0,0.1111111111111111,0.0,0.0,0.047619047619047616,0.3333333333333333,1.0,0.14285714285714285,0.3010299956639812
4683,1.0,1.0,1.0,1.0,1.0,1.0,1.0,1.0,1.0,0.0
4692,0.0,0.0,0.09090909090909091,0.0,0.0,0.01282051282051282,0.2890648263178879,1.0,0.1,0.0
4697,1.0,1.0,1.0,0.0,0.0,0.045454545454545456,1.0,1.0,1.0,1.0
4698,0.6131471927654584,0.5,1.0,0.6131471927654584,0.5,1.0,0.38685280723454163,0.5,0.5,0.0
4699,0.0,0.0,0.0,0.0,0.0,0.0,0.3333333333333333,1.0,0.14285714285714285,0.0
47,0.0,0.0,0.09090909090909091,0.0,0.0,0.058823529411764705,0.0,0.0,0.015384615384615385,0.0
4706,1.0,1.0,1.0,0.5,1.0,0.3333333333333333,0.6309297535714575,1.0,0.5,0.5
4707,1.0,1.0,1.0,1.0,1.0,1.0,0.6052602440527057,1.0,0.5,0.0
471,1.0,1.0,1.0,0.6309297535714575,1.0,0.5,0.5,1.0,0.3333333333333333,0.36907024642854247
4719,1.0,1.0,1.0,1.0,1.0,1.0,1.0,1.0,1.0,0.0
4721,1.0,1.0,1.0,1.0,1.0,1.0,1.0,1.0,1.0,0.0
4724,0.18154179253735267,0.3333333333333333,0.2,0.1480409554829326,0.3333333333333333,0.125,0.16716045496620227,0.3333333333333333,0.16666666666666666,0.03350083705442006
4731,0.31546487678572877,1.0,0.125,0.0,0.0,0.06666666666666667,0.31546487678572877,1.0,0.125,0.31546487678572877
4737,1.0,1.0,1.0,1.0,1.0,1.0,1.0,1.0,1.0,0.0
4742,0.0,0.0,0.05,0.2640681225725909,0.5,0.25,0.0,0.0,0.0,-0.2640681225725909
4743,0.0,0.0,0.013513513513513514,0.0,0.0,0.0,0.0,0.0,0.0,0.0
4747,1.0,1.0,1.0,1.0,1.0,1.0,1.0,1.0,1.0,0.0
4748,0.6934264036172708,1.0,0.5,0.5912352048230277,1.0,0.5,0.0,0.0,0.047619047619047616,0.1021911987942431
4751,1.0,1.0,1.0,1.0,1.0,1.0,1.0,1.0,1.0,0.0
4756,1.0,1.0,1.0,1.0,1.0,1.0,0.0,0.0,0.09090909090909091,0.0
4759,1.0,1.0,1.0,0.8503449055347546,1.0,1.0,0.6934264036172708,1.0,0.5,0.1496550944652454
4765,1.0,1.0,1.0,0.5,1.0,0.3333333333333333,1.0,1.0,1.0,0.5
4770,0.0,0.0,0.017857142857142856,0.0,0.0,0.027777777777777776,0.07311683844390994,0.125,0.1,0.0
4772,0.3333333333333333,1.0,0.14285714285714285,1.0,1.0,1.0,1.0,1.0,1.0,-0.6666666666666667
4773,1.0,1.0,1.0,0.9674679834891693,1.0,1.0,0.23463936301137822,0.3333333333333333,0.3333333333333333,0.03253201651083071
4777,0.6934264036172708,1.0,0.5,0.9197207891481876,1.0,1.0,0.6509209298071326,1.0,0.5,-0.22629438553091674
478,0.0,0.0,0.018867924528301886,0.0,0.0,0.0,0.0,0.0,0.020833333333333332,0.0
4783,0.6309297535714575,1.0,0.5,0.31546487678572877,1.0,0.125,0.0,0.0,0.05263157894736842,0.31546487678572877
4785,0.7495275800817669,0.75,1.0,0.44149241373678083,0.5,0.5,0.0,0.0,0.05,0.30803516634498607
4792,0.0,0.0,0.09090909090909091,0.0,0.0,0.023255813953488372,0.0,0.0,0.043478260869565216,0.0
4796,1.0,1.0,1.0,1.0,1.0,1.0,1.0,1.0,1.0,0.0
4808,1.0,1.0,1.0,1.0,1.0,1.0,1.0,1.0,1.0,0.0
4811,1.0,1.0,1.0,1.0,1.0,1.0,1.0,1.0,1.0,0.0
4819,1.0,1.0,1.0,0.8772153153380493,1.0,1.0,0.8503449055347546,1.0,1.0,0.1227846846619507
4830,1.0,1.0,1.0,1.0,1.0,1.0,1.0,1.0,1.0,0.0
4831,1.0,1.0,1.0,0.5437713091520254,1.0,0.3333333333333333,1.0,1.0,1.0,0.45622869084797457
4840,0.6309297535714575,1.0,0.5,0.3562071871080222,1.0,0.16666666666666666,0.43067655807339306,1.0,0.25,0.27472256646343535
485,0.0,0.0,0.022727272727272728,0.0,0.0,0.0,0.0,0.0,0.0,0.0
4853,0.6131471927654584,0.5,1.0,0.6131471927654584,0.5,1.0,0.0,0.0,0.0,0.0
4855,1.0,1.0,1.0,0.0,0.0,0.07142857142857142,1.0,1.0,1.0,1.0
4867,1.0,1.0,1.0,0.6309297535714575,1.0,0.5,0.0,0.0,0.0625,0.36907024642854247
4876,0.38685280723454163,1.0,0.2,0.3562071871080222,1.0,0.16666666666666666,0.0,0.0,0.06666666666666667,0.030645620126519446
4880,0.0,0.0,0.018518518518518517,0.0,0.0,0.011235955056179775,0.0,0.0,0.0,0.0
4885,0.6309297535714575,1.0,0.5,1.0,1.0,1.0,0.0,0.0,0.04,-0.36907024642854247
4887,0.8318724637288826,0.75,1.0,0.44149241373678083,0.5,0.5,0.13012668333070054,0.25,0.14285714285714285,0.39038004999210174
4890,0.7227265726449519,0.6,1.0,0.21398626473452756,0.2,0.5,0.4371994911049732,0.4,1.0,0.5087403079104243
4891,0.6836550817096436,0.5714285714285714,1.0,0.5906537721703196,0.5714285714285714,1.0,0.8971754588393882,0.8571428571428571,1.0,0.09300130953932406
4902,0.0,0.0,0.038461538461538464,0.0,0.0,0.0,0.0,0.0,0.0,0.0
4903,0.8687949224876582,0.8,1.0,0.6548086577531307,0.6,1.0,0.6217937096682962,0.6,1.0,0.21398626473452753
4908,0.16716045496620227,0.3333333333333333,0.16666666666666666,0.0,0.0,0.03225806451612903,0.38364913903790027,0.6666666666666666,0.25,0.16716045496620227
4917,0.17723928678404774,0.5,0.1,0.5706417189553201,1.0,0.3333333333333333,0.0,0.0,0.027777777777777776,-0.39340243217127235
492,0.8315546295836225,1.0,1.0,0.6131471927654584,0.5,1.0,0.17723928678404774,0.5,0.1,0.2184074368181641
4922,0.8772153153380493,1.0,1.0,0.6509209298071326,1.0,0.5,0.6131471927654584,0.5,1.0,0.22629438553091674
4926,0.6309297535714575,1.0,0.5,1.0,1.0,1.0,0.31546487678572877,1.0,0.125,-0.36907024642854247
4930,0.0,0.0,0.05263157894736842,0.6309297535714575,1.0,0.5,0.0,0.0,0.0,-0.6309297535714575
4935,1.0,1.0,1.0,1.0,1.0,1.0,1.0,1.0,1.0,0.0
4937,0.6131471927654584,0.5,1.0,0.2640681225725909,0.5,0.25,0.8175295903539445,1.0,1.0,0.3490790701928675
4939,0.6309297535714575,1.0,0.5,0.0,0.0,0.07692307692307693,0.38685280723454163,1.0,0.2,0.6309297535714575
4947,1.0,1.0,1.0,0.3562071871080222,1.0,0.16666666666666666,0.6309297535714575,1.0,0.5,0.6437928128919779
4948,0.0,0.0,0.09090909090909091,0.0,0.0,0.09090909090909091,0.0,0.0,0.0625,0.0
4950,0.0,0.0,0.02631578947368421,0.0,0.0,0.0,0.31546487678572877,1.0,0.125,0.0
4951,1.0,1.0,1.0,1.0,1.0,1.0,1.0,1.0,1.0,0.0
4953,1.0,1.0,1.0,1.0,1.0,1.0,1.0,1.0,1.0,0.0
4958,1.0,1.0,1.0,0.6131471927654584,0.5,1.0,0.6131471927654584,0.5,1.0,0.38685280723454163
4961,1.0,1.0,1.0,1.0,1.0,1.0,1.0,1.0,1.0,0.0
497,0.37590633587120725,0.6666666666666666,0.3333333333333333,0.8179809735263114,1.0,1.0,0.46927872602275644,0.3333333333333333,1.0,-0.44207463765510413
4971,0.16716045496620227,0.3333333333333333,0.16666666666666666,0.0,0.0,0.0,0.0,0.0,0.03333333333333333,0.16716045496620227
4973,0.6240505200038379,1.0,0.5,0.6131471927654584,0.5,1.0,0.17723928678404774,0.5,0.1,0.010903327238379501
4980,0.6309297535714575,1.0,0.5,0.0,0.0,0.0,0.0,0.0,0.0,0.6309297535714575
4983,1.0,1.0,1.0,0.0,0.0,0.0,0.5,1.0,0.3333333333333333,1.0
4992,0.5,1.0,0.3333333333333333,0.0,0.0,0.0,0.0,0.0,0.09090909090909091,0.5
4995,0.48381288316677695,1.0,0.3333333333333333,0.0,0.0,0.030303030303030304,0.0,0.0,0.09090909090909091,0.48381288316677695
4996,0.16716045496620227,0.3333333333333333,0.16666666666666666,0.0,0.0,0.012048192771084338,0.2960819109658652,0.3333333333333333,0.5,0.16716045496620227
5001,0.6309297535714575,1.0,0.5,1.0,1.0,1.0,1.0,1.0,1.0,-0.36907024642854247
5006,0.3333333333333333,1.0,0.14285714285714285,0.0,0.0,0.013513513513513514,0.0,0.0,0.010309278350515464,0.3333333333333333
5007,0.448643819352159,1.0,0.25,0.7977228895450266,1.0,1.0,0.0,0.0,0.08333333333333333,-0.34907907019286755
5015,0.8772153153380493,1.0,1.0,0.38685280723454163,0.5,0.5,0.17723928678404774,0.5,0.1,0.4903625081035077
5018,0.0,0.0,0.04,0.0,0.0,0.02040816326530612,0.0,0.0,0.02857142857142857,0.0
5029,1.0,1.0,1.0,1.0,1.0,1.0,1.0,1.0,1.0,0.0
5035,0.86034433104172,1.0,1.0,0.6364391809889587,0.6666666666666666,1.0,0.4632423659320675,0.6666666666666666,0.5,0.22390515005276135
5039,0.5,1.0,0.3333333333333333,0.20438239758848611,0.5,0.14285714285714285,0.39564672360221187,1.0,0.16666666666666666,0.2956176024115139
5046,1.0,1.0,1.0,1.0,1.0,1.0,0.9197207891481876,1.0,1.0,0.0
5047,0.49818925746641285,0.6666666666666666,0.5,0.4632423659320675,0.6666666666666666,0.5,0.0,0.0,0.058823529411764705,0.034946891534345326
5048,0.3903800499921017,0.25,1.0,0.3903800499921017,0.25,1.0,0.24630238874073,0.25,0.5,0.0
5051,0.14126697285982898,0.3333333333333333,0.1111111111111111,0.18154179253735267,0.3333333333333333,0.2,0.0,0.0,0.017857142857142856,-0.04027481967752369
5054,0.6934264036172708,1.0,0.5,1.0,1.0,1.0,1.0,1.0,1.0,-0.3065735963827292
5055,0.6309297535714575,1.0,0.5,0.5,1.0,0.3333333333333333,0.2890648263178879,1.0,0.1,0.13092975357145753
5057,1.0,1.0,1.0,1.0,1.0,1.0,1.0,1.0,1.0,0.0
5064,0.9447176050778178,1.0,1.0,0.5294362295028773,0.5,1.0,0.4144299250118475,0.5,0.5,0.4152813755749405
5069,0.6131471927654584,0.5,1.0,0.3065735963827292,0.5,0.3333333333333333,0.8065735963827293,1.0,1.0,0.3065735963827292
5070,1.0,1.0,1.0,0.5,1.0,0.3333333333333333,0.5,1.0,0.3333333333333333,0.5
5072,0.8020378746650065,0.7142857142857143,1.0,0.49959580689988364,0.42857142857142855,1.0,0.7884936445584501,0.8571428571428571,1.0,0.3024420677651229
5076,1.0,1.0,1.0,1.0,1.0,1.0,0.9197207891481876,1.0,1.0,0.0
5077,0.0,0.0,0.025,0.0,0.0,0.0,0.0,0.0,0.08333333333333333,0.0
5082,1.0,1.0,1.0,0.6240505200038379,1.0,0.5,0.6131471927654584,0.5,1.0,0.37594947999616213
5084,0.49818925746641285,0.6666666666666666,0.5,0.38364913903790027,0.6666666666666666,0.25,0.0,0.0,0.02127659574468085,0.11454011842851258
5088,0.46927872602275644,0.3333333333333333,1.0,0.7669719408901708,1.0,1.0,0.20210734650054757,0.3333333333333333,0.25,-0.2976932148674144
5094,1.0,1.0,1.0,0.3065735963827292,0.5,0.3333333333333333,0.8503449055347546,1.0,1.0,0.6934264036172708
5095,1.0,1.0,1.0,0.0,0.0,0.0,1.0,1.0,1.0,1.0
5097,0.6309297535714575,1.0,0.5,1.0,1.0,1.0,0.43067655807339306,1.0,0.25,-0.36907024642854247
5098,1.0,1.0,1.0,1.0,1.0,1.0,1.0,1.0,1.0,0.0
5104,1.0,1.0,1.0,0.8772153153380493,1.0,1.0,0.48381288316677695,1.0,0.3333333333333333,0.1227846846619507
5106,1.0,1.0,1.0,1.0,1.0,1.0,1.0,1.0,1.0,0.0
5107,0.6309297535714575,1.0,0.5,1.0,1.0,1.0,1.0,1.0,1.0,-0.36907024642854247
5108,0.6309297535714575,1.0,0.5,0.5,1.0,0.3333333333333333,0.6309297535714575,1.0,0.5,0.13092975357145753
5113,0.6309297535714575,1.0,0.5,0.43067655807339306,1.0,0.25,1.0,1.0,1.0,0.20025319549806447
5115,1.0,1.0,1.0,1.0,1.0,1.0,1.0,1.0,1.0,0.0
5120,1.0,1.0,1.0,0.6309297535714575,1.0,0.5,1.0,1.0,1.0,0.36907024642854247
5122,0.8315546295836225,1.0,1.0,0.6131471927654584,0.5,1.0,0.5802792108518124,1.0,0.5,0.2184074368181641
5129,0.6713860725233041,0.6666666666666666,1.0,0.16716045496620227,0.3333333333333333,0.16666666666666666,0.8194270280062366,1.0,1.0,0.5042256175571018
5130,0.5802792108518124,1.0,0.5,0.3065735963827292,0.5,0.3333333333333333,0.6131471927654584,0.5,1.0,0.27370561446908326
5132,1.0,1.0,1.0,0.5714285040141098,1.0,0.5,0.2640681225725909,0.5,0.25,0.42857149598589017
5149,1.0,1.0,1.0,0.3333333333333333,1.0,0.14285714285714285,0.6309297535714575,1.0,0.5,0.6666666666666667
5151,0.44130740935663865,1.0,0.25,0.0,0.0,0.0,0.0,0.0,0.0,0.44130740935663865
5157,0.9197207891481876,1.0,1.0,0.6131471927654584,0.5,1.0,0.6131471927654584,0.5,1.0,0.3065735963827292
5163,1.0,1.0,1.0,1.0,1.0,1.0,0.3562071871080222,1.0,0.16666666666666666,0.0
5164,1.0,1.0,1.0,1.0,1.0,1.0,1.0,1.0,1.0,0.0
5167,1.0,1.0,1.0,0.5,1.0,0.3333333333333333,1.0,1.0,1.0,0.5
5174,0.5437713091520254,1.0,0.3333333333333333,0.5706417189553201,1.0,0.3333333333333333,0.5706417189553201,1.0,0.3333333333333333,-0.026870409803294693
5177,1.0,1.0,1.0,0.0,0.0,0.010309278350515464,0.0,0.0,0.029411764705882353,1.0
5186,0.8065735963827293,1.0,1.0,0.6131471927654584,0.5,1.0,0.6131471927654584,0.5,1.0,0.19342640361727093
5188,1.0,1.0,1.0,0.0,0.0,0.03225806451612903,1.0,1.0,1.0,1.0
519,0.6713860725233041,0.6666666666666666,1.0,0.7653606369886217,0.6666666666666666,1.0,0.7039180890341347,0.6666666666666666,1.0,-0.0939745644653176
5190,0.6240505200038379,1.0,0.5,0.41443699955334395,1.0,0.2,0.0,0.0,0.07142857142857142,0.20961352045049392
5192,0.8772153153380493,1.0,1.0,0.38685280723454163,0.5,0.5,0.0,0.0,0.02564102564102564,0.4903625081035077
520,0.3562071871080222,1.0,0.16666666666666666,0.5,1.0,0.3333333333333333,0.38685280723454163,1.0,0.2,-0.14379281289197782
5202,1.0,1.0,1.0,1.0,1.0,1.0,1.0,1.0,1.0,0.0
521,0.7653606369886217,0.6666666666666666,1.0,0.1480409554829326,0.3333333333333333,0.125,0.6713860725233041,0.6666666666666666,1.0,0.617319681505689
5213,0.0,0.0,0.08333333333333333,0.0,0.0,0.021739130434782608,0.0,0.0,0.0,0.0
5215,0.6309297535714575,1.0,0.5,1.0,1.0,1.0,0.0,0.0,0.0,-0.36907024642854247
5219,1.0,1.0,1.0,1.0,1.0,1.0,1.0,1.0,1.0,0.0
522,0.19342640361727081,0.5,0.125,0.0,0.0,0.02564102564102564,0.21840743681816419,0.5,0.16666666666666666,0.19342640361727081
5224,1.0,1.0,1.0,0.6309297535714575,1.0,0.5,1.0,1.0,1.0,0.36907024642854247
5232,1.0,1.0,1.0,0.38685280723454163,1.0,0.2,0.38685280723454163,1.0,0.2,0.6131471927654584
5235,0.8498259896365309,0.8571428571428571,1.0,0.6993101270569541,0.7142857142857143,1.0,0.34451018072577044,0.42857142857142855,0.5,0.15051586257957683
5241,0.9060254355346823,1.0,1.0,0.7122630665145961,1.0,0.5,0.8070380459557518,1.0,1.0,0.19376236902008614
5245,1.0,1.0,1.0,1.0,1.0,1.0,1.0,1.0,1.0,0.0
5251,0.38685280723454163,0.5,0.5,0.3065735963827292,0.5,0.3333333333333333,0.6509209298071326,1.0,0.5,0.08027921085181244
5256,0.0,0.0,0.023255813953488372,0.0,0.0,0.013157894736842105,0.0,0.0,0.02631578947368421,0.0
5257,1.0,1.0,1.0,0.5,1.0,0.3333333333333333,1.0,1.0,1.0,0.5
5266,1.0,1.0,1.0,0.3333333333333333,1.0,0.14285714285714285,1.0,1.0,1.0,0.6666666666666667
5269,1.0,1.0,1.0,0.6309297535714575,1.0,0.5,0.31546487678572877,1.0,0.125,0.36907024642854247
5277,0.5,1.0,0.3333333333333333,0.0,0.0,0.047619047619047616,0.0,0.0,0.03333333333333333,0.5
5278,1.0,1.0,1.0,0.0,0.0,0.03571428571428571,1.0,1.0,1.0,1.0
5284,0.45749452618986164,1.0,0.25,1.0,1.0,1.0,0.3706656904013186,1.0,0.125,-0.5425054738101384
5287,1.0,1.0,1.0,1.0,1.0,1.0,1.0,1.0,1.0,0.0
5295,0.8665427526082052,1.0,1.0,0.44229834886928765,0.75,0.25,0.6804558477306826,0.75,1.0,0.4242444037389176
5297,0.2890648263178879,1.0,0.1,0.0,0.0,0.0,0.3562071871080222,1.0,0.16666666666666666,0.2890648263178879
5300,0.43067655807339306,1.0,0.25,0.0,0.0,0.0,0.0,0.0,0.0,0.43067655807339306
5302,0.5,1.0,0.3333333333333333,0.3010299956639812,1.0,0.1111111111111111,0.0,0.0,0.05555555555555555,0.1989700043360188
5314,0.6309297535714575,1.0,0.5,0.2890648263178879,1.0,0.1,0.6309297535714575,1.0,0.5,0.34186492725356965
5315,1.0,1.0,1.0,1.0,1.0,1.0,1.0,1.0,1.0,0.0
5316,0.0,0.0,0.02857142857142857,0.0,0.0,0.020833333333333332,0.43067655807339306,1.0,0.25,0.0
5319,1.0,1.0,1.0,0.6934264036172708,1.0,0.5,0.7903864795495061,1.0,1.0,0.3065735963827292
5322,0.6309297535714575,1.0,0.5,0.0,0.0,0.030303030303030304,1.0,1.0,1.0,0.6309297535714575
5323,0.6309297535714575,1.0,0.5,0.0,0.0,0.023255813953488372,0.6309297535714575,1.0,0.5,0.6309297535714575
5325,1.0,1.0,1.0,0.6309297535714575,1.0,0.5,1.0,1.0,1.0,0.36907024642854247
5327,0.9047172294870751,1.0,1.0,0.6366824387328317,0.5,1.0,0.11751610475642714,0.25,0.1111111111111111,0.2680347907542434
5340,0.8503449055347546,1.0,1.0,0.6131471927654584,0.5,1.0,0.6131471927654584,0.5,1.0,0.23719771276929624
5341,0.2960819109658652,0.3333333333333333,0.5,0.18154179253735267,0.3333333333333333,0.2,0.2960819109658652,0.3333333333333333,0.5,0.11454011842851256
5343,0.5912352048230277,1.0,0.5,0.7903864795495061,1.0,1.0,0.6934264036172708,1.0,0.5,-0.19915127472647842
5347,0.8772153153380493,1.0,1.0,0.7977228895450266,1.0,1.0,0.21840743681816419,0.5,0.16666666666666666,0.07949242579302274
5352,1.0,1.0,1.0,0.8529278650606567,1.0,1.0,0.23463936301137822,0.3333333333333333,0.3333333333333333,0.14707213493934335
5356,0.21840743681816419,0.5,0.16666666666666666,0.19342640361727081,0.5,0.125,0.6131471927654584,0.5,1.0,0.02498103320089337
5358,1.0,1.0,1.0,0.0,0.0,0.025,1.0,1.0,1.0,1.0
5369,1.0,1.0,1.0,0.3333333333333333,1.0,0.14285714285714285,1.0,1.0,1.0,0.6666666666666667
5381,0.9197207891481876,1.0,1.0,0.6131471927654584,0.5,1.0,0.8175295903539445,1.0,1.0,0.3065735963827292
5384,0.23463936301137822,0.3333333333333333,0.3333333333333333,0.23463936301137822,0.3333333333333333,0.3333333333333333,0.1480409554829326,0.3333333333333333,0.125,0.0
5386,1.0,1.0,1.0,1.0,1.0,1.0,1.0,1.0,1.0,0.0
5388,1.0,1.0,1.0,1.0,1.0,1.0,0.5,1.0,0.3333333333333333,0.0
5393,1.0,1.0,1.0,1.0,1.0,1.0,1.0,1.0,1.0,0.0
5395,1.0,1.0,1.0,1.0,1.0,1.0,1.0,1.0,1.0,0.0
5406,0.5,1.0,0.3333333333333333,1.0,1.0,1.0,0.0,0.0,0.0,-0.5
5418,0.38685280723454163,1.0,0.2,0.2890648263178879,1.0,0.1,0.0,0.0,0.0,0.09778798091665375
5424,0.3333333333333333,1.0,0.14285714285714285,1.0,1.0,1.0,0.6309297535714575,1.0,0.5,-0.6666666666666667
5430,0.6309297535714575,1.0,0.5,1.0,1.0,1.0,1.0,1.0,1.0,-0.36907024642854247
5432,0.7030861797445797,0.75,1.0,0.3903800499921017,0.25,1.0,0.19519002499605084,0.25,0.3333333333333333,0.31270612975247797
5443,0.3010299956639812,1.0,0.1111111111111111,0.0,0.0,0.029411764705882353,0.0,0.0,0.03571428571428571,0.3010299956639812
5448,1.0,1.0,1.0,1.0,1.0,1.0,1.0,1.0,1.0,0.0
5453,0.46927872602275644,0.3333333333333333,1.0,0.2960819109658652,0.3333333333333333,0.5,0.46927872602275644,0.3333333333333333,1.0,0.17319681505689122
5457,0.8503449055347546,1.0,1.0,0.38685280723454163,0.5,0.5,0.6131471927654584,0.5,1.0,0.463492098300213
5458,0.8772153153380493,1.0,1.0,1.0,1.0,1.0,0.3065735963827292,0.5,0.3333333333333333,-0.1227846846619507
5460,0.3562071871080222,1.0,0.16666666666666666,0.38685280723454163,1.0,0.2,0.0,0.0,0.0196078431372549,-0.030645620126519446
5463,1.0,1.0,1.0,1.0,1.0,1.0,1.0,1.0,1.0,0.0
5476,1.0,1.0,1.0,0.0,0.0,0.0625,0.0,0.0,0.06666666666666667,1.0
5482,1.0,1.0,1.0,1.0,1.0,1.0,1.0,1.0,1.0,0.0
5490,0.8756458727267334,1.0,1.0,0.8756458727267334,1.0,1.0,0.6886342695939197,0.75,1.0,0.0
5494,0.3333333333333333,1.0,0.14285714285714285,0.5,1.0,0.3333333333333333,0.0,0.0,0.058823529411764705,-0.16666666666666669
5504,1.0,1.0,1.0,0.0,0.0,0.05555555555555555,1.0,1.0,1.0,1.0
551,1.0,1.0,1.0,1.0,1.0,1.0,1.0,1.0,1.0,0.0
5518,0.23719771276929622,0.5,0.2,0.9197207891481876,1.0,1.0,0.37800210039683896,1.0,0.125,-0.6825230763788913
5522,0.854105797972385,1.0,1.0,0.6366824387328317,0.5,1.0,0.626376385711402,0.75,1.0,0.21742335923955325
5523,0.0,0.0,0.01818181818181818,0.0,0.0,0.016129032258064516,0.0,0.0,0.0,0.0
5534,0.8772153153380493,1.0,1.0,0.9197207891481876,1.0,1.0,0.5912352048230277,1.0,0.5,-0.04250547381013825
5536,1.0,1.0,1.0,0.2890648263178879,1.0,0.1,0.5,1.0,0.3333333333333333,0.7109351736821121
5541,1.0,1.0,1.0,0.5307212739772434,0.6666666666666666,0.5,0.40179981797758046,0.6666666666666666,0.3333333333333333,0.46927872602275655
5544,0.6934264036172708,1.0,0.5,1.0,1.0,1.0,0.23719771276929622,0.5,0.2,-0.3065735963827292
5549,0.0,0.0,0.03571428571428571,0.0,0.0,0.05555555555555555,0.0,0.0,0.034482758620689655,0.0
555,1.0,1.0,1.0,1.0,1.0,1.0,1.0,1.0,1.0,0.0
5554,1.0,1.0,1.0,1.0,1.0,1.0,0.6131471927654584,0.5,1.0,0.0
5560,1.0,1.0,1.0,0.48247555939075504,1.0,0.25,0.3065735963827292,0.5,0.3333333333333333,0.517524440609245
5571,0.0,0.0,0.02040816326530612,0.0,0.0,0.0,0.0,0.0,0.0,0.0
5574,1.0,1.0,1.0,1.0,1.0,1.0,1.0,1.0,1.0,0.0
5576,1.0,1.0,1.0,0.6309297535714575,1.0,0.5,1.0,1.0,1.0,0.36907024642854247
5587,1.0,1.0,1.0,1.0,1.0,1.0,1.0,1.0,1.0,0.0
5606,0.5294362295028773,0.5,1.0,0.3903800499921017,0.25,1.0,0.24630238874073,0.25,0.5,0.1390561795107756
5608,0.0,0.0,0.0,0.0,0.0,0.0,0.0,0.0,0.0,0.0
5609,0.6309297535714575,1.0,0.5,1.0,1.0,1.0,0.5,1.0,0.3333333333333333,-0.36907024642854247
561,1.0,1.0,1.0,0.6131471927654584,0.5,1.0,0.4911492931622974,1.0,0.3333333333333333,0.38685280723454163
5616,0.0,0.0,0.07692307692307693,0.0,0.0,0.0,0.5,1.0,0.3333333333333333,0.0
5618,0.38685280723454163,0.5,0.5,0.0,0.0,0.01818181818181818,0.0,0.0,0.041666666666666664,0.38685280723454163
5619,0.6309297535714575,1.0,0.5,0.6309297535714575,1.0,0.5,0.38685280723454163,1.0,0.2,0.0
5631,1.0,1.0,1.0,0.8503449055347546,1.0,1.0,1.0,1.0,1.0,0.1496550944652454
5634,0.8772153153380493,1.0,1.0,0.0,0.0,0.03125,0.8175295903539445,1.0,1.0,0.8772153153380493
5637,0.6309297535714575,1.0,0.5,0.0,0.0,0.09090909090909091,0.43067655807339306,1.0,0.25,0.6309297535714575
5638,0.3065735963827292,0.5,0.3333333333333333,0.0,0.0,0.0,0.0,0.0,0.0,0.3065735963827292
564,1.0,1.0,1.0,0.0,0.0,0.07142857142857142,0.8315546295836225,1.0,1.0,1.0
5641,1.0,1.0,1.0,0.6309297535714575,1.0,0.5,0.6309297535714575,1.0,0.5,0.36907024642854247
5648,1.0,1.0,1.0,1.0,1.0,1.0,1.0,1.0,1.0,0.0
5659,1.0,1.0,1.0,1.0,1.0,1.0,1.0,1.0,1.0,0.0
5671,0.0,0.0,0.0625,0.20438239758848611,0.5,0.14285714285714285,0.6131471927654584,0.5,1.0,-0.20438239758848611
5680,1.0,1.0,1.0,1.0,1.0,1.0,1.0,1.0,1.0,0.0
5681,1.0,1.0,1.0,1.0,1.0,1.0,1.0,1.0,1.0,0.0
5687,1.0,1.0,1.0,0.6309297535714575,1.0,0.5,0.3010299956639812,1.0,0.1111111111111111,0.36907024642854247
57,0.6713860725233041,0.6666666666666666,1.0,0.5307212739772434,0.6666666666666666,0.5,0.7039180890341347,0.6666666666666666,1.0,0.14066479854606062
570,0.48381288316677695,1.0,0.3333333333333333,0.6131471927654584,0.5,1.0,0.6131471927654584,0.5,1.0,-0.12933430959868142
5700,1.0,1.0,1.0,0.3065735963827292,0.5,0.3333333333333333,0.0,0.0,0.05263157894736842,0.6934264036172708
5705,0.8318724637288826,0.75,1.0,0.6595629128335778,0.75,1.0,0.7095272044910244,0.75,1.0,0.17230955089530475
5706,0.5,1.0,0.3333333333333333,0.31546487678572877,1.0,0.125,0.3562071871080222,1.0,0.16666666666666666,0.18453512321427123
5715,0.7653606369886217,0.6666666666666666,1.0,0.3501483019834802,0.6666666666666666,0.25,0.6713860725233041,0.6666666666666666,1.0,0.4152123350051415
572,0.6131471927654584,0.5,1.0,0.2640681225725909,0.5,0.25,0.6131471927654584,0.5,1.0,0.3490790701928675
5722,0.2640681225725909,0.5,0.25,0.38685280723454163,0.5,0.5,0.0,0.0,0.02857142857142857,-0.12278468466195075
5727,0.0,0.0,0.045454545454545456,0.0,0.0,0.023255813953488372,0.0,0.0,0.05,0.0
5753,1.0,1.0,1.0,0.6309297535714575,1.0,0.5,0.6309297535714575,1.0,0.5,0.36907024642854247
5759,0.6309297535714575,1.0,0.5,1.0,1.0,1.0,1.0,1.0,1.0,-0.36907024642854247
5765,0.3333333333333333,1.0,0.14285714285714285,0.6309297535714575,1.0,0.5,0.0,0.0,0.02564102564102564,-0.2975964202381242
5772,1.0,1.0,1.0,0.0,0.0,0.0,1.0,1.0,1.0,1.0
5774,0.6131471927654584,0.5,1.0,1.0,1.0,1.0,0.6131471927654584,0.5,1.0,-0.38685280723454163
5776,1.0,1.0,1.0,1.0,1.0,1.0,1.0,1.0,1.0,0.0
578,0.0,0.0,0.0625,0.0,0.0,0.0,0.0,0.0,0.0,0.0
5787,1.0,1.0,1.0,1.0,1.0,1.0,0.20438239758848611,0.5,0.14285714285714285,0.0
5796,1.0,1.0,1.0,0.6309297535714575,1.0,0.5,0.5,1.0,0.3333333333333333,0.36907024642854247
5797,0.38364913903790027,0.6666666666666666,0.25,0.15642624200758548,0.3333333333333333,0.14285714285714285,0.4441228664487979,0.6666666666666666,0.5,0.22722289703031479
5801,0.8104089071229301,1.0,1.0,0.2476427880871277,0.5,0.14285714285714285,0.0,0.0,0.058823529411764705,0.5627661190358024
5802,1.0,1.0,1.0,0.8175295903539445,1.0,1.0,0.3065735963827292,0.5,0.3333333333333333,0.18247040964605554
5806,0.3065735963827292,0.5,0.3333333333333333,0.38685280723454163,0.5,0.5,0.2640681225725909,0.5,0.25,-0.08027921085181244
581,0.9674679834891693,1.0,1.0,0.6364391809889587,0.6666666666666666,1.0,0.16716045496620227,0.3333333333333333,0.16666666666666666,0.3310288025002106
5816,1.0,1.0,1.0,0.9197207891481876,1.0,1.0,0.6131471927654584,0.5,1.0,0.08027921085181244
5825,0.7227265726449519,0.6,1.0,0.29039140533630226,0.4,0.3333333333333333,0.44615333764087994,0.4,1.0,0.4323351673086496
5834,1.0,1.0,1.0,0.5,1.0,0.3333333333333333,0.38685280723454163,1.0,0.2,0.5
5835,0.31546487678572877,1.0,0.125,0.0,0.0,0.0,0.0,0.0,0.04,0.31546487678572877
5838,0.43067655807339306,1.0,0.25,0.38685280723454163,1.0,0.2,0.0,0.0,0.0,0.04382375083885143
5840,1.0,1.0,1.0,1.0,1.0,1.0,1.0,1.0,1.0,0.0
5842,1.0,1.0,1.0,0.6309297535714575,1.0,0.5,0.6309297535714575,1.0,0.5,0.36907024642854247
5848,0.3562071871080222,1.0,0.16666666666666666,0.0,0.0,0.011627906976744186,0.0,0.0,0.0,0.3562071871080222
5850,0.3562071871080222,1.0,0.16666666666666666,0.3562071871080222,1.0,0.16666666666666666,0.38685280723454163,1.0,0.2,0.0
5856,0.0,0.0,0.025,0.0,0.0,0.07692307692307693,0.0,0.0,0.0,0.0
5861,1.0,1.0,1.0,0.0,0.0,0.08333333333333333,1.0,1.0,1.0,1.0
5878,0.0,0.0,0.06666666666666667,0.0,0.0,0.020833333333333332,0.0,0.0,0.02,0.0
5879,1.0,1.0,1.0,1.0,1.0,1.0,1.0,1.0,1.0,0.0
5888,1.0,1.0,1.0,0.5109559939712153,1.0,0.3333333333333333,0.9197207891481876,1.0,1.0,0.48904400602878473
5894,1.0,1.0,1.0,1.0,1.0,1.0,1.0,1.0,1.0,0.0
5897,0.6309297535714575,1.0,0.5,0.0,0.0,0.05555555555555555,0.6309297535714575,1.0,0.5,0.6309297535714575
5899,0.0,0.0,0.02702702702702703,0.0,0.0,0.0,0.0,0.0,0.041666666666666664,0.0
5900,1.0,1.0,1.0,1.0,1.0,1.0,0.0,0.0,0.038461538461538464,0.0
5902,0.6934264036172708,1.0,0.5,0.6131471927654584,0.5,1.0,0.18457569677956817,0.5,0.1111111111111111,0.08027921085181244
5906,0.9197207891481876,1.0,1.0,0.6131471927654584,0.5,1.0,0.6131471927654584,0.5,1.0,0.3065735963827292
5920,0.6309297535714575,1.0,0.5,1.0,1.0,1.0,0.0,0.0,0.047619047619047616,-0.36907024642854247
5928,1.0,1.0,1.0,1.0,1.0,1.0,0.3562071871080222,1.0,0.16666666666666666,0.0
5930,1.0,1.0,1.0,1.0,1.0,1.0,0.6039071644781281,1.0,0.3333333333333333,0.0
5941,1.0,1.0,1.0,0.0,0.0,0.014492753623188406,0.6309297535714575,1.0,0.5,1.0
5944,0.0,0.0,0.06666666666666667,0.0,0.0,0.01282051282051282,0.0,0.0,0.07692307692307693,0.0
595,0.9609247825245575,1.0,1.0,0.13120507751234178,0.2,0.2,0.9668342083190152,1.0,1.0,0.8297197050122157
5954,1.0,1.0,1.0,1.0,1.0,1.0,1.0,1.0,1.0,0.0
5955,0.3065735963827292,0.5,0.3333333333333333,0.0,0.0,0.07142857142857142,0.6131471927654584,0.5,1.0,0.3065735963827292
5961,0.3333333333333333,1.0,0.14285714285714285,0.5,1.0,0.3333333333333333,0.6309297535714575,1.0,0.5,-0.16666666666666669
5965,0.5,1.0,0.3333333333333333,0.0,0.0,0.07692307692307693,0.0,0.0,0.037037037037037035,0.5
5967,0.2890648263178879,1.0,0.1,0.3010299956639812,1.0,0.1111111111111111,0.0,0.0,0.08333333333333333,-0.011965169346093318
597,1.0,1.0,1.0,1.0,1.0,1.0,1.0,1.0,1.0,0.0
5974,1.0,1.0,1.0,0.3065735963827292,0.5,0.3333333333333333,0.9197207891481876,1.0,1.0,0.6934264036172708
5977,1.0,1.0,1.0,1.0,1.0,1.0,1.0,1.0,1.0,0.0
5978,1.0,1.0,1.0,0.43067655807339306,1.0,0.25,1.0,1.0,1.0,0.5693234419266069
5989,0.0,0.0,0.05263157894736842,0.38685280723454163,1.0,0.2,0.0,0.0,0.0,-0.38685280723454163
5993,1.0,1.0,1.0,0.5,1.0,0.3333333333333333,0.3333333333333333,1.0,0.14285714285714285,0.5
60,0.5,1.0,0.3333333333333333,0.6309297535714575,1.0,0.5,1.0,1.0,1.0,-0.13092975357145753
6002,0.5,1.0,0.3333333333333333,0.3562071871080222,1.0,0.16666666666666666,0.0,0.0,0.034482758620689655,0.14379281289197782
6005,0.5,1.0,0.3333333333333333,0.0,0.0,0.019230769230769232,0.0,0.0,0.07692307692307693,0.5
6013,0.8194270280062366,1.0,1.0,0.0,0.0,0.0196078431372549,0.2960819109658652,0.3333333333333333,0.5,0.8194270280062366
6022,0.0,0.0,0.07692307692307693,0.0,0.0,0.0,0.0,0.0,0.0,0.0
6030,0.3010299956639812,1.0,0.1111111111111111,0.0,0.0,0.0,0.0,0.0,0.0,0.3010299956639812
6036,0.6309297535714575,1.0,0.5,1.0,1.0,1.0,0.2890648263178879,1.0,0.1,-0.36907024642854247
6041,0.6309297535714575,1.0,0.5,1.0,1.0,1.0,0.31546487678572877,1.0,0.125,-0.36907024642854247
6042,0.18457569677956817,0.5,0.1111111111111111,0.6131471927654584,0.5,1.0,0.8772153153380493,1.0,1.0,-0.42857149598589017
6046,1.0,1.0,1.0,1.0,1.0,1.0,0.43067655807339306,1.0,0.25,0.0
6048,0.0,0.0,0.08333333333333333,0.4415801103577823,1.0,0.2,0.18457569677956817,0.5,0.1111111111111111,-0.4415801103577823
605,1.0,1.0,1.0,1.0,1.0,1.0,1.0,1.0,1.0,0.0
6055,0.6309297535714575,1.0,0.5,0.0,0.0,0.058823529411764705,0.0,0.0,0.02702702702702703,0.6309297535714575
6057,0.6131471927654584,0.5,1.0,0.6131471927654584,0.5,1.0,0.3065735963827292,0.5,0.3333333333333333,0.0
606,0.31546487678572877,1.0,0.125,0.0,0.0,0.0,0.0,0.0,0.0,0.31546487678572877
6068,0.6766372988929881,1.0,0.5,0.2638647595767405,0.5,0.2,0.19519002499605084,0.25,0.3333333333333333,0.4127725393162476
6069,1.0,1.0,1.0,1.0,1.0,1.0,1.0,1.0,1.0,0.0
6070,1.0,1.0,1.0,0.7653606369886217,0.6666666666666666,1.0,1.0,1.0,1.0,0.23463936301137833
6074,0.2890648263178879,1.0,0.1,0.2890648263178879,1.0,0.1,0.0,0.0,0.011235955056179775,0.0
6076,0.6131471927654584,0.5,1.0,0.0,0.0,0.06666666666666667,0.2640681225725909,0.5,0.25,0.6131471927654584
6080,0.6131471927654584,0.5,1.0,0.0,0.0,0.0,0.0,0.0,0.012195121951219513,0.6131471927654584
6084,1.0,1.0,1.0,1.0,1.0,1.0,1.0,1.0,1.0,0.0
6096,0.6131471927654584,0.5,1.0,0.4227898344066503,1.0,0.16666666666666666,0.8772153153380493,1.0,1.0,0.19035735835880807
6101,1.0,1.0,1.0,0.7903864795495061,1.0,1.0,0.5640920940185894,1.0,0.5,0.20961352045049386
6105,0.6309297535714575,1.0,0.5,1.0,1.0,1.0,0.0,0.0,0.05555555555555555,-0.36907024642854247
6106,0.5,1.0,0.3333333333333333,1.0,1.0,1.0,0.6309297535714575,1.0,0.5,-0.5
6108,0.6309297535714575,1.0,0.5,0.3333333333333333,1.0,0.14285714285714285,0.0,0.0,0.010869565217391304,0.2975964202381242
611,1.0,1.0,1.0,1.0,1.0,1.0,0.31546487678572877,1.0,0.125,0.0
6115,0.5,1.0,0.3333333333333333,0.0,0.0,0.0,0.0,0.0,0.01098901098901099,0.5
6116,1.0,1.0,1.0,0.0,0.0,0.0,0.8318724637288826,0.75,1.0,1.0
6119,0.0,0.0,0.045454545454545456,0.0,0.0,0.0,0.0,0.0,0.0,0.0
6128,1.0,1.0,1.0,0.6309297535714575,1.0,0.5,0.6309297535714575,1.0,0.5,0.36907024642854247
6130,0.41618115554873086,0.6666666666666666,0.3333333333333333,0.33775931993299535,0.6666666666666666,0.25,0.4525081529734507,0.6666666666666666,0.5,0.07842183561573551
6139,0.23719771276929622,0.5,0.2,0.0,0.0,0.0,0.0,0.0,0.05555555555555555,0.23719771276929622
6146,0.9217868789962071,1.0,1.0,0.9674679834891693,1.0,1.0,0.9325210919548239,1.0,1.0,-0.045681104492962143
6147,0.21840743681816419,0.5,0.16666666666666666,0.0,0.0,0.014492753623188406,0.0,0.0,0.07692307692307693,0.21840743681816419
6156,0.46927872602275644,0.3333333333333333,1.0,0.0,0.0,0.0625,0.13565197343244778,0.3333333333333333,0.1,0.46927872602275644
6167,0.31546487678572877,1.0,0.125,0.0,0.0,0.0,0.0,0.0,0.02040816326530612,0.31546487678572877
618,0.6112833214150002,1.0,0.5,0.7920874914199381,1.0,1.0,0.0,0.0,0.023809523809523808,-0.18080417000493787
6180,0.5,1.0,0.3333333333333333,0.0,0.0,0.027777777777777776,0.38685280723454163,1.0,0.2,0.5
6183,0.7903864795495061,1.0,1.0,0.5249810332008933,1.0,0.3333333333333333,0.6934264036172708,1.0,0.5,0.26540544634861285
6185,1.0,1.0,1.0,1.0,1.0,1.0,1.0,1.0,1.0,0.0
6186,1.0,1.0,1.0,0.9267582364714126,1.0,1.0,0.6096199500078984,0.75,0.5,0.07324176352858736
6187,0.2890648263178879,1.0,0.1,0.6309297535714575,1.0,0.5,0.0,0.0,0.030303030303030304,-0.34186492725356965
6199,1.0,1.0,1.0,1.0,1.0,1.0,1.0,1.0,1.0,0.0
6206,0.0,0.0,0.047619047619047616,0.5,1.0,0.3333333333333333,0.0,0.0,0.0,-0.5
6207,0.0,0.0,0.01694915254237288,0.0,0.0,0.012345679012345678,0.0,0.0,0.0,0.0
6213,1.0,1.0,1.0,0.6525874238732422,0.75,1.0,0.7365896932159578,0.75,1.0,0.3474125761267578
6215,1.0,1.0,1.0,0.6934264036172708,1.0,0.5,0.46845052016107697,1.0,0.25,0.3065735963827292
6217,0.9708923176105698,1.0,1.0,0.7227265726449519,0.6,1.0,0.48522855511632257,0.4,1.0,0.24816574496561794
6225,0.0,0.0,0.017241379310344827,0.0,0.0,0.02,0.19342640361727081,0.5,0.125,0.0
6230,0.23719771276929622,0.5,0.2,0.3065735963827292,0.5,0.3333333333333333,0.0,0.0,0.058823529411764705,-0.06937588361343297
6232,0.0,0.0,0.0125,0.0,0.0,0.0,0.3333333333333333,1.0,0.14285714285714285,0.0
6234,0.6309297535714575,1.0,0.5,1.0,1.0,1.0,0.3010299956639812,1.0,0.1111111111111111,-0.36907024642854247
6239,0.8503449055347546,1.0,1.0,0.6131471927654584,0.5,1.0,0.23719771276929622,0.5,0.2,0.23719771276929624
6241,0.8503449055347546,1.0,1.0,0.5714285040141098,1.0,0.5,0.38685280723454163,0.5,0.5,0.2789164015206448
6242,0.6309297535714575,1.0,0.5,0.43067655807339306,1.0,0.25,0.0,0.0,0.07692307692307693,0.20025319549806447
6250,0.6309297535714575,1.0,0.5,1.0,1.0,1.0,0.43067655807339306,1.0,0.25,-0.36907024642854247
6254,0.8315546295836225,1.0,1.0,0.2640681225725909,0.5,0.25,0.8772153153380493,1.0,1.0,0.5674865070110315
6256,1.0,1.0,1.0,1.0,1.0,1.0,1.0,1.0,1.0,0.0
6259,1.0,1.0,1.0,0.5205067333228022,0.5,1.0,0.6366824387328317,0.5,1.0,0.4794932666771978
6260,0.9930783166417602,1.0,1.0,0.5435146988405244,0.8333333333333334,0.25,0.4430895440946125,0.5,0.5,0.44956361780123577
6266,1.0,1.0,1.0,0.43067655807339306,1.0,0.25,0.31546487678572877,1.0,0.125,0.5693234419266069
6268,0.0,0.0,0.05555555555555555,0.0,0.0,0.0,0.0,0.0,0.027777777777777776,0.0
6270,1.0,1.0,1.0,1.0,1.0,1.0,0.6309297535714575,1.0,0.5,0.0
6278,0.8772153153380493,1.0,1.0,0.23719771276929622,0.5,0.2,0.6131471927654584,0.5,1.0,0.6400176025687531
6286,0.8503449055347546,1.0,1.0,0.3065735963827292,0.5,0.3333333333333333,0.6131471927654584,0.5,1.0,0.5437713091520254
629,1.0,1.0,1.0,0.6366824387328317,0.5,1.0,0.5032251913410369,0.5,1.0,0.3633175612671683
6290,0.9558295932317544,1.0,1.0,0.5855700749881525,0.5,1.0,0.8597408875863228,1.0,1.0,0.3702595182436019
6292,0.0,0.0,0.07692307692307693,0.3562071871080222,1.0,0.16666666666666666,0.0,0.0,0.09090909090909091,-0.3562071871080222
6293,1.0,1.0,1.0,1.0,1.0,1.0,1.0,1.0,1.0,0.0
6299,0.73164900573283,0.8,1.0,0.38356636737133565,0.4,0.5,0.48522855511632257,0.4,1.0,0.34808263836149433
6303,1.0,1.0,1.0,1.0,1.0,1.0,1.0,1.0,1.0,0.0
6304,0.23463936301137822,0.3333333333333333,0.3333333333333333,0.0,0.0,0.024390243902439025,0.0,0.0,0.0196078431372549,0.23463936301137822
632,0.9674679834891693,1.0,1.0,1.0,1.0,1.0,0.6508205185601091,0.6666666666666666,1.0,-0.03253201651083071
6324,0.7039180890341347,0.6666666666666666,1.0,0.7653606369886217,0.6666666666666666,1.0,0.6508205185601091,0.6666666666666666,1.0,-0.061442547954487
6331,0.6508205185601091,0.6666666666666666,1.0,0.0,0.0,0.09090909090909091,0.18154179253735267,0.3333333333333333,0.2,0.6508205185601091
6332,0.6309297535714575,1.0,0.5,1.0,1.0,1.0,0.0,0.0,0.06666666666666667,-0.36907024642854247
6333,1.0,1.0,1.0,0.2890648263178879,1.0,0.1,1.0,1.0,1.0,0.7109351736821121
6337,1.0,1.0,1.0,1.0,1.0,1.0,1.0,1.0,1.0,0.0
634,0.33775931993299535,0.6666666666666666,0.25,0.8451850618939637,1.0,1.0,0.30281242839865,0.6666666666666666,0.16666666666666666,-0.5074257419609683
6343,1.0,1.0,1.0,0.3333333333333333,1.0,0.14285714285714285,1.0,1.0,1.0,0.6666666666666667
6345,0.0,0.0,0.0625,0.0,0.0,0.0,0.0,0.0,0.08333333333333333,0.0
6347,0.24630238874073,0.25,0.5,0.5585075862632192,0.5,1.0,0.8396538878217249,1.0,1.0,-0.3122051975224892
6348,1.0,1.0,1.0,1.0,1.0,1.0,1.0,1.0,1.0,0.0
6349,1.0,1.0,1.0,0.6934264036172708,1.0,0.5,0.5706417189553201,1.0,0.3333333333333333,0.3065735963827292
6357,0.0,0.0,0.013157894736842105,0.0,0.0,0.0,0.0,0.0,0.0,0.0
636,0.2716774977597197,0.4,0.3333333333333333,0.44615333764087994,0.4,1.0,0.3156484524795145,0.4,0.3333333333333333,-0.17447583988116022
6361,0.9550236580992476,1.0,1.0,0.5413996682199069,0.5,1.0,0.298254219601818,0.5,0.25,0.4136239898793407
6363,0.6309297535714575,1.0,0.5,0.3010299956639812,1.0,0.1111111111111111,0.31546487678572877,1.0,0.125,0.32989975790747633
6364,0.0,0.0,0.05,0.0,0.0,0.01639344262295082,0.3562071871080222,1.0,0.16666666666666666,0.0
6365,0.31546487678572877,1.0,0.125,0.0,0.0,0.045454545454545456,1.0,1.0,1.0,0.31546487678572877
6367,0.0,0.0,0.018518518518518517,0.0,0.0,0.017543859649122806,0.3562071871080222,1.0,0.16666666666666666,0.0
6375,0.2960819109658652,0.3333333333333333,0.5,0.35853358850813305,0.6666666666666666,0.25,0.5307212739772434,0.6666666666666666,0.5,-0.062451677542267825
6377,1.0,1.0,1.0,0.3562071871080222,1.0,0.16666666666666666,0.38685280723454163,1.0,0.2,0.6437928128919779
6378,0.6309297535714575,1.0,0.5,0.43067655807339306,1.0,0.25,1.0,1.0,1.0,0.20025319549806447
6382,0.3010299956639812,1.0,0.1111111111111111,0.5,1.0,0.3333333333333333,0.5,1.0,0.3333333333333333,-0.1989700043360188
639,1.0,1.0,1.0,0.0,0.0,0.037037037037037035,0.6309297535714575,1.0,0.5,1.0
6390,0.6653497124326151,1.0,0.5,0.6508205185601091,0.6666666666666666,1.0,0.2960819109658652,0.3333333333333333,0.5,0.014529193872505952
6395,0.6713860725233041,0.6666666666666666,1.0,0.7039180890341347,0.6666666666666666,1.0,0.46927872602275644,0.3333333333333333,1.0,-0.0325320165108306
6403,0.3562071871080222,1.0,0.16666666666666666,0.0,0.0,0.0,0.0,0.0,0.0,0.3562071871080222
6407,0.5,1.0,0.3333333333333333,0.5,1.0,0.3333333333333333,0.0,0.0,0.014925373134328358,0.0
6421,0.16716045496620227,0.3333333333333333,0.16666666666666666,0.29769321486741446,0.6666666666666666,0.14285714285714285,0.15642624200758548,0.3333333333333333,0.14285714285714285,-0.1305327599012122
6422,1.0,1.0,1.0,0.6309297535714575,1.0,0.5,0.5,1.0,0.3333333333333333,0.36907024642854247
6431,0.6309297535714575,1.0,0.5,1.0,1.0,1.0,1.0,1.0,1.0,-0.36907024642854247
6434,1.0,1.0,1.0,0.2890648263178879,1.0,0.1,0.0,0.0,0.041666666666666664,0.7109351736821121
6435,0.0,0.0,0.05555555555555555,0.6309297535714575,1.0,0.5,0.0,0.0,0.07692307692307693,-0.6309297535714575
6437,0.7903864795495061,1.0,1.0,0.6131471927654584,0.5,1.0,0.5,1.0,0.3333333333333333,0.17723928678404777
6440,0.15642624200758548,0.3333333333333333,0.14285714285714285,0.0,0.0,0.0,0.0,0.0,0.0,0.15642624200758548
6442,0.2640681225725909,0.5,0.25,0.0,0.0,0.02857142857142857,0.0,0.0,0.05263157894736842,0.2640681225725909
6458,0.0,0.0,0.0625,0.0,0.0,0.011494252873563218,1.0,1.0,1.0,0.0
6464,0.8451850618939637,1.0,1.0,1.0,1.0,1.0,0.0,0.0,0.0,-0.1548149381060363
6473,0.0,0.0,0.010416666666666666,0.0,0.0,0.027777777777777776,0.0,0.0,0.0,0.0
6475,1.0,1.0,1.0,0.6309297535714575,1.0,0.5,0.5,1.0,0.3333333333333333,0.36907024642854247
6481,0.3562071871080222,1.0,0.16666666666666666,0.0,0.0,0.023255813953488372,0.0,0.0,0.0,0.3562071871080222
649,0.46927872602275644,0.3333333333333333,1.0,0.6508205185601091,0.6666666666666666,1.0,0.38364913903790027,0.6666666666666666,0.25,-0.1815417925373527
6502,0.43067655807339306,1.0,0.25,0.0,0.0,0.03125,0.0,0.0,0.02,0.43067655807339306
6509,0.5855700749881525,0.5,1.0,0.3080351663449861,0.5,0.3333333333333333,0.32531670832675136,0.5,0.3333333333333333,0.2775349086431664
6512,0.0,0.0,0.027777777777777776,0.0,0.0,0.0,0.0,0.0,0.0,0.0
6517,0.0,0.0,0.041666666666666664,0.0,0.0,0.0196078431372549,0.0,0.0,0.022727272727272728,0.0
6527,0.9197207891481876,1.0,1.0,0.8772153153380493,1.0,1.0,0.5912352048230277,1.0,0.5,0.04250547381013825
6532,1.0,1.0,1.0,0.6309297535714575,1.0,0.5,1.0,1.0,1.0,0.36907024642854247
6536,0.38685280723454163,1.0,0.2,0.5,1.0,0.3333333333333333,1.0,1.0,1.0,-0.11314719276545837
6538,1.0,1.0,1.0,1.0,1.0,1.0,1.0,1.0,1.0,0.0
6544,1.0,1.0,1.0,0.43067655807339306,1.0,0.25,1.0,1.0,1.0,0.5693234419266069
6556,0.0,0.0,0.09090909090909091,0.0,0.0,0.0,0.0,0.0,0.0,0.0
6557,0.48247555939075504,1.0,0.25,0.39780880120575696,1.0,0.14285714285714285,0.9197207891481876,1.0,1.0,0.08466675818499808
6558,0.6309297535714575,1.0,0.5,1.0,1.0,1.0,1.0,1.0,1.0,-0.36907024642854247
6560,0.3065735963827292,0.5,0.3333333333333333,0.0,0.0,0.07692307692307693,0.0,0.0,0.011494252873563218,0.3065735963827292
657,1.0,1.0,1.0,0.6309297535714575,1.0,0.5,1.0,1.0,1.0,0.36907024642854247
6582,0.6309297535714575,1.0,0.5,1.0,1.0,1.0,0.0,0.0,0.0,-0.36907024642854247
6587,0.9469024295259745,1.0,1.0,0.7653606369886217,0.6666666666666666,1.0,0.6713860725233041,0.6666666666666666,1.0,0.1815417925373528
6588,1.0,1.0,1.0,1.0,1.0,1.0,1.0,1.0,1.0,0.0
6590,0.9325210919548239,1.0,1.0,0.8854598815714874,1.0,1.0,0.6508205185601091,0.6666666666666666,1.0,0.04706121038333655
6592,0.46927872602275644,0.3333333333333333,1.0,0.0,0.0,0.0,0.0,0.0,0.010309278350515464,0.46927872602275644
6594,0.3342333539402822,0.5,0.3333333333333333,0.0,0.0,0.0136986301369863,0.0,0.0,0.0625,0.3342333539402822
660,0.3391602052736161,0.2,1.0,0.6661998717660157,0.6,1.0,0.3156484524795145,0.4,0.3333333333333333,-0.32703966649239957
6613,0.5437713091520254,1.0,0.3333333333333333,0.6934264036172708,1.0,0.5,0.20438239758848611,0.5,0.14285714285714285,-0.1496550944652454
6624,0.5855700749881525,0.5,1.0,0.0,0.0,0.08333333333333333,0.6525874238732422,0.75,1.0,0.5855700749881525
6639,1.0,1.0,1.0,0.38685280723454163,1.0,0.2,1.0,1.0,1.0,0.6131471927654584
6642,1.0,1.0,1.0,1.0,1.0,1.0,1.0,1.0,1.0,0.0
6676,0.2640681225725909,0.5,0.25,0.0,0.0,0.07692307692307693,0.38685280723454163,0.5,0.5,0.2640681225725909
6677,1.0,1.0,1.0,0.6934264036172708,1.0,0.5,0.3065735963827292,0.5,0.3333333333333333,0.3065735963827292
6680,0.0,0.0,0.0,0.0,0.0,0.0,0.0,0.0,0.0,0.0
6681,0.0,0.0,0.03125,0.0,0.0,0.0,0.0,0.0,0.0,0.0
6682,0.6309297535714575,1.0,0.5,0.6309297535714575,1.0,0.5,0.0,0.0,0.06666666666666667,0.0
6699,1.0,1.0,1.0,0.5,1.0,0.3333333333333333,1.0,1.0,1.0,0.5
67,1.0,1.0,1.0,1.0,1.0,1.0,1.0,1.0,1.0,0.0
6701,1.0,1.0,1.0,0.8065735963827293,1.0,1.0,0.6934264036172708,1.0,0.5,0.1934264036172707
6703,0.0,0.0,0.09090909090909091,0.0,0.0,0.0,0.0,0.0,0.0,0.0
6706,0.3333333333333333,1.0,0.14285714285714285,0.0,0.0,0.037037037037037035,0.6309297535714575,1.0,0.5,0.3333333333333333
6708,0.8772153153380493,1.0,1.0,1.0,1.0,1.0,0.6131471927654584,0.5,1.0,-0.1227846846619507
6709,0.9197207891481876,1.0,1.0,0.8772153153380493,1.0,1.0,0.0,0.0,0.0,0.04250547381013825
6710,0.5296347172140421,0.6,0.5,0.3806727902260371,0.6,0.3333333333333333,0.13120507751234178,0.2,0.2,0.14896192698800498
6729,0.38685280723454163,1.0,0.2,0.5,1.0,0.3333333333333333,0.0,0.0,0.0,-0.11314719276545837
6733,0.5,1.0,0.3333333333333333,0.38685280723454163,1.0,0.2,0.0,0.0,0.08333333333333333,0.11314719276545837
6751,1.0,1.0,1.0,0.0,0.0,0.0,1.0,1.0,1.0,1.0
6753,0.3333333333333333,1.0,0.14285714285714285,0.0,0.0,0.011111111111111112,0.0,0.0,0.0,0.3333333333333333
6771,1.0,1.0,1.0,0.8503449055347546,1.0,1.0,0.8772153153380493,1.0,1.0,0.1496550944652454
6778,1.0,1.0,1.0,0.6309297535714575,1.0,0.5,0.43067655807339306,1.0,0.25,0.36907024642854247
6782,1.0,1.0,1.0,1.0,1.0,1.0,1.0,1.0,1.0,0.0
6792,0.7653606369886217,0.6666666666666666,1.0,0.617319681505689,0.6666666666666666,1.0,0.46927872602275644,0.3333333333333333,1.0,0.1480409554829326
6794,0.8065735963827293,1.0,1.0,0.6131471927654584,0.5,1.0,0.7977228895450266,1.0,1.0,0.19342640361727093
6798,0.6309297535714575,1.0,0.5,0.5,1.0,0.3333333333333333,0.5,1.0,0.3333333333333333,0.13092975357145753
6800,0.39780880120575696,1.0,0.14285714285714285,0.5012658353418871,1.0,0.25,0.0,0.0,0.02857142857142857,-0.10345703413613011
6808,0.38268031849431083,0.6666666666666666,0.3333333333333333,0.6182885020492784,1.0,0.3333333333333333,0.45646838330896394,1.0,0.16666666666666666,-0.2356081835549676
6825,1.0,1.0,1.0,0.0,0.0,0.02564102564102564,0.6309297535714575,1.0,0.5,1.0
6826,1.0,1.0,1.0,0.18457569677956817,0.5,0.1111111111111111,0.0,0.0,0.047619047619047616,0.8154243032204318
6832,1.0,1.0,1.0,1.0,1.0,1.0,1.0,1.0,1.0,0.0
6838,0.9674679834891693,1.0,1.0,0.5239472913541398,1.0,0.3333333333333333,0.617319681505689,0.6666666666666666,1.0,0.44352069213502954
6840,1.0,1.0,1.0,1.0,1.0,1.0,0.0,0.0,0.038461538461538464,0.0
6844,1.0,1.0,1.0,0.6240505200038379,1.0,0.5,1.0,1.0,1.0,0.37594947999616213
6848,1.0,1.0,1.0,1.0,1.0,1.0,1.0,1.0,1.0,0.0
6852,1.0,1.0,1.0,1.0,1.0,1.0,1.0,1.0,1.0,0.0
6856,0.0,0.0,0.0625,0.0,0.0,0.025,0.0,0.0,0.0,0.0
6862,0.6309297535714575,1.0,0.5,0.0,0.0,0.0,0.0,0.0,0.020833333333333332,0.6309297535714575
6866,0.6462302129493456,1.0,0.5,0.7653606369886217,0.6666666666666666,1.0,0.3171937659698004,0.6666666666666666,0.2,-0.1191304240392761
6867,1.0,1.0,1.0,0.6131471927654584,0.5,1.0,0.8772153153380493,1.0,1.0,0.38685280723454163
6874,0.8442380676954223,1.0,1.0,0.7496812513391778,1.0,0.5,0.8886733622104969,1.0,1.0,0.09455681635624447
6878,1.0,1.0,1.0,1.0,1.0,1.0,0.8175295903539445,1.0,1.0,0.0
6880,1.0,1.0,1.0,1.0,1.0,1.0,0.3562071871080222,1.0,0.16666666666666666,0.0
6887,0.6309297535714575,1.0,0.5,0.5,1.0,0.3333333333333333,0.5,1.0,0.3333333333333333,0.13092975357145753
6889,0.3562071871080222,1.0,0.16666666666666666,0.0,0.0,0.04,0.0,0.0,0.07142857142857142,0.3562071871080222
689,1.0,1.0,1.0,1.0,1.0,1.0,0.6309297535714575,1.0,0.5,0.0
6891,0.3501483019834802,0.6666666666666666,0.25,0.0,0.0,0.058823529411764705,0.1480409554829326,0.3333333333333333,0.125,0.3501483019834802
6899,0.9197207891481876,1.0,1.0,0.6131471927654584,0.5,1.0,0.38685280723454163,0.5,0.5,0.3065735963827292
6905,1.0,1.0,1.0,1.0,1.0,1.0,0.31546487678572877,1.0,0.125,0.0
6918,0.9197207891481876,1.0,1.0,1.0,1.0,1.0,0.8315546295836225,1.0,1.0,-0.08027921085181244
6925,1.0,1.0,1.0,0.3333333333333333,1.0,0.14285714285714285,1.0,1.0,1.0,0.6666666666666667
6927,0.430624116386567,1.0,0.2,0.23719771276929622,0.5,0.2,0.0,0.0,0.010101010101010102,0.1934264036172708
6937,0.9469024295259745,1.0,1.0,0.3152014104491349,0.6666666666666666,0.16666666666666666,0.9469024295259745,1.0,1.0,0.6317010190768395
6956,0.6309297535714575,1.0,0.5,0.5,1.0,0.3333333333333333,1.0,1.0,1.0,0.13092975357145753
696,0.31546487678572877,1.0,0.125,1.0,1.0,1.0,0.43067655807339306,1.0,0.25,-0.6845351232142712
697,1.0,1.0,1.0,0.6309297535714575,1.0,0.5,1.0,1.0,1.0,0.36907024642854247
6974,0.5,1.0,0.3333333333333333,0.0,0.0,0.07692307692307693,1.0,1.0,1.0,0.5
6981,0.0,0.0,0.0,0.0,0.0,0.0,0.0,0.0,0.0,0.0
6983,0.6309297535714575,1.0,0.5,0.5,1.0,0.3333333333333333,0.43067655807339306,1.0,0.25,0.13092975357145753
6984,1.0,1.0,1.0,1.0,1.0,1.0,0.6309297535714575,1.0,0.5,0.0
6989,1.0,1.0,1.0,1.0,1.0,1.0,1.0,1.0,1.0,0.0
6990,1.0,1.0,1.0,0.0,0.0,0.03125,1.0,1.0,1.0,1.0
6994,0.3333333333333333,1.0,0.14285714285714285,0.5,1.0,0.3333333333333333,0.38685280723454163,1.0,0.2,-0.16666666666666669
6995,1.0,1.0,1.0,0.9197207891481876,1.0,1.0,1.0,1.0,1.0,0.08027921085181244
7001,0.43067655807339306,1.0,0.25,0.31546487678572877,1.0,0.125,0.0,0.0,0.0125,0.11521168128766429
7007,0.6309297535714575,1.0,0.5,0.6309297535714575,1.0,0.5,0.5,1.0,0.3333333333333333,0.0
701,0.6309297535714575,1.0,0.5,0.5,1.0,0.3333333333333333,0.5,1.0,0.3333333333333333,0.13092975357145753
7012,1.0,1.0,1.0,1.0,1.0,1.0,1.0,1.0,1.0,0.0
7029,0.7653606369886217,0.6666666666666666,1.0,0.2960819109658652,0.3333333333333333,0.5,0.18154179253735267,0.3333333333333333,0.2,0.46927872602275644
7030,1.0,1.0,1.0,1.0,1.0,1.0,1.0,1.0,1.0,0.0
7031,0.3065735963827292,0.5,0.3333333333333333,0.0,0.0,0.0,0.38685280723454163,0.5,0.5,0.3065735963827292
7034,0.8065735963827293,1.0,1.0,0.6934264036172708,1.0,0.5,0.6131471927654584,0.5,1.0,0.11314719276545848
7040,1.0,1.0,1.0,0.43067655807339306,1.0,0.25,0.6309297535714575,1.0,0.5,0.5693234419266069
7044,0.6309297535714575,1.0,0.5,1.0,1.0,1.0,1.0,1.0,1.0,-0.36907024642854247
7045,1.0,1.0,1.0,0.31546487678572877,1.0,0.125,1.0,1.0,1.0,0.6845351232142712
7049,0.9134015924715543,1.0,1.0,0.2960819109658652,0.3333333333333333,0.5,0.2960819109658652,0.3333333333333333,0.5,0.617319681505689
7058,1.0,1.0,1.0,1.0,1.0,1.0,0.0,0.0,0.07142857142857142,0.0
7060,1.0,1.0,1.0,1.0,1.0,1.0,1.0,1.0,1.0,0.0
7070,0.5,1.0,0.3333333333333333,1.0,1.0,1.0,0.0,0.0,0.0,-0.5
7071,0.6309297535714575,1.0,0.5,0.3333333333333333,1.0,0.14285714285714285,0.6309297535714575,1.0,0.5,0.2975964202381242
7073,0.6309297535714575,1.0,0.5,0.6309297535714575,1.0,0.5,0.5,1.0,0.3333333333333333,0.0
7078,1.0,1.0,1.0,0.0,0.0,0.011904761904761904,0.0,0.0,0.012048192771084338,1.0
7096,0.0,0.0,0.0,0.0,0.0,0.014285714285714285,0.0,0.0,0.020833333333333332,0.0
7097,1.0,1.0,1.0,0.43067655807339306,1.0,0.25,0.6309297535714575,1.0,0.5,0.5693234419266069
7113,0.6052602440527057,1.0,0.5,0.6934264036172708,1.0,0.5,0.21840743681816419,0.5,0.16666666666666666,-0.08816615956456508
7120,1.0,1.0,1.0,0.8503449055347546,1.0,1.0,0.8772153153380493,1.0,1.0,0.1496550944652454
7123,0.43067655807339306,1.0,0.25,0.0,0.0,0.016666666666666666,0.0,0.0,0.024390243902439025,0.43067655807339306
7129,0.615733440277688,0.6,1.0,0.21398626473452756,0.2,0.5,0.3391602052736161,0.2,1.0,0.4017471755431604
7132,1.0,1.0,1.0,0.3562071871080222,1.0,0.16666666666666666,1.0,1.0,1.0,0.6437928128919779
7133,1.0,1.0,1.0,1.0,1.0,1.0,1.0,1.0,1.0,0.0
7137,0.6309297535714575,1.0,0.5,0.5,1.0,0.3333333333333333,1.0,1.0,1.0,0.13092975357145753
7138,1.0,1.0,1.0,0.6309297535714575,1.0,0.5,0.5,1.0,0.3333333333333333,0.36907024642854247
7146,1.0,1.0,1.0,0.0,0.0,0.017543859649122806,1.0,1.0,1.0,1.0
716,0.6309297535714575,1.0,0.5,0.2890648263178879,1.0,0.1,0.2890648263178879,1.0,0.1,0.34186492725356965
7162,0.9197207891481876,1.0,1.0,0.6240505200038379,1.0,0.5,0.23719771276929622,0.5,0.2,0.2956702691443497
7164,0.0,0.0,0.0,0.0,0.0,0.0,0.0,0.0,0.0,0.0
7166,0.43067655807339306,1.0,0.25,0.0,0.0,0.08333333333333333,0.3333333333333333,1.0,0.14285714285714285,0.43067655807339306
7167,0.6309297535714575,1.0,0.5,0.6309297535714575,1.0,0.5,0.0,0.0,0.07692307692307693,0.0
7172,1.0,1.0,1.0,1.0,1.0,1.0,0.0,0.0,0.0,0.0
7176,1.0,1.0,1.0,1.0,1.0,1.0,1.0,1.0,1.0,0.0
718,0.6309297535714575,1.0,0.5,1.0,1.0,1.0,0.2890648263178879,1.0,0.1,-0.36907024642854247
719,1.0,1.0,1.0,0.6309297535714575,1.0,0.5,0.43067655807339306,1.0,0.25,0.36907024642854247
7193,0.38685280723454163,0.5,0.5,0.3065735963827292,0.5,0.3333333333333333,0.0,0.0,0.07142857142857142,0.08027921085181244
7194,1.0,1.0,1.0,0.6309297535714575,1.0,0.5,1.0,1.0,1.0,0.36907024642854247
7196,0.4415801103577823,1.0,0.2,0.0,0.0,0.014705882352941176,0.20438239758848611,0.5,0.14285714285714285,0.4415801103577823
7201,0.8772153153380493,1.0,1.0,0.38685280723454163,0.5,0.5,0.6131471927654584,0.5,1.0,0.4903625081035077
7204,0.9217868789962071,1.0,1.0,0.9674679834891693,1.0,1.0,0.9217868789962071,1.0,1.0,-0.045681104492962143
7211,0.38685280723454163,1.0,0.2,1.0,1.0,1.0,0.6309297535714575,1.0,0.5,-0.6131471927654584
7220,1.0,1.0,1.0,0.2640681225725909,0.5,0.25,0.2640681225725909,0.5,0.25,0.7359318774274091
7223,1.0,1.0,1.0,0.0,0.0,0.0,1.0,1.0,1.0,1.0
7229,0.5,1.0,0.3333333333333333,0.0,0.0,0.0625,0.0,0.0,0.038461538461538464,0.5
723,0.0,0.0,0.041666666666666664,0.0,0.0,0.04,0.0,0.0,0.0,0.0
7231,1.0,1.0,1.0,0.5,1.0,0.3333333333333333,1.0,1.0,1.0,0.5
7232,0.6843515475204855,0.6,1.0,0.616868840006589,0.8,0.5,0.5531464700081437,0.4,1.0,0.06748270751389651
724,0.9197207891481876,1.0,1.0,0.6934264036172708,1.0,0.5,0.6131471927654584,0.5,1.0,0.22629438553091674
7242,0.9558295932317544,1.0,1.0,0.7365896932159578,0.75,1.0,0.8285418996677884,1.0,1.0,0.21923990001579663
7245,0.6309297535714575,1.0,0.5,0.31546487678572877,1.0,0.125,0.0,0.0,0.0,0.31546487678572877
7249,0.8315546295836225,1.0,1.0,0.8772153153380493,1.0,1.0,0.48247555939075504,1.0,0.25,-0.04566068575442683
7251,1.0,1.0,1.0,1.0,1.0,1.0,1.0,1.0,1.0,0.0
7253,0.38685280723454163,0.5,0.5,0.5714285040141098,1.0,0.5,0.48247555939075504,1.0,0.25,-0.1845756967795682
7254,1.0,1.0,1.0,0.0,0.0,0.0,0.6309297535714575,1.0,0.5,1.0
7255,0.6934264036172708,1.0,0.5,0.0,0.0,0.014285714285714285,0.0,0.0,0.07692307692307693,0.6934264036172708
7257,1.0,1.0,1.0,1.0,1.0,1.0,1.0,1.0,1.0,0.0
7273,0.0,0.0,0.023809523809523808,0.0,0.0,0.0,0.0,0.0,0.01818181818181818,0.0
7274,0.3333333333333333,1.0,0.14285714285714285,0.0,0.0,0.0,0.0,0.0,0.018867924528301886,0.3333333333333333
7281,1.0,1.0,1.0,1.0,1.0,1.0,1.0,1.0,1.0,0.0
7282,0.0,0.0,0.03571428571428571,0.0,0.0,0.0,0.5,1.0,0.3333333333333333,0.0
7295,1.0,1.0,1.0,0.6309297535714575,1.0,0.5,0.5,1.0,0.3333333333333333,0.36907024642854247
73,0.5627057907248065,0.8333333333333334,0.3333333333333333,0.8706086854269929,0.8333333333333334,1.0,0.0,0.0,0.04,-0.30790289470218635
7300,0.5,1.0,0.3333333333333333,1.0,1.0,1.0,0.0,0.0,0.0,-0.5
7309,0.6309297535714575,1.0,0.5,0.38685280723454163,1.0,0.2,0.2890648263178879,1.0,0.1,0.2440769463369159
7317,1.0,1.0,1.0,1.0,1.0,1.0,1.0,1.0,1.0,0.0
7320,0.6934264036172708,1.0,0.5,0.17723928678404774,0.5,0.1,0.0,0.0,0.020833333333333332,0.516187116833223
7325,1.0,1.0,1.0,0.5,1.0,0.3333333333333333,0.43067655807339306,1.0,0.25,0.5
7326,0.6257049680303419,0.6666666666666666,1.0,0.617319681505689,0.6666666666666666,1.0,0.46927872602275644,0.3333333333333333,1.0,0.008385286524652869
733,0.9066276098484507,1.0,1.0,0.2960819109658652,0.3333333333333333,0.5,0.46927872602275644,0.3333333333333333,1.0,0.6105456988825855
7334,0.6309297535714575,1.0,0.5,0.5,1.0,0.3333333333333333,0.43067655807339306,1.0,0.25,0.13092975357145753
7340,0.49818925746641285,0.6666666666666666,0.5,0.7039180890341347,0.6666666666666666,1.0,0.0,0.0,0.025,-0.20572883156772181
7346,1.0,1.0,1.0,0.7039180890341347,0.6666666666666666,1.0,0.8854598815714874,1.0,1.0,0.29608191096586534
7352,0.0,0.0,0.058823529411764705,0.0,0.0,0.034482758620689655,0.3065735963827292,0.5,0.3333333333333333,0.0
7357,0.2640681225725909,0.5,0.25,0.19342640361727081,0.5,0.125,0.3065735963827292,0.5,0.3333333333333333,0.07064171895532007
7358,0.0,0.0,0.0,0.0,0.0,0.0,0.0,0.0,0.0,0.0
7363,1.0,1.0,1.0,0.0,0.0,0.0,0.6309297535714575,1.0,0.5,1.0
7365,1.0,1.0,1.0,0.9619991470595832,1.0,1.0,0.9619991470595832,1.0,1.0,0.038000852940416774
7366,1.0,1.0,1.0,1.0,1.0,1.0,0.5,1.0,0.3333333333333333,0.0
7367,0.38685280723454163,0.5,0.5,0.0,0.0,0.047619047619047616,0.0,0.0,0.045454545454545456,0.38685280723454163
7371,0.3903800499921017,0.25,1.0,0.3797234786375678,0.75,0.16666666666666666,0.0,0.0,0.015873015873015872,0.010656571354533906
7372,0.6131471927654584,0.5,1.0,0.3065735963827292,0.5,0.3333333333333333,0.6131471927654584,0.5,1.0,0.3065735963827292
7374,1.0,1.0,1.0,0.8175295903539445,1.0,1.0,0.0,0.0,0.0625,0.18247040964605554
7376,0.9197207891481876,1.0,1.0,0.5912352048230277,1.0,0.5,0.23719771276929622,0.5,0.2,0.32848558432515984
7377,0.38685280723454163,1.0,0.2,0.0,0.0,0.0,0.0,0.0,0.0,0.38685280723454163
7380,0.23719771276929622,0.5,0.2,0.0,0.0,0.029411764705882353,0.40298313359773236,1.0,0.16666666666666666,0.23719771276929622
7386,1.0,1.0,1.0,0.6309297535714575,1.0,0.5,0.6309297535714575,1.0,0.5,0.36907024642854247
7394,1.0,1.0,1.0,0.7246262544989281,0.75,1.0,0.8318724637288826,0.75,1.0,0.27537374550107185
7396,0.6309297535714575,1.0,0.5,0.31546487678572877,1.0,0.125,0.43067655807339306,1.0,0.25,0.31546487678572877
740,1.0,1.0,1.0,0.6309297535714575,1.0,0.5,0.0,0.0,0.09090909090909091,0.36907024642854247
7407,1.0,1.0,1.0,1.0,1.0,1.0,1.0,1.0,1.0,0.0
7412,0.867749820489524,1.0,1.0,0.45221360703148816,0.4,1.0,0.21398626473452756,0.2,0.5,0.4155362134580358
7413,0.0,0.0,0.09090909090909091,0.0,0.0,0.043478260869565216,0.3010299956639812,1.0,0.1111111111111111,0.0
7414,0.6525874238732422,0.75,1.0,0.13905617951077562,0.25,0.16666666666666666,0.0,0.0,0.09090909090909091,0.5135312443624666
7418,1.0,1.0,1.0,1.0,1.0,1.0,1.0,1.0,1.0,0.0
7425,1.0,1.0,1.0,1.0,1.0,1.0,0.5,1.0,0.3333333333333333,0.0
7429,1.0,1.0,1.0,0.3562071871080222,1.0,0.16666666666666666,0.5,1.0,0.3333333333333333,0.6437928128919779
7431,0.5,1.0,0.3333333333333333,0.3562071871080222,1.0,0.16666666666666666,0.2890648263178879,1.0,0.1,0.14379281289197782
7454,0.8706086854269929,0.8333333333333334,1.0,0.5064767203222518,0.6666666666666666,0.3333333333333333,0.5064767203222518,0.6666666666666666,0.3333333333333333,0.3641319651047411
746,0.6309297535714575,1.0,0.5,0.6309297535714575,1.0,0.5,0.0,0.0,0.037037037037037035,0.0
7460,0.0,0.0,0.0625,0.0,0.0,0.07692307692307693,0.38685280723454163,1.0,0.2,0.0
7463,0.0,0.0,0.04,0.0,0.0,0.043478260869565216,0.0,0.0,0.08333333333333333,0.0
7468,1.0,1.0,1.0,1.0,1.0,1.0,1.0,1.0,1.0,0.0
747,1.0,1.0,1.0,0.8503449055347546,1.0,1.0,1.0,1.0,1.0,0.1496550944652454
7473,0.0,0.0,0.0,0.0,0.0,0.0,0.0,0.0,0.0,0.0
7487,0.0,0.0,0.0,0.0,0.0,0.0,0.0,0.0,0.024390243902439025,0.0
7489,0.6309297535714575,1.0,0.5,1.0,1.0,1.0,0.0,0.0,0.05263157894736842,-0.36907024642854247
7499,0.9134015924715543,1.0,1.0,0.43734888382569426,0.6666666666666666,0.5,0.3044671974905181,0.6666666666666666,0.14285714285714285,0.47605270864586
750,1.0,1.0,1.0,0.9197207891481876,1.0,1.0,0.2640681225725909,0.5,0.25,0.08027921085181244
7503,0.3333333333333333,1.0,0.14285714285714285,0.0,0.0,0.0,0.0,0.0,0.0,0.3333333333333333
7515,0.9197207891481876,1.0,1.0,1.0,1.0,1.0,1.0,1.0,1.0,-0.08027921085181244
752,0.0,0.0,0.08333333333333333,0.0,0.0,0.0,0.17723928678404774,0.5,0.1,0.0
7532,0.3562071871080222,1.0,0.16666666666666666,0.0,0.0,0.05555555555555555,1.0,1.0,1.0,0.3562071871080222
7538,1.0,1.0,1.0,1.0,1.0,1.0,0.43067655807339306,1.0,0.25,0.0
7553,0.6509209298071326,1.0,0.5,0.6052602440527057,1.0,0.5,0.6509209298071326,1.0,0.5,0.04566068575442683
7560,1.0,1.0,1.0,0.6131471927654584,0.5,1.0,0.5802792108518124,1.0,0.5,0.38685280723454163
7564,0.5706417189553201,1.0,0.3333333333333333,0.6131471927654584,0.5,1.0,0.6131471927654584,0.5,1.0,-0.04250547381013825
7566,0.6364391809889587,0.6666666666666666,1.0,0.7039180890341347,0.6666666666666666,1.0,0.0,0.0,0.09090909090909091,-0.06747890804517598
7568,0.21840743681816419,0.5,0.16666666666666666,0.38685280723454163,0.5,0.5,0.38685280723454163,0.5,0.5,-0.16844537041637744
7579,0.6309297535714575,1.0,0.5,1.0,1.0,1.0,0.5,1.0,0.3333333333333333,-0.36907024642854247
759,1.0,1.0,1.0,1.0,1.0,1.0,1.0,1.0,1.0,0.0
7590,0.6309297535714575,1.0,0.5,1.0,1.0,1.0,1.0,1.0,1.0,-0.36907024642854247
7594,1.0,1.0,1.0,1.0,1.0,1.0,0.6309297535714575,1.0,0.5,0.0
7597,1.0,1.0,1.0,0.38685280723454163,1.0,0.2,0.43067655807339306,1.0,0.25,0.6131471927654584
7599,0.38685280723454163,1.0,0.2,1.0,1.0,1.0,0.0,0.0,0.0,-0.6131471927654584
7603,1.0,1.0,1.0,0.6131471927654584,0.5,1.0,0.6240505200038379,1.0,0.5,0.38685280723454163
7605,1.0,1.0,1.0,0.6309297535714575,1.0,0.5,1.0,1.0,1.0,0.36907024642854247
761,1.0,1.0,1.0,0.5,1.0,0.3333333333333333,1.0,1.0,1.0,0.5
7613,0.43067655807339306,1.0,0.25,1.0,1.0,1.0,1.0,1.0,1.0,-0.5693234419266069
7615,1.0,1.0,1.0,0.8315546295836225,1.0,1.0,0.0,0.0,0.020833333333333332,0.16844537041637753
7616,1.0,1.0,1.0,0.0,0.0,0.012195121951219513,1.0,1.0,1.0,1.0
7618,0.9550236580992476,1.0,1.0,0.5205067333228022,0.5,1.0,0.5205067333228022,0.5,1.0,0.43451692477644543
762,0.38685280723454163,0.5,0.5,0.23719771276929622,0.5,0.2,0.2640681225725909,0.5,0.25,0.14965509446524541
7623,0.43067655807339306,1.0,0.25,0.6309297535714575,1.0,0.5,0.0,0.0,0.014925373134328358,-0.20025319549806447
7625,0.0,0.0,0.043478260869565216,0.0,0.0,0.030303030303030304,0.3562071871080222,1.0,0.16666666666666666,0.0
763,0.0,0.0,0.09090909090909091,0.6309297535714575,1.0,0.5,0.0,0.0,0.030303030303030304,-0.6309297535714575
7633,0.0,0.0,0.06666666666666667,0.0,0.0,0.0,0.0,0.0,0.0,0.0
7634,0.38685280723454163,0.5,0.5,0.0,0.0,0.06666666666666667,0.0,0.0,0.015873015873015872,0.38685280723454163
7638,1.0,1.0,1.0,0.2890648263178879,1.0,0.1,0.5,1.0,0.3333333333333333,0.7109351736821121
765,1.0,1.0,1.0,0.0,0.0,0.09090909090909091,1.0,1.0,1.0,1.0
7654,1.0,1.0,1.0,0.0,0.0,0.02857142857142857,0.6309297535714575,1.0,0.5,1.0
7655,0.0,0.0,0.0,0.0,0.0,0.0,0.0,0.0,0.0,0.0
7666,1.0,1.0,1.0,0.9197207891481876,1.0,1.0,1.0,1.0,1.0,0.08027921085181244
7667,0.3562071871080222,1.0,0.16666666666666666,0.0,0.0,0.08333333333333333,0.0,0.0,0.043478260869565216,0.3562071871080222
7671,0.0,0.0,0.0,0.0,0.0,0.0,0.0,0.0,0.0,0.0
7673,0.6309297535714575,1.0,0.5,1.0,1.0,1.0,0.0,0.0,0.030303030303030304,-0.36907024642854247
7679,0.5249810332008933,1.0,0.3333333333333333,0.0,0.0,0.07142857142857142,0.21840743681816419,0.5,0.16666666666666666,0.5249810332008933
7684,0.6309297535714575,1.0,0.5,0.3333333333333333,1.0,0.14285714285714285,0.0,0.0,0.058823529411764705,0.2975964202381242
7688,0.0,0.0,0.03571428571428571,0.0,0.0,0.016129032258064516,0.0,0.0,0.018867924528301886,0.0
7698,0.46927872602275644,0.3333333333333333,1.0,0.0,0.0,0.08333333333333333,0.14126697285982898,0.3333333333333333,0.1111111111111111,0.46927872602275644
77,0.3010299956639812,1.0,0.1111111111111111,0.0,0.0,0.0,0.0,0.0,0.08333333333333333,0.3010299956639812
770,1.0,1.0,1.0,0.6131471927654584,0.5,1.0,0.3065735963827292,0.5,0.3333333333333333,0.38685280723454163
7701,1.0,1.0,1.0,0.5,1.0,0.3333333333333333,0.5,1.0,0.3333333333333333,0.5
7708,0.0,0.0,0.010309278350515464,0.5,1.0,0.3333333333333333,0.43067655807339306,1.0,0.25,-0.5
771,0.9197207891481876,1.0,1.0,0.6131471927654584,0.5,1.0,0.6131471927654584,0.5,1.0,0.3065735963827292
7713,1.0,1.0,1.0,1.0,1.0,1.0,1.0,1.0,1.0,0.0
7718,1.0,1.0,1.0,1.0,1.0,1.0,1.0,1.0,1.0,0.0
772,0.8772153153380493,1.0,1.0,0.6240505200038379,1.0,0.5,0.8503449055347546,1.0,1.0,0.25316479533421143
7723,1.0,1.0,1.0,1.0,1.0,1.0,1.0,1.0,1.0,0.0
7724,0.7606395682357036,1.0,0.5,0.7224650913568336,1.0,0.5,0.6386364459525711,1.0,0.5,0.03817447687886999
7733,1.0,1.0,1.0,1.0,1.0,1.0,1.0,1.0,1.0,0.0
7737,0.6240505200038379,1.0,0.5,0.8772153153380493,1.0,1.0,0.19342640361727081,0.5,0.125,-0.25316479533421143
774,0.6131471927654584,0.5,1.0,0.6131471927654584,0.5,1.0,0.21840743681816419,0.5,0.16666666666666666,0.0
7742,0.8315546295836225,1.0,1.0,0.8315546295836225,1.0,1.0,0.19342640361727081,0.5,0.125,0.0
7749,0.9197207891481876,1.0,1.0,0.8772153153380493,1.0,1.0,0.38685280723454163,0.5,0.5,0.04250547381013825
7754,0.46927872602275644,0.3333333333333333,1.0,0.46927872602275644,0.3333333333333333,1.0,0.0,0.0,0.09090909090909091,0.0
7765,1.0,1.0,1.0,0.0,0.0,0.06666666666666667,1.0,1.0,1.0,1.0
7769,1.0,1.0,1.0,0.0,0.0,0.07142857142857142,0.6309297535714575,1.0,0.5,1.0
7781,0.2890648263178879,1.0,0.1,0.5,1.0,0.3333333333333333,0.0,0.0,0.0,-0.21093517368211212
7792,0.42177340954886444,1.0,0.2,0.5,1.0,0.3333333333333333,0.21840743681816419,0.5,0.16666666666666666,-0.07822659045113556
7801,1.0,1.0,1.0,0.23719771276929622,0.5,0.2,1.0,1.0,1.0,0.7628022872307038
7805,0.5,1.0,0.3333333333333333,0.3562071871080222,1.0,0.16666666666666666,1.0,1.0,1.0,0.14379281289197782
7806,0.7328286204777911,1.0,0.5,0.7039180890341347,0.6666666666666666,1.0,0.5183322919267586,1.0,0.3333333333333333,0.028910531443656406
7807,0.0,0.0,0.019230769230769232,0.0,0.0,0.014285714285714285,0.0,0.0,0.05263157894736842,0.0
7809,1.0,1.0,1.0,0.31546487678572877,1.0,0.125,0.0,0.0,0.03571428571428571,0.6845351232142712
7812,0.6713860725233041,0.6666666666666666,1.0,0.7653606369886217,0.6666666666666666,1.0,0.4367467095119258,0.6666666666666666,0.3333333333333333,-0.0939745644653176
7819,0.8065735963827293,1.0,1.0,0.3065735963827292,0.5,0.3333333333333333,1.0,1.0,1.0,0.5000000000000001
7821,1.0,1.0,1.0,0.38685280723454163,0.5,0.5,1.0,1.0,1.0,0.6131471927654584
7823,0.9197207891481876,1.0,1.0,0.6131471927654584,0.5,1.0,0.6131471927654584,0.5,1.0,0.3065735963827292
7837,0.6309297535714575,1.0,0.5,0.0,0.0,0.05555555555555555,0.5,1.0,0.3333333333333333,0.6309297535714575
7842,0.5,1.0,0.3333333333333333,1.0,1.0,1.0,0.5,1.0,0.3333333333333333,-0.5
7843,1.0,1.0,1.0,1.0,1.0,1.0,1.0,1.0,1.0,0.0
785,0.6131471927654584,0.5,1.0,0.6131471927654584,0.5,1.0,0.0,0.0,0.043478260869565216,0.0
7863,1.0,1.0,1.0,1.0,1.0,1.0,1.0,1.0,1.0,0.0
7864,0.6934264036172708,1.0,0.5,0.6131471927654584,0.5,1.0,0.3065735963827292,0.5,0.3333333333333333,0.08027921085181244
7865,1.0,1.0,1.0,0.0,0.0,0.07142857142857142,1.0,1.0,1.0,1.0
7870,0.19342640361727081,0.5,0.125,0.6052602440527057,1.0,0.5,0.0,0.0,0.06666666666666667,-0.4118338404354349
7889,0.6131471927654584,0.5,1.0,0.6131471927654584,0.5,1.0,0.6131471927654584,0.5,1.0,0.0
7890,1.0,1.0,1.0,0.9060254355346823,1.0,1.0,0.0,0.0,0.05,0.09397456446531771
7891,0.5,1.0,0.3333333333333333,0.0,0.0,0.0,0.0,0.0,0.07142857142857142,0.5
7898,1.0,1.0,1.0,1.0,1.0,1.0,1.0,1.0,1.0,0.0
7903,0.3889580943680543,1.0,0.14285714285714285,0.8065735963827293,1.0,1.0,0.20438239758848611,0.5,0.14285714285714285,-0.417615502014675
7912,0.3333333333333333,1.0,0.14285714285714285,0.0,0.0,0.0,0.0,0.0,0.0,0.3333333333333333
7913,1.0,1.0,1.0,1.0,1.0,1.0,0.6309297535714575,1.0,0.5,0.0
7915,0.6309297535714575,1.0,0.5,1.0,1.0,1.0,1.0,1.0,1.0,-0.36907024642854247
7916,1.0,1.0,1.0,1.0,1.0,1.0,1.0,1.0,1.0,0.0
7918,1.0,1.0,1.0,0.0,0.0,0.017857142857142856,1.0,1.0,1.0,1.0
7919,0.6309297535714575,1.0,0.5,0.6309297535714575,1.0,0.5,0.0,0.0,0.07692307692307693,0.0
792,1.0,1.0,1.0,0.6309297535714575,1.0,0.5,0.6309297535714575,1.0,0.5,0.36907024642854247
7931,1.0,1.0,1.0,1.0,1.0,1.0,1.0,1.0,1.0,0.0
7935,0.8772153153380493,1.0,1.0,0.6131471927654584,0.5,1.0,0.8772153153380493,1.0,1.0,0.26406812257259094
7938,0.6309297535714575,1.0,0.5,1.0,1.0,1.0,0.3333333333333333,1.0,0.14285714285714285,-0.36907024642854247
7939,1.0,1.0,1.0,0.8315546295836225,1.0,1.0,0.2640681225725909,0.5,0.25,0.16844537041637753
7943,0.6309297535714575,1.0,0.5,1.0,1.0,1.0,0.6309297535714575,1.0,0.5,-0.36907024642854247
7944,1.0,1.0,1.0,1.0,1.0,1.0,0.6309297535714575,1.0,0.5,0.0
7950,1.0,1.0,1.0,0.3562071871080222,1.0,0.16666666666666666,0.6309297535714575,1.0,0.5,0.6437928128919779
7953,1.0,1.0,1.0,1.0,1.0,1.0,1.0,1.0,1.0,0.0
7957,1.0,1.0,1.0,0.43067655807339306,1.0,0.25,0.6309297535714575,1.0,0.5,0.5693234419266069
7974,1.0,1.0,1.0,1.0,1.0,1.0,0.43067655807339306,1.0,0.25,0.0
7978,0.2960819109658652,0.3333333333333333,0.5,0.0,0.0,0.012345679012345678,0.15642624200758548,0.3333333333333333,0.14285714285714285,0.2960819109658652
7980,1.0,1.0,1.0,1.0,1.0,1.0,0.3562071871080222,1.0,0.16666666666666666,0.0
7981,1.0,1.0,1.0,0.9674679834891693,1.0,1.0,0.9060254355346823,1.0,1.0,0.03253201651083071
7982,1.0,1.0,1.0,1.0,1.0,1.0,0.0,0.0,0.07692307692307693,0.0
7986,1.0,1.0,1.0,1.0,1.0,1.0,1.0,1.0,1.0,0.0
7995,1.0,1.0,1.0,0.2890648263178879,1.0,0.1,0.6309297535714575,1.0,0.5,0.7109351736821121
7996,1.0,1.0,1.0,1.0,1.0,1.0,1.0,1.0,1.0,0.0
8000,1.0,1.0,1.0,0.38685280723454163,1.0,0.2,1.0,1.0,1.0,0.6131471927654584
8016,0.9197207891481876,1.0,1.0,0.6509209298071326,1.0,0.5,0.20438239758848611,0.5,0.14285714285714285,0.268799859341055
802,0.6240505200038379,1.0,0.5,0.8772153153380493,1.0,1.0,0.38685280723454163,0.5,0.5,-0.25316479533421143
8022,0.17723928678404774,0.5,0.1,0.0,0.0,0.09090909090909091,0.0,0.0,0.06666666666666667,0.17723928678404774
8031,1.0,1.0,1.0,0.43067655807339306,1.0,0.25,0.0,0.0,0.08333333333333333,0.5693234419266069
8036,0.0,0.0,0.0625,0.0,0.0,0.03571428571428571,0.0,0.0,0.03571428571428571,0.0
8041,0.5249810332008933,1.0,0.3333333333333333,0.5249810332008933,1.0,0.3333333333333333,0.23719771276929622,0.5,0.2,0.0
8056,0.0,0.0,0.034482758620689655,0.0,0.0,0.0,0.0,0.0,0.05263157894736842,0.0
8057,0.6309297535714575,1.0,0.5,0.38685280723454163,1.0,0.2,0.0,0.0,0.045454545454545456,0.2440769463369159
8058,0.6131471927654584,0.5,1.0,0.6131471927654584,0.5,1.0,0.6131471927654584,0.5,1.0,0.0
8059,0.9068250379649666,1.0,1.0,0.2001366809542687,0.4,0.1111111111111111,0.20503241819862084,0.4,0.125,0.7066883570106979
8065,0.5,1.0,0.3333333333333333,0.5,1.0,0.3333333333333333,1.0,1.0,1.0,0.0
8066,1.0,1.0,1.0,1.0,1.0,1.0,1.0,1.0,1.0,0.0
8073,0.6978817289434457,1.0,0.5,0.4367467095119258,0.6666666666666666,0.3333333333333333,0.4967432029864875,1.0,0.2,0.2611350194315199
8077,0.0,0.0,0.05263157894736842,0.0,0.0,0.0,0.0,0.0,0.037037037037037035,0.0
8082,0.6240505200038379,1.0,0.5,0.38685280723454163,0.5,0.5,0.3065735963827292,0.5,0.3333333333333333,0.23719771276929624
8083,0.5,1.0,0.3333333333333333,0.43067655807339306,1.0,0.25,0.3010299956639812,1.0,0.1111111111111111,0.06932344192660694
8085,0.0,0.0,0.047619047619047616,0.0,0.0,0.08333333333333333,0.0,0.0,0.04,0.0
8089,0.6309297535714575,1.0,0.5,1.0,1.0,1.0,0.38685280723454163,1.0,0.2,-0.36907024642854247
8099,1.0,1.0,1.0,0.0,0.0,0.0,0.20438239758848611,0.5,0.14285714285714285,1.0
8106,0.0,0.0,0.011904761904761904,0.0,0.0,0.0,0.0,0.0,0.0,0.0
812,1.0,1.0,1.0,0.9197207891481876,1.0,1.0,0.6934264036172708,1.0,0.5,0.08027921085181244
8124,0.6713860725233041,0.6666666666666666,1.0,0.7039180890341347,0.6666666666666666,1.0,0.7039180890341347,0.6666666666666666,1.0,-0.0325320165108306
8125,1.0,1.0,1.0,0.0,0.0,0.058823529411764705,1.0,1.0,1.0,1.0
8127,0.5,1.0,0.3333333333333333,0.6309297535714575,1.0,0.5,0.43067655807339306,1.0,0.25,-0.13092975357145753
813,1.0,1.0,1.0,1.0,1.0,1.0,0.43067655807339306,1.0,0.25,0.0
8132,0.6039071644781281,1.0,0.3333333333333333,0.9060254355346823,1.0,1.0,0.18154179253735267,0.3333333333333333,0.2,-0.3021182710565542
8134,1.0,1.0,1.0,1.0,1.0,1.0,1.0,1.0,1.0,0.0
8137,0.6052602440527057,1.0,0.5,0.0,0.0,0.09090909090909091,0.6131471927654584,0.5,1.0,0.6052602440527057
8138,1.0,1.0,1.0,1.0,1.0,1.0,0.0,0.0,0.017857142857142856,0.0
8148,1.0,1.0,1.0,0.0,0.0,0.05,1.0,1.0,1.0,1.0
8149,1.0,1.0,1.0,0.0,0.0,0.030303030303030304,1.0,1.0,1.0,1.0
8153,1.0,1.0,1.0,0.5,1.0,0.3333333333333333,1.0,1.0,1.0,0.5
8163,0.6131471927654584,0.5,1.0,0.7977228895450266,1.0,1.0,1.0,1.0,1.0,-0.1845756967795682
8165,0.38685280723454163,0.5,0.5,0.0,0.0,0.07142857142857142,0.6131471927654584,0.5,1.0,0.38685280723454163
8182,1.0,1.0,1.0,0.7039180890341347,0.6666666666666666,1.0,0.46927872602275644,0.3333333333333333,1.0,0.29608191096586534
8187,0.6309297535714575,1.0,0.5,0.3010299956639812,1.0,0.1111111111111111,0.0,0.0,0.03225806451612903,0.32989975790747633
8201,1.0,1.0,1.0,0.0,0.0,0.025,0.6309297535714575,1.0,0.5,1.0
8210,0.5,1.0,0.3333333333333333,1.0,1.0,1.0,1.0,1.0,1.0,-0.5
8212,1.0,1.0,1.0,0.6131471927654584,0.5,1.0,0.3065735963827292,0.5,0.3333333333333333,0.38685280723454163
8216,0.6131471927654584,0.5,1.0,0.3065735963827292,0.5,0.3333333333333333,0.3065735963827292,0.5,0.3333333333333333,0.3065735963827292
8221,0.6309297535714575,1.0,0.5,0.6309297535714575,1.0,0.5,0.0,0.0,0.0,0.0
8226,0.8503449055347546,1.0,1.0,0.6131471927654584,0.5,1.0,0.8503449055347546,1.0,1.0,0.23719771276929624
8228,0.3333333333333333,1.0,0.14285714285714285,0.0,0.0,0.02631578947368421,0.0,0.0,0.029411764705882353,0.3333333333333333
823,0.38685280723454163,0.5,0.5,0.430624116386567,1.0,0.2,0.48247555939075504,1.0,0.25,-0.04377130915202537
8232,0.6309297535714575,1.0,0.5,0.43067655807339306,1.0,0.25,1.0,1.0,1.0,0.20025319549806447
8237,1.0,1.0,1.0,0.0,0.0,0.0,1.0,1.0,1.0,1.0
8240,0.34164240818656216,0.375,0.5,0.32908604348504067,0.25,1.0,0.0,0.0,0.034482758620689655,0.012556364701521494
8241,1.0,1.0,1.0,0.0,0.0,0.04,1.0,1.0,1.0,1.0
8247,0.7607566881222602,0.8,1.0,0.6295516106099184,0.6,1.0,0.0,0.0,0.09090909090909091,0.13120507751234178
8250,0.31546487678572877,1.0,0.125,0.0,0.0,0.034482758620689655,0.0,0.0,0.015151515151515152,0.31546487678572877
8252,0.36331756126716835,0.5,0.3333333333333333,0.5855700749881525,0.5,1.0,0.123151194370365,0.25,0.125,-0.22225251372098415
8253,0.2640681225725909,0.5,0.25,0.0,0.0,0.037037037037037035,0.0,0.0,0.01694915254237288,0.2640681225725909
8255,0.19342640361727081,0.5,0.125,0.6131471927654584,0.5,1.0,0.17723928678404774,0.5,0.1,-0.41972078914818756
8257,0.0,0.0,0.041666666666666664,0.0,0.0,0.0,0.0,0.0,0.02040816326530612,0.0
8258,1.0,1.0,1.0,0.6309297535714575,1.0,0.5,0.0,0.0,0.0625,0.36907024642854247
8264,0.3391602052736161,0.2,1.0,0.3391602052736161,0.2,1.0,0.2188505885308512,0.4,0.16666666666666666,0.0
8265,1.0,1.0,1.0,0.0,0.0,0.0,0.6309297535714575,1.0,0.5,1.0
8276,1.0,1.0,1.0,1.0,1.0,1.0,0.0,0.0,0.09090909090909091,0.0
8280,1.0,1.0,1.0,0.0,0.0,0.0,1.0,1.0,1.0,1.0
8281,0.5,1.0,0.3333333333333333,0.0,0.0,0.01,0.3333333333333333,1.0,0.14285714285714285,0.5
8287,0.6309297535714575,1.0,0.5,0.0,0.0,0.0,0.0,0.0,0.0,0.6309297535714575
8292,0.787646629489165,0.8571428571428571,1.0,0.7479452570977632,0.7142857142857143,1.0,0.08274602130532002,0.14285714285714285,0.1111111111111111,0.03970137239140181
8293,1.0,1.0,1.0,1.0,1.0,1.0,1.0,1.0,1.0,0.0
8295,0.38685280723454163,0.5,0.5,0.2640681225725909,0.5,0.25,0.2640681225725909,0.5,0.25,0.12278468466195075
8306,1.0,1.0,1.0,0.6309297535714575,1.0,0.5,0.5,1.0,0.3333333333333333,0.36907024642854247
831,0.6131471927654584,0.5,1.0,0.17723928678404774,0.5,0.1,0.5802792108518124,1.0,0.5,0.4359079059814106
8312,1.0,1.0,1.0,0.0,0.0,0.0,0.5,1.0,0.3333333333333333,1.0
8314,0.0,0.0,0.045454545454545456,0.45749452618986164,1.0,0.25,0.0,0.0,0.0,-0.45749452618986164
8316,0.0,0.0,0.012658227848101266,0.6131471927654584,0.5,1.0,0.0,0.0,0.0,-0.6131471927654584
8317,1.0,1.0,1.0,1.0,1.0,1.0,1.0,1.0,1.0,0.0
8318,0.9197207891481876,1.0,1.0,1.0,1.0,1.0,0.3065735963827292,0.5,0.3333333333333333,-0.08027921085181244
8319,0.4864687556375333,0.75,0.3333333333333333,0.29127873064148246,0.5,0.25,0.34620964322385606,0.5,0.3333333333333333,0.19519002499605081
832,0.617319681505689,0.6666666666666666,1.0,0.6338412308988606,1.0,0.5,0.6257049680303419,0.6666666666666666,1.0,-0.01652154939317152
8321,1.0,1.0,1.0,0.6469523342593044,0.75,1.0,0.8318724637288826,0.75,1.0,0.35304766574069557
8322,0.3333333333333333,1.0,0.14285714285714285,0.0,0.0,0.0,0.0,0.0,0.09090909090909091,0.3333333333333333
8326,1.0,1.0,1.0,0.5,1.0,0.3333333333333333,1.0,1.0,1.0,0.5
8333,0.6131471927654584,0.5,1.0,0.6934264036172708,1.0,0.5,0.8315546295836225,1.0,1.0,-0.08027921085181244
8336,0.4367467095119258,0.6666666666666666,0.3333333333333333,0.6508205185601091,0.6666666666666666,1.0,0.23463936301137822,0.3333333333333333,0.3333333333333333,-0.21407380904818335
8338,1.0,1.0,1.0,0.5,1.0,0.3333333333333333,0.5,1.0,0.3333333333333333,0.5
8340,1.0,1.0,1.0,1.0,1.0,1.0,0.3333333333333333,1.0,0.14285714285714285,0.0
8345,0.6366824387328317,0.5,1.0,0.3903800499921017,0.25,1.0,0.19519002499605084,0.25,0.3333333333333333,0.24630238874073002
8350,0.9197207891481876,1.0,1.0,0.0,0.0,0.0,0.8772153153380493,1.0,1.0,0.9197207891481876
8355,0.0,0.0,0.043478260869565216,0.0,0.0,0.017241379310344827,0.20438239758848611,0.5,0.14285714285714285,0.0
8356,0.3065735963827292,0.5,0.3333333333333333,0.0,0.0,0.06666666666666667,0.0,0.0,0.027777777777777776,0.3065735963827292
8379,0.0,0.0,0.07692307692307693,0.31546487678572877,1.0,0.125,0.43067655807339306,1.0,0.25,-0.31546487678572877
8383,0.21840743681816419,0.5,0.16666666666666666,0.2640681225725909,0.5,0.25,0.20438239758848611,0.5,0.14285714285714285,-0.045660685754426694
8384,0.6509209298071326,1.0,0.5,0.0,0.0,0.0,0.8772153153380493,1.0,1.0,0.6509209298071326
8385,1.0,1.0,1.0,1.0,1.0,1.0,1.0,1.0,1.0,0.0
8386,0.8772153153380493,1.0,1.0,0.8503449055347546,1.0,1.0,0.38685280723454163,0.5,0.5,0.026870409803294693
8389,0.8829374068620365,0.8333333333333334,1.0,0.644824486427155,0.5,1.0,0.983303248698947,1.0,1.0,0.23811292043488153
8390,0.4716276524567204,1.0,0.16666666666666666,0.2960819109658652,0.3333333333333333,0.5,0.23463936301137822,0.3333333333333333,0.3333333333333333,0.17554574149085517
8396,1.0,1.0,1.0,1.0,1.0,1.0,1.0,1.0,1.0,0.0
8397,1.0,1.0,1.0,0.0,0.0,0.05263157894736842,0.5,1.0,0.3333333333333333,1.0
84,0.0,0.0,0.037037037037037035,1.0,1.0,1.0,0.0,0.0,0.034482758620689655,-1.0
840,1.0,1.0,1.0,1.0,1.0,1.0,1.0,1.0,1.0,0.0
8401,1.0,1.0,1.0,1.0,1.0,1.0,0.6309297535714575,1.0,0.5,0.0
8414,0.5307212739772434,0.6666666666666666,0.5,0.0,0.0,0.029411764705882353,0.16716045496620227,0.3333333333333333,0.16666666666666666,0.5307212739772434
8415,1.0,1.0,1.0,0.3010299956639812,1.0,0.1111111111111111,0.6309297535714575,1.0,0.5,0.6989700043360187
8417,0.38685280723454163,0.5,0.5,0.6131471927654584,0.5,1.0,0.0,0.0,0.01,-0.22629438553091674
8418,0.0,0.0,0.07142857142857142,0.0,0.0,0.027777777777777776,0.0,0.0,0.05555555555555555,0.0
842,0.9197207891481876,1.0,1.0,0.6131471927654584,0.5,1.0,0.6131471927654584,0.5,1.0,0.3065735963827292
8421,1.0,1.0,1.0,1.0,1.0,1.0,1.0,1.0,1.0,0.0
8428,0.0,0.0,0.07142857142857142,0.2640681225725909,0.5,0.25,0.21840743681816419,0.5,0.16666666666666666,-0.2640681225725909
8432,0.6934264036172708,1.0,0.5,0.0,0.0,0.06666666666666667,0.0,0.0,0.0,0.6934264036172708
8440,1.0,1.0,1.0,1.0,1.0,1.0,0.0,0.0,0.0,0.0
8443,0.6131471927654584,0.5,1.0,0.6131471927654584,0.5,1.0,0.0,0.0,0.0,0.0
8464,1.0,1.0,1.0,0.3010299956639812,1.0,0.1111111111111111,0.6309297535714575,1.0,0.5,0.6989700043360187
8469,1.0,1.0,1.0,1.0,1.0,1.0,1.0,1.0,1.0,0.0
847,0.6131471927654584,0.5,1.0,0.2640681225725909,0.5,0.25,0.19342640361727081,0.5,0.125,0.3490790701928675
8473,0.6934264036172708,1.0,0.5,1.0,1.0,1.0,0.5249810332008933,1.0,0.3333333333333333,-0.3065735963827292
8487,0.0,0.0,0.09090909090909091,0.6131471927654584,0.5,1.0,0.0,0.0,0.0,-0.6131471927654584
849,0.6713860725233041,0.6666666666666666,1.0,0.9066276098484507,1.0,1.0,0.15642624200758548,0.3333333333333333,0.14285714285714285,-0.23524153732514663
8490,0.0,0.0,0.045454545454545456,0.0,0.0,0.0,0.0,0.0,0.0,0.0
8491,0.38685280723454163,1.0,0.2,0.0,0.0,0.015625,0.0,0.0,0.09090909090909091,0.38685280723454163
8493,1.0,1.0,1.0,0.0,0.0,0.09090909090909091,0.17723928678404774,0.5,0.1,1.0
8495,1.0,1.0,1.0,1.0,1.0,1.0,0.0,0.0,0.058823529411764705,0.0
850,0.3152014104491349,0.6666666666666666,0.16666666666666666,0.34870224750355494,0.6666666666666666,0.2,0.0,0.0,0.0,-0.03350083705442003
8503,1.0,1.0,1.0,1.0,1.0,1.0,1.0,1.0,1.0,0.0
8508,1.0,1.0,1.0,0.6309297535714575,1.0,0.5,0.0,0.0,0.03333333333333333,0.36907024642854247
8512,0.9828920819566879,1.0,1.0,1.0,1.0,1.0,0.6366824387328317,0.5,1.0,-0.01710791804331213
8520,0.6131471927654584,0.5,1.0,0.38685280723454163,0.5,0.5,0.3065735963827292,0.5,0.3333333333333333,0.22629438553091674
8521,0.0,0.0,0.0,0.0,0.0,0.0,0.0,0.0,0.0,0.0
8522,0.43067655807339306,1.0,0.25,0.38685280723454163,1.0,0.2,0.0,0.0,0.0,0.04382375083885143
8523,1.0,1.0,1.0,1.0,1.0,1.0,1.0,1.0,1.0,0.0
8526,1.0,1.0,1.0,0.8772153153380493,1.0,1.0,1.0,1.0,1.0,0.1227846846619507
8527,0.0,0.0,0.0,0.0,0.0,0.0,0.0,0.0,0.0,0.0
8528,0.8503449055347546,1.0,1.0,0.5912352048230277,1.0,0.5,0.5012658353418871,1.0,0.25,0.2591097007117269
853,0.3065735963827292,0.5,0.3333333333333333,0.6131471927654584,0.5,1.0,0.6131471927654584,0.5,1.0,-0.3065735963827292
8531,0.0,0.0,0.024390243902439025,0.0,0.0,0.0625,0.0,0.0,0.0,0.0
8540,0.38685280723454163,0.5,0.5,0.6131471927654584,0.5,1.0,0.6131471927654584,0.5,1.0,-0.22629438553091674
8544,0.6309297535714575,1.0,0.5,0.5,1.0,0.3333333333333333,0.0,0.0,0.038461538461538464,0.13092975357145753
8552,0.0,0.0,0.07692307692307693,0.0,0.0,0.0,0.0,0.0,0.08333333333333333,0.0
8559,0.9674679834891693,1.0,1.0,1.0,1.0,1.0,0.9674679834891693,1.0,1.0,-0.03253201651083071
8564,0.8503449055347546,1.0,1.0,0.6131471927654584,0.5,1.0,0.21840743681816419,0.5,0.16666666666666666,0.23719771276929624
8571,0.8772153153380493,1.0,1.0,0.8175295903539445,1.0,1.0,0.448643819352159,1.0,0.25,0.05968572498410485
8573,1.0,1.0,1.0,0.6309297535714575,1.0,0.5,0.5,1.0,0.3333333333333333,0.36907024642854247
8574,0.6309297535714575,1.0,0.5,0.5,1.0,0.3333333333333333,0.31546487678572877,1.0,0.125,0.13092975357145753
8578,0.6934264036172708,1.0,0.5,0.4911492931622974,1.0,0.3333333333333333,0.448643819352159,1.0,0.25,0.20227711045497343
8579,0.6309297535714575,1.0,0.5,0.3010299956639812,1.0,0.1111111111111111,1.0,1.0,1.0,0.32989975790747633
8586,1.0,1.0,1.0,1.0,1.0,1.0,1.0,1.0,1.0,0.0
8588,1.0,1.0,1.0,0.0,0.0,0.045454545454545456,0.6309297535714575,1.0,0.5,1.0
8590,0.9930783166417602,1.0,1.0,0.892210845475489,0.8333333333333334,1.0,0.29178833734520576,0.3333333333333333,0.5,0.10086747116627115
8593,0.4852658227346317,0.75,0.3333333333333333,0.715696758318853,0.75,1.0,0.0,0.0,0.02702702702702703,-0.23043093558422134
8597,0.3562071871080222,1.0,0.16666666666666666,0.0,0.0,0.0,0.3562071871080222,1.0,0.16666666666666666,0.3562071871080222
8599,0.6257049680303419,0.6666666666666666,1.0,0.6105456988825855,0.6666666666666666,1.0,0.16716045496620227,0.3333333333333333,0.16666666666666666,0.015159269147756449
860,0.5706417189553201,1.0,0.3333333333333333,0.6131471927654584,0.5,1.0,0.0,0.0,0.047619047619047616,-0.04250547381013825
8605,0.5,1.0,0.3333333333333333,1.0,1.0,1.0,0.0,0.0,0.06666666666666667,-0.5
8606,0.6309297535714575,1.0,0.5,0.6309297535714575,1.0,0.5,0.2890648263178879,1.0,0.1,0.0
8610,0.7653606369886217,0.6666666666666666,1.0,0.0,0.0,0.041666666666666664,1.0,1.0,1.0,0.7653606369886217
8613,0.5391065605018962,1.0,0.3333333333333333,0.0,0.0,0.05263157894736842,0.2960819109658652,0.3333333333333333,0.5,0.5391065605018962
8622,0.39780880120575696,1.0,0.14285714285714285,0.0,0.0,0.027777777777777776,0.0,0.0,0.07692307692307693,0.39780880120575696
8625,0.3010299956639812,1.0,0.1111111111111111,0.6309297535714575,1.0,0.5,0.38685280723454163,1.0,0.2,-0.32989975790747633
8628,1.0,1.0,1.0,1.0,1.0,1.0,1.0,1.0,1.0,0.0
864,0.4776237035032179,0.6666666666666666,0.5,0.0,0.0,0.045454545454545456,0.0,0.0,0.03125,0.4776237035032179
8642,0.3333333333333333,1.0,0.14285714285714285,0.3010299956639812,1.0,0.1111111111111111,0.31546487678572877,1.0,0.125,0.03230333766935212
8651,0.18154179253735267,0.3333333333333333,0.2,0.18154179253735267,0.3333333333333333,0.2,0.0,0.0,0.027777777777777776,0.0
8652,0.0,0.0,0.04,0.0,0.0,0.01020408163265306,0.0,0.0,0.0625,0.0
8659,1.0,1.0,1.0,0.38685280723454163,1.0,0.2,0.0,0.0,0.0,0.6131471927654584
866,1.0,1.0,1.0,1.0,1.0,1.0,1.0,1.0,1.0,0.0
8660,1.0,1.0,1.0,0.43067655807339306,1.0,0.25,0.38685280723454163,1.0,0.2,0.5693234419266069
8661,1.0,1.0,1.0,1.0,1.0,1.0,1.0,1.0,1.0,0.0
8664,0.9558295932317544,1.0,1.0,0.876848805629635,1.0,1.0,0.8756458727267334,1.0,1.0,0.07898078760211946
8669,0.0,0.0,0.025,0.0,0.0,0.014925373134328358,0.0,0.0,0.02631578947368421,0.0
867,1.0,1.0,1.0,0.20438239758848611,0.5,0.14285714285714285,1.0,1.0,1.0,0.7956176024115139
8673,1.0,1.0,1.0,1.0,1.0,1.0,0.38685280723454163,1.0,0.2,0.0
8679,0.3562071871080222,1.0,0.16666666666666666,0.0,0.0,0.05555555555555555,0.0,0.0,0.029411764705882353,0.3562071871080222
8680,0.6309297535714575,1.0,0.5,1.0,1.0,1.0,0.2890648263178879,1.0,0.1,-0.36907024642854247
8682,0.892210845475489,0.8333333333333334,1.0,0.35455079436338494,0.5,0.3333333333333333,0.8325036712789009,0.8333333333333334,1.0,0.5376600511121041
8684,0.43067655807339306,1.0,0.25,0.3562071871080222,1.0,0.16666666666666666,0.0,0.0,0.016129032258064516,0.07446937096537087
870,0.41618115554873086,0.6666666666666666,0.3333333333333333,0.23463936301137822,0.3333333333333333,0.3333333333333333,0.41618115554873086,0.6666666666666666,0.3333333333333333,0.18154179253735264
8705,1.0,1.0,1.0,0.9197207891481876,1.0,1.0,0.3065735963827292,0.5,0.3333333333333333,0.08027921085181244
8709,1.0,1.0,1.0,0.5,1.0,0.3333333333333333,0.6309297535714575,1.0,0.5,0.5
8711,1.0,1.0,1.0,1.0,1.0,1.0,1.0,1.0,1.0,0.0
8717,0.3235866969737877,0.6666666666666666,0.16666666666666666,0.7653606369886217,0.6666666666666666,1.0,0.0,0.0,0.023809523809523808,-0.44177394001483394
8720,1.0,1.0,1.0,0.8175295903539445,1.0,1.0,0.5714285040141098,1.0,0.5,0.18247040964605554
8721,0.3333333333333333,1.0,0.14285714285714285,0.0,0.0,0.034482758620689655,0.5,1.0,0.3333333333333333,0.3333333333333333
8730,0.8503449055347546,1.0,1.0,0.8315546295836225,1.0,1.0,0.0,0.0,0.07692307692307693,0.01879027595113214
8731,1.0,1.0,1.0,0.6309297535714575,1.0,0.5,1.0,1.0,1.0,0.36907024642854247
8739,1.0,1.0,1.0,0.5,1.0,0.3333333333333333,0.5,1.0,0.3333333333333333,0.5
8746,1.0,1.0,1.0,0.6309297535714575,1.0,0.5,0.38685280723454163,1.0,0.2,0.36907024642854247
875,1.0,1.0,1.0,0.6309297535714575,1.0,0.5,0.0,0.0,0.02127659574468085,0.36907024642854247
8753,0.8503449055347546,1.0,1.0,0.0,0.0,0.01818181818181818,0.9197207891481876,1.0,1.0,0.8503449055347546
8757,1.0,1.0,1.0,0.6366824387328317,0.5,1.0,0.9267582364714126,1.0,1.0,0.3633175612671683
8761,1.0,1.0,1.0,0.3010299956639812,1.0,0.1111111111111111,0.3010299956639812,1.0,0.1111111111111111,0.6989700043360187
8766,1.0,1.0,1.0,1.0,1.0,1.0,1.0,1.0,1.0,0.0
8779,0.0,0.0,0.0,0.0,0.0,0.04,0.3333333333333333,1.0,0.14285714285714285,0.0
878,1.0,1.0,1.0,0.6309297535714575,1.0,0.5,1.0,1.0,1.0,0.36907024642854247
8781,0.9674679834891693,1.0,1.0,0.13565197343244778,0.3333333333333333,0.1,0.9674679834891693,1.0,1.0,0.8318160100567216
8797,1.0,1.0,1.0,0.38685280723454163,1.0,0.2,0.38685280723454163,1.0,0.2,0.6131471927654584
8799,1.0,1.0,1.0,0.9197207891481876,1.0,1.0,0.6934264036172708,1.0,0.5,0.08027921085181244
88,0.21840743681816419,0.5,0.16666666666666666,0.0,0.0,0.0,0.0,0.0,0.021739130434782608,0.21840743681816419
8802,0.7495275800817669,0.75,1.0,0.5855700749881525,0.5,1.0,0.787702056960637,0.75,1.0,0.1639575050936144
8806,0.3562071871080222,1.0,0.16666666666666666,0.0,0.0,0.01282051282051282,0.0,0.0,0.010526315789473684,0.3562071871080222
8809,0.0,0.0,0.0,0.0,0.0,0.0,0.0,0.0,0.0,0.0
8820,0.8772153153380493,1.0,1.0,0.17723928678404774,0.5,0.1,0.0,0.0,0.043478260869565216,0.6999760285540015
8825,0.7246262544989281,0.75,1.0,0.3903800499921017,0.25,1.0,0.4144299250118475,0.5,0.5,0.33424620450682646
8830,0.6309297535714575,1.0,0.5,1.0,1.0,1.0,0.3562071871080222,1.0,0.16666666666666666,-0.36907024642854247
8833,0.6309297535714575,1.0,0.5,0.38685280723454163,1.0,0.2,0.3333333333333333,1.0,0.14285714285714285,0.2440769463369159
8835,1.0,1.0,1.0,1.0,1.0,1.0,1.0,1.0,1.0,0.0
8836,0.43067655807339306,1.0,0.25,0.0,0.0,0.0,0.5,1.0,0.3333333333333333,0.43067655807339306
8840,0.6240505200038379,1.0,0.5,0.0,0.0,0.047619047619047616,0.6131471927654584,0.5,1.0,0.6240505200038379
8843,0.3562071871080222,1.0,0.16666666666666666,0.0,0.0,0.038461538461538464,0.0,0.0,0.015384615384615385,0.3562071871080222
8849,0.38685280723454163,1.0,0.2,0.0,0.0,0.0625,0.0,0.0,0.041666666666666664,0.38685280723454163
8856,1.0,1.0,1.0,1.0,1.0,1.0,1.0,1.0,1.0,0.0
8857,1.0,1.0,1.0,0.7653606369886217,0.6666666666666666,1.0,0.7864724919925569,1.0,1.0,0.23463936301137833
8864,1.0,1.0,1.0,1.0,1.0,1.0,1.0,1.0,1.0,0.0
8870,1.0,1.0,1.0,0.0,0.0,0.0,0.43067655807339306,1.0,0.25,1.0
8873,1.0,1.0,1.0,0.0,0.0,0.034482758620689655,0.5,1.0,0.3333333333333333,1.0
8888,1.0,1.0,1.0,1.0,1.0,1.0,1.0,1.0,1.0,0.0
889,0.6131471927654584,0.5,1.0,0.0,0.0,0.0625,0.6131471927654584,0.5,1.0,0.6131471927654584
8895,0.6309297535714575,1.0,0.5,0.6309297535714575,1.0,0.5,0.0,0.0,0.058823529411764705,0.0
8896,0.28097267762005274,0.5,0.25,0.0,0.0,0.0,0.123151194370365,0.25,0.125,0.28097267762005274
890,0.3010299956639812,1.0,0.1111111111111111,0.0,0.0,0.0,0.0,0.0,0.021739130434782608,0.3010299956639812
8903,0.31546487678572877,1.0,0.125,0.0,0.0,0.0,0.0,0.0,0.0,0.31546487678572877
8904,0.5392968862278849,0.6,1.0,0.7238911047912078,0.8,1.0,0.6024169559021868,0.8,0.5,-0.18459421856332292
8913,0.6309297535714575,1.0,0.5,0.0,0.0,0.017857142857142856,0.0,0.0,0.01098901098901099,0.6309297535714575
8918,1.0,1.0,1.0,1.0,1.0,1.0,1.0,1.0,1.0,0.0
8922,0.43067655807339306,1.0,0.25,0.0,0.0,0.011235955056179775,0.0,0.0,0.0,0.43067655807339306
8923,0.43067655807339306,1.0,0.25,0.3562071871080222,1.0,0.16666666666666666,0.3333333333333333,1.0,0.14285714285714285,0.07446937096537087
8924,0.9197207891481876,1.0,1.0,0.5640920940185894,1.0,0.5,0.9197207891481876,1.0,1.0,0.35562869512959816
8929,0.8048099750039491,0.75,1.0,0.5855700749881525,0.5,1.0,0.2691828628414762,0.5,0.16666666666666666,0.21923990001579663
8937,0.8529278650606567,1.0,1.0,0.431733884398313,0.6666666666666666,0.5,0.46927872602275644,0.3333333333333333,1.0,0.42119398066234365
8942,0.38685280723454163,0.5,0.5,0.6131471927654584,0.5,1.0,0.0,0.0,0.0,-0.22629438553091674
8943,0.7227265726449519,0.6,1.0,0.6843515475204855,0.6,1.0,0.5087403079104241,0.4,1.0,0.03837502512446633
8947,0.6131471927654584,0.5,1.0,0.8065735963827293,1.0,1.0,0.6131471927654584,0.5,1.0,-0.19342640361727093
8950,0.8503449055347546,1.0,1.0,0.6131471927654584,0.5,1.0,0.18457569677956817,0.5,0.1111111111111111,0.23719771276929624
8954,0.0,0.0,0.058823529411764705,0.0,0.0,0.015873015873015872,0.0,0.0,0.0,0.0
8957,0.8065735963827293,1.0,1.0,0.38685280723454163,0.5,0.5,0.38685280723454163,0.5,0.5,0.41972078914818767
8960,0.6548086577531307,0.6,1.0,0.7052750892414584,0.8,1.0,0.23386470445736623,0.4,0.16666666666666666,-0.050466431488327745
8963,1.0,1.0,1.0,1.0,1.0,1.0,1.0,1.0,1.0,0.0
8968,0.9674679834891693,1.0,1.0,0.7864724919925569,1.0,1.0,0.23463936301137822,0.3333333333333333,0.3333333333333333,0.18099549149661243
897,0.18457569677956817,0.5,0.1111111111111111,0.6131471927654584,0.5,1.0,0.0,0.0,0.034482758620689655,-0.42857149598589017
8971,1.0,1.0,1.0,1.0,1.0,1.0,1.0,1.0,1.0,0.0
8984,0.9197207891481876,1.0,1.0,0.7977228895450266,1.0,1.0,0.7977228895450266,1.0,1.0,0.12199789960316099
8986,1.0,1.0,1.0,0.6309297535714575,1.0,0.5,1.0,1.0,1.0,0.36907024642854247
8997,1.0,1.0,1.0,1.0,1.0,1.0,0.7977228895450266,1.0,1.0,0.0
8999,1.0,1.0,1.0,1.0,1.0,1.0,1.0,1.0,1.0,0.0
9002,0.43067655807339306,1.0,0.25,0.0,0.0,0.0,0.0,0.0,0.05,0.43067655807339306
9004,1.0,1.0,1.0,1.0,1.0,1.0,1.0,1.0,1.0,0.0
9009,1.0,1.0,1.0,0.6934264036172708,1.0,0.5,0.38685280723454163,0.5,0.5,0.3065735963827292
9011,0.3065735963827292,0.5,0.3333333333333333,0.38685280723454163,0.5,0.5,0.0,0.0,0.0,-0.08027921085181244
9013,0.0,0.0,0.02,0.0,0.0,0.045454545454545456,0.0,0.0,0.058823529411764705,0.0
9021,0.7653606369886217,0.6666666666666666,1.0,0.8529278650606567,1.0,1.0,0.8278123145308894,1.0,1.0,-0.08756722807203499
9022,0.3562071871080222,1.0,0.16666666666666666,0.0,0.0,0.0,0.0,0.0,0.08333333333333333,0.3562071871080222
9027,1.0,1.0,1.0,0.8175295903539445,1.0,1.0,0.38685280723454163,0.5,0.5,0.18247040964605554
9033,1.0,1.0,1.0,0.0,0.0,0.043478260869565216,0.0,0.0,0.09090909090909091,1.0
9035,0.9197207891481876,1.0,1.0,0.6509209298071326,1.0,0.5,0.6131471927654584,0.5,1.0,0.268799859341055
9036,0.9674679834891693,1.0,1.0,0.9060254355346823,1.0,1.0,0.5498407734605131,1.0,0.3333333333333333,0.061442547954487
904,0.0,0.0,0.023809523809523808,0.2890648263178879,1.0,0.1,0.0,0.0,0.011904761904761904,-0.2890648263178879
9055,1.0,1.0,1.0,0.6240505200038379,1.0,0.5,1.0,1.0,1.0,0.37594947999616213
9056,0.9325210919548239,1.0,1.0,0.6508205185601091,0.6666666666666666,1.0,0.6508205185601091,0.6666666666666666,1.0,0.28170057339471477
9063,0.9197207891481876,1.0,1.0,0.7977228895450266,1.0,1.0,0.8065735963827293,1.0,1.0,0.12199789960316099
9068,0.38685280723454163,1.0,0.2,0.0,0.0,0.043478260869565216,0.0,0.0,0.0,0.38685280723454163
9070,1.0,1.0,1.0,1.0,1.0,1.0,1.0,1.0,1.0,0.0
9073,1.0,1.0,1.0,1.0,1.0,1.0,0.0,0.0,0.03333333333333333,0.0
9080,1.0,1.0,1.0,0.0,0.0,0.07692307692307693,1.0,1.0,1.0,1.0
9081,0.38685280723454163,1.0,0.2,0.38685280723454163,1.0,0.2,0.0,0.0,0.0,0.0
9092,0.6309297535714575,1.0,0.5,1.0,1.0,1.0,1.0,1.0,1.0,-0.36907024642854247
9096,1.0,1.0,1.0,0.0,0.0,0.0,0.6052602440527057,1.0,0.5,1.0
9098,1.0,1.0,1.0,1.0,1.0,1.0,0.6309297535714575,1.0,0.5,0.0
9109,0.6309297535714575,1.0,0.5,0.6309297535714575,1.0,0.5,1.0,1.0,1.0,0.0
911,1.0,1.0,1.0,1.0,1.0,1.0,1.0,1.0,1.0,0.0
9113,0.9674679834891693,1.0,1.0,0.9217868789962071,1.0,1.0,0.40179981797758046,0.6666666666666666,0.3333333333333333,0.045681104492962143
9116,0.0,0.0,0.05263157894736842,0.43067655807339306,1.0,0.25,0.3010299956639812,1.0,0.1111111111111111,-0.43067655807339306
912,0.8772153153380493,1.0,1.0,0.48381288316677695,1.0,0.3333333333333333,0.8065735963827293,1.0,1.0,0.39340243217127235
9120,1.0,1.0,1.0,1.0,1.0,1.0,1.0,1.0,1.0,0.0
9121,1.0,1.0,1.0,0.9197207891481876,1.0,1.0,0.6131471927654584,0.5,1.0,0.08027921085181244
9124,0.6131471927654584,0.5,1.0,0.6131471927654584,0.5,1.0,1.0,1.0,1.0,0.0
9129,0.6131471927654584,0.5,1.0,0.19342640361727081,0.5,0.125,0.6131471927654584,0.5,1.0,0.41972078914818756
9130,1.0,1.0,1.0,0.6309297535714575,1.0,0.5,1.0,1.0,1.0,0.36907024642854247
9133,1.0,1.0,1.0,0.43067655807339306,1.0,0.25,0.5,1.0,0.3333333333333333,0.5693234419266069
9136,0.3551588773328819,0.6,0.25,0.14606834984270645,0.2,0.25,0.36005461457723403,0.4,0.5,0.20909052749017543
9138,1.0,1.0,1.0,1.0,1.0,1.0,1.0,1.0,1.0,0.0
9142,1.0,1.0,1.0,0.5714285040141098,1.0,0.5,1.0,1.0,1.0,0.42857149598589017
9145,0.38685280723454163,1.0,0.2,0.0,0.0,0.07692307692307693,0.0,0.0,0.047619047619047616,0.38685280723454163
9154,0.6309297535714575,1.0,0.5,0.0,0.0,0.0,0.31546487678572877,1.0,0.125,0.6309297535714575
9155,0.43067655807339306,1.0,0.25,1.0,1.0,1.0,0.31546487678572877,1.0,0.125,-0.5693234419266069
9156,1.0,1.0,1.0,0.9197207891481876,1.0,1.0,0.5109559939712153,1.0,0.3333333333333333,0.08027921085181244
9160,1.0,1.0,1.0,1.0,1.0,1.0,1.0,1.0,1.0,0.0
9161,1.0,1.0,1.0,1.0,1.0,1.0,0.9197207891481876,1.0,1.0,0.0
9171,0.9197207891481876,1.0,1.0,0.2640681225725909,0.5,0.25,0.5437713091520254,1.0,0.3333333333333333,0.6556526665755966
9186,1.0,1.0,1.0,0.0,0.0,0.0,1.0,1.0,1.0,1.0
9194,0.6131471927654584,0.5,1.0,0.0,0.0,0.0,0.23719771276929622,0.5,0.2,0.6131471927654584
9198,0.5437713091520254,1.0,0.3333333333333333,0.6131471927654584,0.5,1.0,0.0,0.0,0.034482758620689655,-0.06937588361343294
9206,0.9447176050778178,1.0,1.0,0.9709286432396583,1.0,1.0,0.9047172294870751,1.0,1.0,-0.02621103816184056
9210,1.0,1.0,1.0,1.0,1.0,1.0,1.0,1.0,1.0,0.0
9218,1.0,1.0,1.0,0.4367467095119258,0.6666666666666666,0.3333333333333333,0.5307212739772434,0.6666666666666666,0.5,0.5632532904880743
9233,0.6309297535714575,1.0,0.5,0.6309297535714575,1.0,0.5,0.6309297535714575,1.0,0.5,0.0
9237,0.6309297535714575,1.0,0.5,0.0,0.0,0.02127659574468085,0.0,0.0,0.0,0.6309297535714575
9240,1.0,1.0,1.0,0.5,1.0,0.3333333333333333,0.0,0.0,0.05263157894736842,0.5
926,1.0,1.0,1.0,1.0,1.0,1.0,1.0,1.0,1.0,0.0
9272,0.6309297535714575,1.0,0.5,1.0,1.0,1.0,0.6309297535714575,1.0,0.5,-0.36907024642854247
928,0.0,0.0,0.0,1.0,1.0,1.0,0.0,0.0,0.0,-1.0
9287,0.6309297535714575,1.0,0.5,0.43067655807339306,1.0,0.25,0.5,1.0,0.3333333333333333,0.20025319549806447
9289,0.32531670832675136,0.5,0.3333333333333333,0.7365896932159578,0.75,1.0,0.13905617951077562,0.25,0.16666666666666666,-0.41127298488920644
929,1.0,1.0,1.0,1.0,1.0,1.0,1.0,1.0,1.0,0.0
9290,1.0,1.0,1.0,0.0,0.0,0.0,1.0,1.0,1.0,1.0
9292,1.0,1.0,1.0,1.0,1.0,1.0,1.0,1.0,1.0,0.0
9295,0.8315546295836225,1.0,1.0,0.8503449055347546,1.0,1.0,1.0,1.0,1.0,-0.01879027595113214
9296,1.0,1.0,1.0,0.0,0.0,0.0,1.0,1.0,1.0,1.0
9298,1.0,1.0,1.0,0.0,0.0,0.0,0.0,0.0,0.0,1.0
9300,0.0,0.0,0.030303030303030304,0.0,0.0,0.06666666666666667,0.0,0.0,0.05,0.0
9302,0.6131471927654584,0.5,1.0,0.5437713091520254,1.0,0.3333333333333333,0.6131471927654584,0.5,1.0,0.06937588361343294
9303,0.6797310500037655,1.0,0.5,1.0,1.0,1.0,0.38364913903790027,0.6666666666666666,0.25,-0.32026894999623445
9308,0.0,0.0,0.07692307692307693,0.0,0.0,0.043478260869565216,0.31546487678572877,1.0,0.125,0.0
9320,1.0,1.0,1.0,1.0,1.0,1.0,1.0,1.0,1.0,0.0
9326,0.10778915452451093,0.16666666666666666,0.16666666666666666,0.0,0.0,0.09090909090909091,0.0,0.0,0.058823529411764705,0.10778915452451093
9334,1.0,1.0,1.0,0.6309297535714575,1.0,0.5,0.6309297535714575,1.0,0.5,0.36907024642854247
9338,1.0,1.0,1.0,0.5,1.0,0.3333333333333333,0.43067655807339306,1.0,0.25,0.5
9340,0.7328286204777911,1.0,0.5,0.9469024295259745,1.0,1.0,0.519301112470348,1.0,0.25,-0.2140738090481834
9349,0.6131471927654584,0.5,1.0,0.6131471927654584,0.5,1.0,0.6131471927654584,0.5,1.0,0.0
935,1.0,1.0,1.0,1.0,1.0,1.0,1.0,1.0,1.0,0.0
9354,0.2960819109658652,0.3333333333333333,0.5,0.0,0.0,0.058823529411764705,0.3379680345449381,0.6666666666666666,0.2,0.2960819109658652
9367,1.0,1.0,1.0,0.6934264036172708,1.0,0.5,0.9197207891481876,1.0,1.0,0.3065735963827292
9370,1.0,1.0,1.0,0.6309297535714575,1.0,0.5,1.0,1.0,1.0,0.36907024642854247
9380,0.5,1.0,0.3333333333333333,0.0,0.0,0.0,0.43067655807339306,1.0,0.25,0.5
9385,0.0,0.0,0.08333333333333333,0.0,0.0,0.016129032258064516,0.0,0.0,0.0,0.0
9388,0.19342640361727081,0.5,0.125,0.8315546295836225,1.0,1.0,0.0,0.0,0.0,-0.6381282259663517
9393,1.0,1.0,1.0,0.2890648263178879,1.0,0.1,0.0,0.0,0.07142857142857142,0.7109351736821121
9395,0.8065735963827293,1.0,1.0,0.0,0.0,0.05,0.8503449055347546,1.0,1.0,0.8065735963827293
940,1.0,1.0,1.0,1.0,1.0,1.0,0.0,0.0,0.015625,0.0
9406,1.0,1.0,1.0,1.0,1.0,1.0,0.0,0.0,0.01818181818181818,0.0
9407,1.0,1.0,1.0,0.0,0.0,0.05,0.0,0.0,0.05555555555555555,1.0
9412,0.6131471927654584,0.5,1.0,0.6052602440527057,1.0,0.5,0.6131471927654584,0.5,1.0,0.00788694871275264
9415,1.0,1.0,1.0,1.0,1.0,1.0,0.5,1.0,0.3333333333333333,0.0
9418,1.0,1.0,1.0,1.0,1.0,1.0,1.0,1.0,1.0,0.0
9424,0.6309297535714575,1.0,0.5,0.0,0.0,0.014492753623188406,0.0,0.0,0.0,0.6309297535714575
9427,0.0,0.0,0.01818181818181818,0.6309297535714575,1.0,0.5,0.2890648263178879,1.0,0.1,-0.6309297535714575
943,1.0,1.0,1.0,0.6309297535714575,1.0,0.5,0.6309297535714575,1.0,0.5,0.36907024642854247
9432,1.0,1.0,1.0,0.0,0.0,0.08333333333333333,0.0,0.0,0.0,1.0
9443,0.9060254355346823,1.0,1.0,0.6508205185601091,0.6666666666666666,1.0,0.6105456988825855,0.6666666666666666,1.0,0.25520491697457315
9451,0.3333333333333333,1.0,0.14285714285714285,0.0,0.0,0.0625,0.38685280723454163,1.0,0.2,0.3333333333333333
9455,1.0,1.0,1.0,0.8503449055347546,1.0,1.0,0.9197207891481876,1.0,1.0,0.1496550944652454
9457,0.9060254355346823,1.0,1.0,0.14126697285982898,0.3333333333333333,0.1111111111111111,0.0,0.0,0.03571428571428571,0.7647584626748534
9458,0.9197207891481876,1.0,1.0,0.6934264036172708,1.0,0.5,0.8065735963827293,1.0,1.0,0.22629438553091674
9462,1.0,1.0,1.0,1.0,1.0,1.0,1.0,1.0,1.0,0.0
9472,1.0,1.0,1.0,0.43067655807339306,1.0,0.25,1.0,1.0,1.0,0.5693234419266069
9476,0.31546487678572877,1.0,0.125,1.0,1.0,1.0,0.5,1.0,0.3333333333333333,-0.6845351232142712
9483,0.0,0.0,0.09090909090909091,0.43067655807339306,1.0,0.25,0.0,0.0,0.0,-0.43067655807339306
9491,0.6992148198508501,0.6,1.0,0.5531464700081437,0.4,1.0,0.6067795937417813,0.6,1.0,0.14606834984270645
9492,0.3065735963827292,0.5,0.3333333333333333,0.23719771276929622,0.5,0.2,0.18457569677956817,0.5,0.1111111111111111,0.06937588361343297
9496,1.0,1.0,1.0,0.43067655807339306,1.0,0.25,0.43067655807339306,1.0,0.25,0.5693234419266069
9497,1.0,1.0,1.0,0.4632423659320675,0.6666666666666666,0.5,0.6364391809889587,0.6666666666666666,1.0,0.5367576340679325
9498,0.23463936301137822,0.3333333333333333,0.3333333333333333,0.0,0.0,0.012048192771084338,0.0,0.0,0.0,0.23463936301137822
9505,1.0,1.0,1.0,0.3065735963827292,0.5,0.3333333333333333,0.3065735963827292,0.5,0.3333333333333333,0.6934264036172708
9506,1.0,1.0,1.0,1.0,1.0,1.0,1.0,1.0,1.0,0.0
9510,0.6309297535714575,1.0,0.5,1.0,1.0,1.0,0.5,1.0,0.3333333333333333,-0.36907024642854247
9513,0.7461976723150332,1.0,1.0,1.0,1.0,1.0,0.9060254355346823,1.0,1.0,-0.2538023276849668
9517,0.6309297535714575,1.0,0.5,0.3333333333333333,1.0,0.14285714285714285,0.5,1.0,0.3333333333333333,0.2975964202381242
9528,1.0,1.0,1.0,1.0,1.0,1.0,1.0,1.0,1.0,0.0
953,0.38685280723454163,0.5,0.5,0.0,0.0,0.0,0.0,0.0,0.09090909090909091,0.38685280723454163
9533,0.31546487678572877,1.0,0.125,0.0,0.0,0.01098901098901099,1.0,1.0,1.0,0.31546487678572877
9540,1.0,1.0,1.0,1.0,1.0,1.0,0.6309297535714575,1.0,0.5,0.0
9543,0.0,0.0,0.08333333333333333,0.0,0.0,0.0,0.0,0.0,0.0,0.0
9549,1.0,1.0,1.0,0.5,1.0,0.3333333333333333,0.6309297535714575,1.0,0.5,0.5
9551,0.5,1.0,0.3333333333333333,0.0,0.0,0.02631578947368421,1.0,1.0,1.0,0.5
9554,1.0,1.0,1.0,0.6131471927654584,0.5,1.0,0.7977228895450266,1.0,1.0,0.38685280723454163
9556,0.6131471927654584,0.5,1.0,0.0,0.0,0.043478260869565216,0.8772153153380493,1.0,1.0,0.6131471927654584
9564,0.5,1.0,0.3333333333333333,0.0,0.0,0.045454545454545456,0.0,0.0,0.0,0.5
9565,0.3903800499921017,0.25,1.0,0.5585075862632192,0.5,1.0,0.24630238874073,0.25,0.5,-0.16812753627111748
9570,0.8503449055347546,1.0,1.0,0.41443699955334395,1.0,0.2,0.38685280723454163,0.5,0.5,0.43590790598141066
9574,0.4632423659320675,0.6666666666666666,0.5,0.0,0.0,0.07692307692307693,0.0,0.0,0.058823529411764705,0.4632423659320675
958,0.6934264036172708,1.0,0.5,0.5109559939712153,1.0,0.3333333333333333,0.0,0.0,0.043478260869565216,0.18247040964605554
9596,0.9674679834891693,1.0,1.0,1.0,1.0,1.0,0.9010126104210695,1.0,1.0,-0.03253201651083071
9597,0.18457569677956817,0.5,0.1111111111111111,0.0,0.0,0.0,0.21840743681816419,0.5,0.16666666666666666,0.18457569677956817
9599,1.0,1.0,1.0,0.6542448095688422,0.75,1.0,0.8318724637288826,0.75,1.0,0.34575519043115777
960,0.4776237035032179,0.6666666666666666,0.5,1.0,1.0,1.0,0.3171937659698004,0.6666666666666666,0.2,-0.5223762964967821
9603,0.8987025955356565,0.875,1.0,0.7609409581533509,0.75,1.0,0.586202141404402,0.5,1.0,0.1377616373823055
9606,0.6238470455881188,0.5,1.0,0.2816249726597774,0.3333333333333333,0.3333333333333333,0.4034698846650846,0.3333333333333333,1.0,0.3422220729283414
9611,1.0,1.0,1.0,0.43067655807339306,1.0,0.25,0.6309297535714575,1.0,0.5,0.5693234419266069
9616,0.6309297535714575,1.0,0.5,1.0,1.0,1.0,0.0,0.0,0.0,-0.36907024642854247
9617,1.0,1.0,1.0,1.0,1.0,1.0,0.5,1.0,0.3333333333333333,0.0
9623,0.0,0.0,0.07142857142857142,0.6309297535714575,1.0,0.5,0.0,0.0,0.014084507042253521,-0.6309297535714575
9624,0.3333333333333333,1.0,0.14285714285714285,0.31546487678572877,1.0,0.125,0.5,1.0,0.3333333333333333,0.01786845654760455
9625,0.6309297535714575,1.0,0.5,0.2890648263178879,1.0,0.1,1.0,1.0,1.0,0.34186492725356965
9634,0.0,0.0,0.08333333333333333,0.0,0.0,0.058823529411764705,0.0,0.0,0.045454545454545456,0.0
9639,1.0,1.0,1.0,0.5,1.0,0.3333333333333333,1.0,1.0,1.0,0.5
9648,0.8065735963827293,1.0,1.0,0.0,0.0,0.0,0.7903864795495061,1.0,1.0,0.8065735963827293
9650,1.0,1.0,1.0,1.0,1.0,1.0,1.0,1.0,1.0,0.0
9655,1.0,1.0,1.0,0.31546487678572877,1.0,0.125,0.0,0.0,0.0625,0.6845351232142712
9656,0.6509209298071326,1.0,0.5,1.0,1.0,1.0,0.19342640361727081,0.5,0.125,-0.34907907019286744
9660,1.0,1.0,1.0,1.0,1.0,1.0,1.0,1.0,1.0,0.0
9661,0.8772153153380493,1.0,1.0,0.6131471927654584,0.5,1.0,1.0,1.0,1.0,0.26406812257259094
9662,1.0,1.0,1.0,0.6131471927654584,0.5,1.0,0.9197207891481876,1.0,1.0,0.38685280723454163
9663,0.8315546295836225,1.0,1.0,0.21840743681816419,0.5,0.16666666666666666,0.3065735963827292,0.5,0.3333333333333333,0.6131471927654583
9669,0.0,0.0,0.09090909090909091,0.5,1.0,0.3333333333333333,0.3562071871080222,1.0,0.16666666666666666,-0.5
9672,0.43067655807339306,1.0,0.25,0.0,0.0,0.047619047619047616,0.43067655807339306,1.0,0.25,0.43067655807339306
9686,1.0,1.0,1.0,0.6131471927654584,0.5,1.0,1.0,1.0,1.0,0.38685280723454163
9694,0.5,1.0,0.3333333333333333,1.0,1.0,1.0,1.0,1.0,1.0,-0.5
9695,1.0,1.0,1.0,0.0,0.0,0.04,0.6309297535714575,1.0,0.5,1.0
97,1.0,1.0,1.0,0.5,1.0,0.3333333333333333,1.0,1.0,1.0,0.5
970,1.0,1.0,1.0,1.0,1.0,1.0,0.5,1.0,0.3333333333333333,0.0
9705,0.43067655807339306,1.0,0.25,0.3333333333333333,1.0,0.14285714285714285,0.0,0.0,0.037037037037037035,0.09734322474005974
971,1.0,1.0,1.0,0.6309297535714575,1.0,0.5,1.0,1.0,1.0,0.36907024642854247
9711,1.0,1.0,1.0,0.8451850618939637,1.0,1.0,0.46927872602275644,0.3333333333333333,1.0,0.1548149381060363
9714,0.6309297535714575,1.0,0.5,0.6309297535714575,1.0,0.5,0.6309297535714575,1.0,0.5,0.0
9729,1.0,1.0,1.0,1.0,1.0,1.0,1.0,1.0,1.0,0.0
973,1.0,1.0,1.0,1.0,1.0,1.0,0.0,0.0,0.02702702702702703,0.0
9732,1.0,1.0,1.0,0.0,0.0,0.0,1.0,1.0,1.0,1.0
9735,1.0,1.0,1.0,0.0,0.0,0.08333333333333333,1.0,1.0,1.0,1.0
9740,0.3010299956639812,1.0,0.1111111111111111,0.0,0.0,0.0,0.0,0.0,0.0,0.3010299956639812
9745,0.0,0.0,0.03225806451612903,0.0,0.0,0.03333333333333333,0.3562071871080222,1.0,0.16666666666666666,0.0
9752,0.43067655807339306,1.0,0.25,1.0,1.0,1.0,0.0,0.0,0.043478260869565216,-0.5693234419266069
976,1.0,1.0,1.0,0.0,0.0,0.08333333333333333,0.43067655807339306,1.0,0.25,1.0
9769,1.0,1.0,1.0,1.0,1.0,1.0,0.2640681225725909,0.5,0.25,0.0
9772,1.0,1.0,1.0,1.0,1.0,1.0,0.0,0.0,0.0,0.0
9781,0.0,0.0,0.024390243902439025,0.19342640361727081,0.5,0.125,0.0,0.0,0.047619047619047616,-0.19342640361727081
9789,0.8772153153380493,1.0,1.0,0.5912352048230277,1.0,0.5,1.0,1.0,1.0,0.2859801105150216
979,1.0,1.0,1.0,0.43067655807339306,1.0,0.25,0.0,0.0,0.016129032258064516,0.5693234419266069
9796,0.0,0.0,0.06666666666666667,0.0,0.0,0.0,0.0,0.0,0.010638297872340425,0.0
9797,1.0,1.0,1.0,0.0,0.0,0.0,0.38685280723454163,1.0,0.2,1.0
9798,0.8899603164338973,1.0,1.0,0.5868769423506482,1.0,0.3333333333333333,0.25190132085971084,0.5,0.16666666666666666,0.30308337408324904
98,0.0,0.0,0.0,0.0,0.0,0.0,0.0,0.0,0.0,0.0
9802,0.43067655807339306,1.0,0.25,1.0,1.0,1.0,1.0,1.0,1.0,-0.5693234419266069
981,1.0,1.0,1.0,1.0,1.0,1.0,0.6309297535714575,1.0,0.5,0.0
9818,1.0,1.0,1.0,1.0,1.0,1.0,0.6934264036172708,1.0,0.5,0.0
9829,1.0,1.0,1.0,0.448643819352159,1.0,0.25,0.8175295903539445,1.0,1.0,0.551356180647841
9843,0.6934264036172708,1.0,0.5,0.45749452618986164,1.0,0.25,0.0,0.0,0.0625,0.23593187742740918
9852,0.31834121936641585,0.5,0.3333333333333333,0.0,0.0,0.07142857142857142,0.0,0.0,0.015873015873015872,0.31834121936641585
9853,0.0,0.0,0.01639344262295082,0.0,0.0,0.05555555555555555,0.0,0.0,0.023809523809523808,0.0
9857,0.4637257479802832,0.75,0.3333333333333333,0.0,0.0,0.05,0.32531670832675136,0.5,0.3333333333333333,0.4637257479802832
9866,1.0,1.0,1.0,0.8772153153380493,1.0,1.0,0.9197207891481876,1.0,1.0,0.1227846846619507
987,0.23463936301137822,0.3333333333333333,0.3333333333333333,0.0,0.0,0.0,0.0,0.0,0.023809523809523808,0.23463936301137822
9870,0.43067655807339306,1.0,0.25,0.0,0.0,0.0,0.0,0.0,0.05263157894736842,0.43067655807339306
9874,1.0,1.0,1.0,0.3562071871080222,1.0,0.16666666666666666,0.38685280723454163,1.0,0.2,0.6437928128919779
9879,0.6934264036172708,1.0,0.5,0.4227898344066503,1.0,0.16666666666666666,0.21840743681816419,0.5,0.16666666666666666,0.2706365692106205
9885,1.0,1.0,1.0,0.0,0.0,0.03333333333333333,1.0,1.0,1.0,1.0
9890,0.9427731067700877,1.0,1.0,0.7227265726449519,0.6,1.0,0.7864489426433972,0.8,1.0,0.22004653412513586
9891,0.17723928678404774,0.5,0.1,0.6131471927654584,0.5,1.0,0.6131471927654584,0.5,1.0,-0.4359079059814106
9892,0.0,0.0,0.07142857142857142,0.0,0.0,0.0,0.38685280723454163,1.0,0.2,0.0
9899,1.0,1.0,1.0,0.6240505200038379,1.0,0.5,0.6131471927654584,0.5,1.0,0.37594947999616213
9901,1.0,1.0,1.0,1.0,1.0,1.0,1.0,1.0,1.0,0.0
9903,0.0,0.0,0.037037037037037035,0.0,0.0,0.07142857142857142,0.0,0.0,0.015151515151515152,0.0
9905,0.21840743681816419,0.5,0.16666666666666666,0.0,0.0,0.0,0.0,0.0,0.012987012987012988,0.21840743681816419
9906,1.0,1.0,1.0,0.6309297535714575,1.0,0.5,1.0,1.0,1.0,0.36907024642854247
9919,0.7653606369886217,0.6666666666666666,1.0,0.7653606369886217,0.6666666666666666,1.0,0.6005491084563833,1.0,0.5,0.0
9926,1.0,1.0,1.0,0.6131471927654584,0.5,1.0,0.6131471927654584,0.5,1.0,0.38685280723454163
9932,0.38685280723454163,0.5,0.5,0.3065735963827292,0.5,0.3333333333333333,0.23719771276929622,0.5,0.2,0.08027921085181244
9945,1.0,1.0,1.0,0.0,0.0,0.037037037037037035,1.0,1.0,1.0,1.0
9950,0.6131471927654584,0.5,1.0,0.0,0.0,0.0,0.6131471927654584,0.5,1.0,0.6131471927654584
9952,1.0,1.0,1.0,1.0,1.0,1.0,0.5,1.0,0.3333333333333333,0.0
9960,1.0,1.0,1.0,0.38685280723454163,1.0,0.2,1.0,1.0,1.0,0.6131471927654584
9965,1.0,1.0,1.0,1.0,1.0,1.0,0.9197207891481876,1.0,1.0,0.0
9966,0.2640681225725909,0.5,0.25,0.0,0.0,0.07142857142857142,0.0,0.0,0.030303030303030304,0.2640681225725909
9970,0.8503449055347546,1.0,1.0,0.6131471927654584,0.5,1.0,0.18457569677956817,0.5,0.1111111111111111,0.23719771276929624
9972,0.9197207891481876,1.0,1.0,0.8503449055347546,1.0,1.0,0.23719771276929622,0.5,0.2,0.06937588361343294
9977,0.0,0.0,0.0,0.0,0.0,0.0,0.0,0.0,0.025,0.0
9978,0.33424620450682646,0.5,0.3333333333333333,0.0,0.0,0.05263157894736842,0.0,0.0,0.05555555555555555,0.33424620450682646
9979,0.6934264036172708,1.0,0.5,0.46845052016107697,1.0,0.25,0.0,0.0,0.058823529411764705,0.22497588345619385
9982,1.0,1.0,1.0,0.8315546295836225,1.0,1.0,1.0,1.0,1.0,0.16844537041637753
9987,1.0,1.0,1.0,1.0,1.0,1.0,1.0,1.0,1.0,0.0
9997,0.6131471927654584,0.5,1.0,0.0,0.0,0.07142857142857142,0.6131471927654584,0.5,1.0,0.6131471927654584
